year,boatType,bib,classID,place,time,overall,byBoat,byClass,byYrOver,byYrClass,byYrBoat,courseID,notes,personId,displayName,sortName,city,state,country,teamName,status
2014,Canoe,P21,oc2pro,1,25899,1,1,1,1,1,1,susquehanna70,Mens Under 50,blaisgu01,Guillame Blais,Blais Guillame,St Boniface,QC,CAN,NA,NA
2014,Canoe,P21,oc2pro,1,25899,1,1,1,1,1,1,susquehanna70,Mens Under 50,pellerma01,Mathieu Pellerin,Pellerin Mathieu,Shawinigan,QC,CAN,NA,NA
2014,Canoe,P14,oc2pro,2,25900,2,2,2,2,2,2,susquehanna70,Mens Under 50,stpiema01,Mathieu St-Pierre,St-Pierre Mathieu,Shawinigam,QC,CAN,NA,NA
2014,Canoe,P14,oc2pro,2,25900,2,2,2,2,2,2,susquehanna70,Mens Under 50,halstery01,Ryan Halstead,Halstead Ryan,Grayling,MI,USA,NA,NA
2014,Canoe,P27,oc2pro,3,26052,3,3,3,3,3,3,susquehanna70,Mens Under 50,trieboan01,Andy Triebold,Triebold Andy,Grayling,MI,USA,NA,NA
2014,Canoe,P27,oc2pro,3,26052,3,3,3,3,3,3,susquehanna70,Mens Under 50,frigonsa01,Samuel Frigon,Frigon Samuel,St-Bonifance De Shawinigan,QC,CAN,NA,NA
2019,Canoe,P32,oc2pro,1,26123,4,4,4,1,1,1,susquehanna70,NA,lajoiest01,Steve Lajoie,Lajoie Steve,Mirabel,QC,CAN,NA,NA
2019,Canoe,P32,oc2pro,1,26123,4,4,4,1,1,1,susquehanna70,NA,pellerja01,Jimmy Pellerin,Pellerin Jimmy,Saint-étienne-des-grès,QC,CAN,NA,NA
2025,Canoe,P39,oc2pro,1,26166,5,5,5,1,1,1,susquehanna70,NA,davismi01,Michael Davis,Davis Michael,Homer,MI,USA,NA,NA
2025,Canoe,P39,oc2pro,1,26166,5,5,5,1,1,1,susquehanna70,NA,blaisgu01,Guillaume Blais,Blais Guillaume,St Boniface,QC,CAN,NA,NA
2025,Canoe,P8,oc2pro,2,26237,6,6,6,2,2,2,susquehanna70,NA,deanwe01,Wesley Dean,Dean Wesley,Traverse City,MI,USA,NA,NA
2025,Canoe,P8,oc2pro,2,26237,6,6,6,2,2,2,susquehanna70,NA,mynarlo01,Logan Mynar,Mynar Logan,New Braunfels,TX,USA,NA,NA
2019,Canoe,P5,oc2pro,2,26246,7,7,7,2,2,2,susquehanna70,NA,schlimbe01,Benedict Schlimmer,Schlimmer Benedict,Camillus,NY,USA,NA,NA
2019,Canoe,P5,oc2pro,2,26246,7,7,7,2,2,2,susquehanna70,NA,lefevetr01,Trevor LeFever,LeFever Trevor,Oneonta,NY,USA,NA,NA
2019,Canoe,P13,oc2pro,3,26247,8,8,8,3,3,3,susquehanna70,NA,frigonsa01,Samuel Frigon,Frigon Samuel,St-Étienne Des Grès,QC,CAN,NA,NA
2019,Canoe,P13,oc2pro,3,26247,8,8,8,3,3,3,susquehanna70,NA,blaisgu01,Guillaume Blais,Blais Guillaume,St Boniface,QC,CAN,NA,NA
2025,Canoe,P26,oc2pro,3,26262,9,9,9,3,3,3,susquehanna70,NA,meckletr01,Travis Mecklenburg,Mecklenburg Travis,Grayling,MI,USA,NA,NA
2025,Canoe,P26,oc2pro,3,26262,9,9,9,3,3,3,susquehanna70,NA,willouwe01,Weston Willoughby,Willoughby Weston,Traverse City,MI,USA,NA,NA
2014,Canoe,P25,oc2pro,4,26337,10,10,10,4,4,4,susquehanna70,Mens Under 50,NA,Christopher Proulx,Proulx Christopher,Shawinigan,QC,CAN,NA,NA
2014,Canoe,P25,oc2pro,4,26337,10,10,10,4,4,4,susquehanna70,Mens Under 50,waltonni01,Nick Walton,Walton Nick,Grayling,MI,USA,NA,NA
2019,Canoe,P42,oc2pro,4,26372,11,11,11,4,4,4,susquehanna70,NA,mainguno01,normand Mainguy,Mainguy normand,Notre Dame de Pontmain,QC,CAN,NA,NA
2019,Canoe,P42,oc2pro,4,26372,11,11,11,4,4,4,susquehanna70,NA,corbinse01,Serge Corbin,Corbin Serge,St-Boniface,QC,CAN,NA,NA
2014,Canoe,P7,oc2pro,5,26404,12,12,12,5,5,5,susquehanna70,Mens Under 50,davismi01,Michael Davis,Davis Michael,Homer,MI,USA,NA,NA
2014,Canoe,P7,oc2pro,5,26404,12,12,12,5,5,5,susquehanna70,Mens Under 50,meadpe01,Pete Mead,Mead Pete,Traverse City,MI,USA,NA,NA
2025,Canoe,P44,oc2pro,4,26407,13,13,13,4,4,4,susquehanna70,NA,issendch01,Chris Issendorf,Issendorf Chris,New Braunfels ,TX,USA,NA,NA
2025,Canoe,P44,oc2pro,4,26407,13,13,13,4,4,4,susquehanna70,NA,proulxch01,Christophe Proulx,Proulx Christophe,Shawinigan,QC,CAN,NA,NA
2014,Canoe,P22,oc2pro,6,26426,14,14,14,6,6,6,susquehanna70,Mens Under 50,pellerja01,Jim Pellerin,Pellerin Jim,Shawinigan-Sud,QC,CAN,NA,NA
2014,Canoe,P22,oc2pro,6,26426,14,14,14,6,6,6,susquehanna70,Mens Under 50,pellerto01,Tom Pellerin,Pellerin Tom,Shawinigan-Sud,QC,CAN,NA,NA
2019,Canoe,P24,oc2pro,5,26435,15,15,15,5,5,5,susquehanna70,NA,NA,Graham Smith,Smith Graham,Saskatoon,SK,CAN,NA,NA
2019,Canoe,P24,oc2pro,5,26435,15,15,15,5,5,5,susquehanna70,NA,macdowsh01,Shane MacDowell,MacDowell Shane,Lake Placid,NY,USA,NA,NA
2025,Canoe,P28,oc2pro,5,26451,16,16,16,5,5,5,susquehanna70,NA,zaverary01,Ryan Zaveral,Zaveral Ryan,Grayling ,MI,USA,ZRE,NA
2025,Canoe,P28,oc2pro,5,26451,16,16,16,5,5,5,susquehanna70,NA,trudgeda01,Dane Trudgeon,Trudgeon Dane,East Lansing,MI,USA,ZRE,NA
2014,Canoe,P15,oc2pro,7,26480,17,17,17,7,7,7,susquehanna70,Mens Under 50,roussegu01,Guy Rousseau,Rousseau Guy,Trois-Rivieres,QC,CAN,NA,NA
2014,Canoe,P15,oc2pro,7,26480,17,17,17,7,7,7,susquehanna70,Mens Under 50,armstrpa01,Patrick Armstrong,Armstrong Patrick,Lac-A-La-Tortue,QC,CAN,NA,NA
2025,Canoe,O4,oc4unlimited,1,26501,18,18,1,6,1,6,susquehanna70,NA,friesmi01,Mike Fries,Fries Mike,Canandaigua,NY,USA,Delta Forge,NA
2025,Canoe,O4,oc4unlimited,1,26501,18,18,1,6,1,6,susquehanna70,NA,NA,Jim Terrell,Terrell Jim,Costa Mesa,CA,USA,Delta Forge,NA
2025,Canoe,O4,oc4unlimited,1,26501,18,18,1,6,1,6,susquehanna70,NA,schlimma01,Mary Schlimmer-Willoughby,Schlimmer-Willoughby Mary,Traverse City,MI,USA,Delta Forge,NA
2025,Canoe,O4,oc4unlimited,1,26501,18,18,1,6,1,6,susquehanna70,NA,olneypa01,Paul Olney,Olney Paul,Westernville,NY,USA,Delta Forge,NA
2014,Canoe,P35,oc2pro,8,26536,19,19,18,8,8,8,susquehanna70,Mens Under 50,schlimbe01,Benedict Schlimmer,Schlimmer Benedict,Cortland,NY,USA,NA,NA
2014,Canoe,P35,oc2pro,8,26536,19,19,18,8,8,8,susquehanna70,Mens Under 50,schlimmi01,Michael Schlimmer,Schlimmer Michael,Cortland,NY,USA,NA,NA
2014,Canoe,B1,oc4stock,1,26543,20,20,1,9,1,9,susquehanna70,NA,bartonbr01,Bruce Barton,Barton Bruce,Homer,MI,USA,NA,NA
2014,Canoe,B1,oc4stock,1,26543,20,20,1,9,1,9,susquehanna70,NA,meersmma01,Matt Meersman,Meersman Matt,South Bend,IN,USA,NA,NA
2014,Canoe,B1,oc4stock,1,26543,20,20,1,9,1,9,susquehanna70,NA,bartonro01,Roxanne Barton,Barton Roxanne,Homer,MI,USA,NA,NA
2014,Canoe,B1,oc4stock,1,26543,20,20,1,9,1,9,susquehanna70,NA,trieboti01,Tim Triebold,Triebold Tim,Spring Arbor,MI,USA,NA,NA
2025,Canoe,O2,oc4unlimited,2,26560,21,21,2,7,2,7,susquehanna70,NA,lyesiubr01,Brent Lyesiuk,Lyesiuk Brent,Orange,MA,USA,ZRE,NA
2025,Canoe,O2,oc4unlimited,2,26560,21,21,2,7,2,7,susquehanna70,NA,wernerer01,Erik Werner,Werner Erik,Philadelphia,PA,USA,ZRE,NA
2025,Canoe,O2,oc4unlimited,2,26560,21,21,2,7,2,7,susquehanna70,NA,youngjo01,John Young,Young John,Richmondville ,NY,USA,ZRE,NA
2025,Canoe,O2,oc4unlimited,2,26560,21,21,2,7,2,7,susquehanna70,NA,zaverabo01,Bob Zaveral,Zaveral Bob,Mount Upton,NY,USA,ZRE,NA
2014,Canoe,P29,oc2pro,9,26589,22,22,19,10,9,10,susquehanna70,Mens Under 50,shaveral01,Al Shaver Jr.,Shaver Jr. Al,Meridale,NY,USA,NA,NA
2014,Canoe,P29,oc2pro,9,26589,22,22,19,10,9,10,susquehanna70,Mens Under 50,lefevetr01,Trevor Lefever,Lefever Trevor,Unadilla,NY,USA,NA,NA
2025,Canoe,P33,oc2pro,6,26603,23,23,20,8,6,8,susquehanna70,NA,charetch01,Christian Charette,Charette Christian,St-Boniface,QC,CAN,NA,NA
2025,Canoe,P33,oc2pro,6,26603,23,23,20,8,6,8,susquehanna70,NA,prunealo01,Louis-Simon Pruneau,Pruneau Louis-Simon,Shawinigan ,QC,CAN,NA,NA
2019,Canoe,P1,oc2pro,6,26664,24,24,21,6,6,6,susquehanna70,NA,stonehky01,Kyle Stonehouse,Stonehouse Kyle,Grayling,MI,USA,NA,NA
2019,Canoe,P1,oc2pro,6,26664,24,24,21,6,6,6,susquehanna70,NA,davismi01,Michael Davis,Davis Michael,Homer,MI,USA,NA,NA
2019,Canoe,P7,oc2pro,7,26742,25,25,22,7,7,7,susquehanna70,NA,deanwe01,Wes Dean,Dean Wes,Grayling,MI,USA,NA,NA
2019,Canoe,P7,oc2pro,7,26742,25,25,22,7,7,7,susquehanna70,NA,mynarlo01,Logan Mynar,Mynar Logan,San Antonio,TX,USA,NA,NA
2014,Canoe,P5,oc2pro,10,26785,26,26,23,11,10,11,susquehanna70,Mens Under 50,lauthri01,Rich Lauth,Lauth Rich,Grosse Ile,MI,USA,NA,NA
2014,Canoe,P5,oc2pro,10,26785,26,26,23,11,10,11,susquehanna70,Mens Under 50,hillta01,Tad Hill,Hill Tad,Livonia,MI,USA,NA,NA
2014,Canoe,P10,oc2pro,11,26825,27,27,24,12,11,12,susquehanna70,Mens Under 50,personda01,Dale Persons,Persons Dale,Unadilla,NY,USA,NA,NA
2014,Canoe,P10,oc2pro,11,26825,27,27,24,12,11,12,susquehanna70,Mens Under 50,gillesma01,Marc Gillespie,Gillespie Marc,Rochester,NY,USA,NA,NA
2014,Canoe,P23,oc2pro,12,26842,28,28,25,13,12,13,susquehanna70,Mens Under 50,gelinaad01,Adam Gelinas,Gelinas Adam,Leominster,MA,USA,NA,NA
2014,Canoe,P23,oc2pro,12,26842,28,28,25,13,12,13,susquehanna70,Mens Under 50,lyesiubr01,Brent Lyesiuk,Lyesiuk Brent,Orange,MA,USA,NA,NA
2025,Canoe,P56,oc2pro,7,26842,29,29,26,9,7,9,susquehanna70,NA,mynarky01,Kyle Mynar,Mynar Kyle,San Marcos,TX,USA,NA,NA
2019,Canoe,P21,oc2pro,8,26893,30,30,27,8,8,8,susquehanna70,NA,quesnepi01,Pierre-Olivier Quesnel,Quesnel Pierre-Olivier,Laval,QC,CAN,NA,NA
2019,Canoe,P21,oc2pro,8,26893,30,30,27,8,8,8,susquehanna70,NA,zaverary01,Ryan Zaveral,Zaveral Ryan,Oneonta,NY,USA,NA,NA
2014,Canoe,P28,oc2pro,13,26937,31,31,28,14,13,14,susquehanna70,Mens 50 & Over,leebr01,Bruce Lee,Lee Bruce,Port Crane,NY,USA,NA,NA
2014,Canoe,P28,oc2pro,13,26937,31,31,28,14,13,14,susquehanna70,Mens 50 & Over,partrijo01,John Partridge,Partridge John,Unadilla,NY,USA,NA,NA
2017,Canoe,P25,oc2pro,1,26970,32,32,29,1,1,1,susquehanna70,NA,lajoiest01,Steve Lajoie,Lajoie Steve,Mirabel,QC,CAN,NA,NA
2017,Canoe,P25,oc2pro,1,26970,32,32,29,1,1,1,susquehanna70,NA,blaisgu01,Guillaume Blais,Blais Guillaume,St Boniface,QC,CAN,NA,NA
2018,Canoe,P25,oc2pro,1,27011,33,33,30,1,1,1,susquehanna70,NA,lajoiest01,Steve Lajoie,Lajoie Steve,Mirabel,QC,CAN,NA,NA
2018,Canoe,P25,oc2pro,1,27011,33,33,30,1,1,1,susquehanna70,NA,trieboan01,Andy Triebold,Triebold Andy,Grayling,MI,USA,NA,NA
2025,Canoe,P46,oc2pro,8,27019,34,34,31,10,8,10,susquehanna70,NA,stepkary01,Ryan Stepka,Stepka Ryan,Cantley,QC,CAN,Fog Wild,NA
2025,Canoe,P46,oc2pro,8,27019,34,34,31,10,8,10,susquehanna70,NA,bartonre01,Rebecca Davis,Davis Rebecca,Homer,MI,USA,Fog Wild,NA
2025,Canoe,P22,oc2pro,9,27127,35,35,32,11,9,11,susquehanna70,NA,meadpe01,Peter Mead,Mead Peter,Traverse City ,MI,USA,NA,NA
2025,Canoe,P22,oc2pro,9,27127,35,35,32,11,9,11,susquehanna70,NA,issendky01,Kyle Issendorf,Issendorf Kyle,New Braunfels,TX,USA,NA,NA
2025,Canoe,P2,oc2pro,10,27151,36,36,33,12,10,12,susquehanna70,NA,medinato01,Danny Medina,Medina Danny,Roscommon,MI,USA,All grit,NA
2025,Canoe,P2,oc2pro,10,27151,36,36,33,12,10,12,susquehanna70,NA,buggece01,Cecili Bugge,Bugge Cecili,Roscommon,MI,USA,All grit,NA
2019,Kayak,KL10,k1unlimited,1,27183,37,1,1,9,1,1,susquehanna70,NA,skeelsma01,Matt Skeels,Skeels Matt,Canton,NY,USA,NA,NA
2019,Canoe,P18,oc2pro,9,27204,38,37,34,10,9,9,susquehanna70,NA,gelinaad01,Adam Gelinas,Gelinas Adam,Leominster,MA,USA,NA,NA
2019,Canoe,P18,oc2pro,9,27204,38,37,34,10,9,9,susquehanna70,NA,maddenpa01,Patrick Madden,Madden Patrick,Scotia,NY,USA,NA,NA
2014,Canoe,P17,oc2pro,14,27235,39,38,35,15,14,15,susquehanna70,Mens Under 50,henryda01,Dana Henry,Henry Dana,Plymouth,MN,USA,NA,NA
2014,Canoe,P17,oc2pro,14,27235,39,38,35,15,14,15,susquehanna70,Mens Under 50,macdowsh01,Shane Macdowell,Macdowell Shane,South Portland,ME,USA,NA,NA
2019,Canoe,P38,oc2pro,10,27248,40,39,36,11,10,10,susquehanna70,NA,carriere01,Real Carriere,Carriere Real,Winnipeg,MB,CAN,NA,NA
2019,Canoe,P38,oc2pro,10,27248,40,39,36,11,10,10,susquehanna70,NA,mynarky01,Kyle Mynar,Mynar Kyle,Spring Branch,TX,USA,NA,NA
2025,Canoe,P43,oc2pro,11,27293,41,40,37,13,11,13,susquehanna70,NA,chambeev01,Eve Chamberland,Chamberland Eve,Shawinigan,QC,CAN,Rubber duckies ????,NA
2025,Canoe,P43,oc2pro,11,27293,41,40,37,13,11,13,susquehanna70,NA,schlimmi01,Michael Schlimmer,Schlimmer Michael,Cortland,NY,USA,Rubber duckies ????,NA
2025,Canoe,P35,oc2pro,12,27313,42,41,38,14,12,14,susquehanna70,NA,NA,Richard Lauth,Lauth Richard,Grosse Ile ,MI,USA,Team Sasquatch,NA
2025,Canoe,P35,oc2pro,12,27313,42,41,38,14,12,14,susquehanna70,NA,vanderno01,Noah Vanderveen,Vanderveen Noah,Tawas,MI,USA,Team Sasquatch,NA
2018,Canoe,P52,oc2pro,2,27327,43,42,39,2,2,2,susquehanna70,NA,corbinse01,Serge Corbin,Corbin Serge,Lac A La Tortue,QC,CAN,NA,NA
2018,Canoe,P52,oc2pro,2,27327,43,42,39,2,2,2,susquehanna70,NA,blaisgu01,Guillaume Blais,Blais Guillaume,St Boniface,QC,CAN,NA,NA
2018,Canoe,P50,oc2pro,3,27330,44,43,40,3,3,3,susquehanna70,NA,lefevetr01,Trevor LeFever,LeFever Trevor,Oneonta,NY,USA,NA,NA
2018,Canoe,P50,oc2pro,3,27330,44,43,40,3,3,3,susquehanna70,NA,schlimbe01,Benedict Schlimmer,Schlimmer Benedict,Oneonta,NY,USA,NA,NA
2014,Canoe,P26,oc2pro,15,27336,45,44,41,16,15,16,susquehanna70,Mens 50 & Over,shultije01,Jeff Shultis,Shultis Jeff,Otego,NY,USA,NA,NA
2014,Canoe,P26,oc2pro,15,27336,45,44,41,16,15,16,susquehanna70,Mens 50 & Over,harrisla01,Larry Harrison,Harrison Larry,West Oneonta,NY,USA,NA,NA
2025,Canoe,P7,oc2pro,13,27352,46,45,42,15,13,15,susquehanna70,NA,gelinaad01,Adam Gelinas,Gelinas Adam,Leominster,MA,USA,NA,NA
2025,Canoe,P7,oc2pro,13,27352,46,45,42,15,13,15,susquehanna70,NA,lessarsa01,Sarah Lessard,Lessard Sarah,Les Cedres,QC,CAN,NA,NA
2017,Canoe,P30,oc2pro,2,27384,47,46,43,2,2,2,susquehanna70,NA,schlimbe01,Benedict Schlimmer,Schlimmer Benedict,Oneonta,NY,USA,NA,NA
2017,Canoe,P30,oc2pro,2,27384,47,46,43,2,2,2,susquehanna70,NA,lefevetr01,Trevor LeFever,LeFever Trevor,Oneonta,NY,USA,NA,NA
2014,Canoe,P20,oc2pro,16,27385,48,47,44,17,16,17,susquehanna70,Mens Under 50,marshas01,Ashley Marsh,Marsh Ashley,Mio,MI,USA,NA,NA
2014,Canoe,P20,oc2pro,16,27385,48,47,44,17,16,17,susquehanna70,Mens Under 50,wilsonbr01,Brad Wilson,Wilson Brad,Rockford,MI,USA,NA,NA
2014,Canoe,P32,oc2pro,17,27387,49,48,45,18,17,18,susquehanna70,Mixed,casabomi01,Michel Casabon,Casabon Michel,Grand-Mere,QC,CAN,NA,NA
2014,Canoe,P32,oc2pro,17,27387,49,48,45,18,17,18,susquehanna70,Mixed,lessarsa01,Sarah Lessard,Lessard Sarah,Les Cedres,QC,CAN,NA,NA
2025,Canoe,P16,oc2pro,14,27387,50,49,46,16,14,16,susquehanna70,NA,bellemvi01,Vincent Bellemare,Bellemare Vincent,Shawinigan,QC,CAN,Bellemare/Flageole,NA
2025,Canoe,P16,oc2pro,14,27387,50,49,46,16,14,16,susquehanna70,NA,flageore01,Renaud Flageole,Flageole Renaud,Shawinigan,QC,CAN,Bellemare/Flageole,NA
2014,Canoe,B6,oc4stock,2,27409,51,50,2,19,2,19,susquehanna70,NA,peritoca01,Carina Peritore,Peritore Carina,Centerbrook,CT,USA,NA,NA
2014,Canoe,B6,oc4stock,2,27409,51,50,2,19,2,19,susquehanna70,NA,apreaga01,Gary Aprea,Aprea Gary,Austerlitz,NY,USA,NA,NA
2014,Canoe,B6,oc4stock,2,27409,51,50,2,19,2,19,susquehanna70,NA,wesleygl01,Gloria Wesley,Wesley Gloria,Pittsfield,MA,USA,NA,NA
2014,Canoe,B6,oc4stock,2,27409,51,50,2,19,2,19,susquehanna70,NA,mildreke01,Keith Mildren,Mildren Keith,Turner Falls,MA,USA,NA,NA
2019,Canoe,P12,oc2pro,11,27446,52,51,47,12,11,11,susquehanna70,NA,schlimma01,Mary Schlimmer,Schlimmer Mary,Cortland,NY,USA,NA,NA
2019,Canoe,P12,oc2pro,11,27446,52,51,47,12,11,11,susquehanna70,NA,schlimmi01,Michael Schlimmer,Schlimmer Michael,Cortland,NY,USA,NA,NA
2025,Canoe,P57,oc2pro,15,27462,53,52,48,17,15,17,susquehanna70,NA,NA,Dave Smith,Smith Dave,Gaylord,MI,USA,NA,NA
2025,Canoe,P57,oc2pro,15,27462,53,52,48,17,15,17,susquehanna70,NA,quesnepi01,Pierre-Olivier Quesnel,Quesnel Pierre-Olivier,Piedmont,QC,CAN,NA,NA
2019,Canoe,B3,oc4stock,1,27465,54,53,3,13,1,12,susquehanna70,NA,bartonbr01,Bruce Barton,Barton Bruce,Homer,MI,USA,NA,NA
2019,Canoe,B3,oc4stock,1,27465,54,53,3,13,1,12,susquehanna70,NA,bartonro01,Roxanne Barton,Barton Roxanne,Homer,MI,USA,NA,NA
2019,Canoe,B3,oc4stock,1,27465,54,53,3,13,1,12,susquehanna70,NA,willouwe01,Weston Willoughby,Willoughby Weston,Homer,MI,USA,NA,NA
2019,Canoe,B3,oc4stock,1,27465,54,53,3,13,1,12,susquehanna70,NA,trieboti01,Tim Triebold,Triebold Tim,Grayling,MI,USA,NA,NA
2014,Canoe,P13,oc2pro,18,27473,55,54,49,20,18,20,susquehanna70,Mens Under 50,mynarky01,Kyle Mynar,Mynar Kyle,San Marcos,TX,USA,NA,NA
2014,Canoe,P13,oc2pro,18,27473,55,54,49,20,18,20,susquehanna70,Mens Under 50,mynarlo01,Logan Mynar,Mynar Logan,San Marcos,TX,USA,NA,NA
2014,Canoe,P16,oc2pro,19,27502,56,55,50,21,19,21,susquehanna70,Mens Under 50,landicco01,Connor Landick,Landick Connor,Marquette,MI,USA,NA,NA
2014,Canoe,P16,oc2pro,19,27502,56,55,50,21,19,21,susquehanna70,Mens Under 50,landicst01,Steve Landick,Landick Steve,Marquette,MI,USA,NA,NA
2014,Canoe,P9,oc2pro,20,27512,57,56,51,22,20,22,susquehanna70,Mixed,NA,Sylvie Naeveau,Naeveau Sylvie,St Jerome,QC,CAN,NA,NA
2014,Canoe,P9,oc2pro,20,27512,57,56,51,22,20,22,susquehanna70,Mixed,sheldoti01,Tim Sheldon,Sheldon Tim,Grayling,MI,USA,NA,NA
2014,Canoe,S8,oc1pro,1,27533,58,57,1,23,1,23,susquehanna70,NA,lajoiest01,Steve Lajoie,Lajoie Steve,Mirabel,QC,CAN,NA,NA
2017,Canoe,P11,oc2pro,3,27554,59,58,52,3,3,3,susquehanna70,NA,frigonsa01,Samuel Frigon,Frigon Samuel,St-Étienne Des Grès,QC,CAN,NA,NA
2017,Canoe,P11,oc2pro,3,27554,59,58,52,3,3,3,susquehanna70,NA,pellerja01,Jim Pellerin,Pellerin Jim,Shawinigan-Sud,QC,CAN,NA,NA
2014,Canoe,P19,oc2pro,21,27577,60,59,53,24,21,24,susquehanna70,Mens Under 50,schlimjo01,Joseph Schlimmer,Schlimmer Joseph,Cortland,NY,USA,NA,NA
2014,Canoe,P19,oc2pro,21,27577,60,59,53,24,21,24,susquehanna70,Mens Under 50,yaroshto01,Tom Yarosh,Yarosh Tom,Windsor,NY,USA,NA,NA
2018,Canoe,P28,oc2pro,4,27588,61,60,54,4,4,4,susquehanna70,NA,NA,Christopher Proulx,Proulx Christopher,Shawinigan,QC,CAN,NA,NA
2018,Canoe,P28,oc2pro,4,27588,61,60,54,4,4,4,susquehanna70,NA,frigonsa01,Samuel Frigon,Frigon Samuel,St-Étienne Des Grès,QC,CAN,NA,NA
2019,Canoe,P2,oc2pro,12,27600,62,61,55,14,12,13,susquehanna70,NA,weilerau01,Austin Weiler,Weiler Austin,Roscommon,MI,USA,NA,NA
2019,Canoe,P2,oc2pro,12,27600,62,61,55,14,12,13,susquehanna70,NA,medinato01,Danny Medina,Medina Danny,Homer,MI,USA,NA,NA
2016,Canoe,P20,oc2pro,1,27618,63,62,56,1,1,1,susquehanna70,Mens Under 50,blaisgu01,Guillame Blais,Blais Guillame,St Boniface,QC,CAN,NA,NA
2016,Canoe,P20,oc2pro,1,27618,63,62,56,1,1,1,susquehanna70,Mens Under 50,pellerma01,Mathieu Pellerin,Pellerin Mathieu,Shawinigan,QC,CAN,NA,NA
2019,Canoe,B6,oc4stock,2,27667,64,63,4,15,2,14,susquehanna70,NA,shultije01,Jeff Shultis,Shultis Jeff,Otego,NY,USA,NA,NA
2019,Canoe,B6,oc4stock,2,27667,64,63,4,15,2,14,susquehanna70,NA,harrisla01,Larry Harrison,Harrison Larry,Oneonta,NY,USA,NA,NA
2019,Canoe,B6,oc4stock,2,27667,64,63,4,15,2,14,susquehanna70,NA,wissebo01,Bob Wisse,Wisse Bob,Oneonta,NY,USA,NA,NA
2019,Canoe,B6,oc4stock,2,27667,64,63,4,15,2,14,susquehanna70,NA,zaverabo01,Bob Zaveral,Zaveral Bob,Mt. Upton,NY,USA,NA,NA
2019,Canoe,P16,oc2pro,13,27678,65,64,57,16,13,15,susquehanna70,NA,shaveral01,Al Shaver,Shaver Al,Meridale,NY,USA,NA,NA
2019,Canoe,P16,oc2pro,13,27678,65,64,57,16,13,15,susquehanna70,NA,personda01,Dale Persons,Persons Dale,Bainbridge,NY,USA,NA,NA
2016,Canoe,P29,oc2pro,2,27686,66,65,58,2,2,2,susquehanna70,Mens Under 50,rudnitma01,Matt Rudnitsky,Rudnitsky Matt,Gilbertsville,NY,USA,NA,NA
2016,Canoe,P29,oc2pro,2,27686,66,65,58,2,2,2,susquehanna70,Mens Under 50,lajoiest01,Steve Lajoie,Lajoie Steve,Mirabel,QC,CAN,NA,NA
2025,Canoe,P36,oc2pro,16,27688,67,66,59,18,16,18,susquehanna70,NA,maddenpa01,Patrick Madden,Madden Patrick,Scotia,NY,USA,NA,NA
2025,Canoe,P36,oc2pro,16,27688,67,66,59,18,16,18,susquehanna70,NA,watsonst01,Steve Watson,Watson Steve,Onaway,MI,USA,NA,NA
2025,Canoe,P53,oc2pro,17,27690,68,67,60,19,17,19,susquehanna70,NA,burmeica01,Carson Burmeister,Burmeister Carson,Marquette,MI,USA,Crotser/Burmeister,NA
2025,Canoe,P53,oc2pro,17,27690,68,67,60,19,17,19,susquehanna70,NA,crotseja01,Jake Crotser,Crotser Jake,Summerville,SC,USA,Crotser/Burmeister,NA
2025,Canoe,P23,oc2pro,18,27759,69,68,61,20,18,20,susquehanna70,NA,lowrygr01,Greg Lowry,Lowry Greg,Denville,NJ,USA,Lumber Jacked,NA
2025,Canoe,P23,oc2pro,18,27759,69,68,61,20,18,20,susquehanna70,NA,kirkdy01,Dylan Kirk,Kirk Dylan,Jacks Reef,NY,USA,Lumber Jacked,NA
2015,Canoe,P27,oc2pro,1,27773,70,69,62,1,1,1,susquehanna70,Mens Under 50,trieboan01,Andy Triebold,Triebold Andy,Grayling,MI,USA,NA,NA
2015,Canoe,P27,oc2pro,1,27773,70,69,62,1,1,1,susquehanna70,Mens Under 50,lajoiest01,Steve Lajoie,Lajoie Steve,Mirabel,QC,CAN,NA,NA
2014,Canoe,P11,oc2pro,22,27787,71,70,63,25,22,25,susquehanna70,Mens 50 & Over,fairchmi01,Michael Fairchild,Fairchild Michael,Battleboro,VT,USA,NA,NA
2014,Canoe,P11,oc2pro,22,27787,71,70,63,25,22,25,susquehanna70,Mens 50 & Over,heedpe01,Peter Heed,Heed Peter,Keene,NH,USA,NA,NA
2019,Canoe,P8,oc2pro,14,27787,72,71,64,17,14,16,susquehanna70,NA,leebr01,Bruce Lee,Lee Bruce,Port Crane,NY,USA,NA,NA
2019,Canoe,P8,oc2pro,14,27787,72,71,64,17,14,16,susquehanna70,NA,yaroshto01,Tom Yarosh,Yarosh Tom,Windsor,NY,USA,NA,NA
2014,Canoe,P33,oc2pro,23,27799,73,72,65,26,23,26,susquehanna70,Mens Under 50,wernerer01,Erik Werner,Werner Erik,Philadelphia,PA,USA,NA,NA
2014,Canoe,P33,oc2pro,23,27799,73,72,65,26,23,26,susquehanna70,Mens Under 50,lowrygr01,Greg Lowry,Lowry Greg,Denville,NJ,USA,NA,NA
2014,Canoe,P4,oc2pro,24,27803,74,73,66,27,24,27,susquehanna70,Women,mcmahoha01,Hailey McMahon,McMahon Hailey,Grayling,MI,USA,NA,NA
2014,Canoe,P4,oc2pro,24,27803,74,73,66,27,24,27,susquehanna70,Women,bartonre01,Rebecca Davis,Davis Rebecca,Homer,MI,USA,NA,NA
2014,Canoe,S3,oc1pro,2,27806,75,74,2,28,2,28,susquehanna70,NA,streibma01,Matt Streib,Streib Matt,Grayling,MI,USA,NA,NA
2019,Canoe,P14,oc2pro,15,27808,76,75,67,18,15,17,susquehanna70,NA,greffasy01,Sylvain Greffard,Greffard Sylvain,La Tuque,QC,CAN,NA,NA
2019,Canoe,P14,oc2pro,15,27808,76,75,67,18,15,17,susquehanna70,NA,roussegu01,Guy Rousseau,Rousseau Guy,Trois-Rivieres,QC,CAN,NA,NA
2019,Canoe,P19,oc2pro,16,27813,77,76,68,19,16,18,susquehanna70,NA,lessarsa01,Sarah Lessard,Lessard Sarah,Les Cèdres,QC,CAN,NA,NA
2019,Canoe,P19,oc2pro,16,27813,77,76,68,19,16,18,susquehanna70,NA,meersmma01,Matt Meersman,Meersman Matt,South Bend,IN,USA,NA,NA
2025,Canoe,P12,oc2pro,19,27819,78,77,69,21,19,21,susquehanna70,NA,allisojo01,Joseph Allison,Allison Joseph,Morris,NY,USA,Two Ducks,NA
2025,Canoe,P12,oc2pro,19,27819,78,77,69,21,19,21,susquehanna70,NA,NA,Austin Henchey,Henchey Austin,Otego,NY,USA,Two Ducks,NA
2025,Canoe,P49,oc2pro,20,27821,79,78,70,22,20,22,susquehanna70,NA,trieboan01,Andy Triebold,Triebold Andy,Grayling,MI,USA,NA,NA
2025,Canoe,P49,oc2pro,20,27821,79,78,70,22,20,22,susquehanna70,NA,NA,Owen Triebold,Triebold Owen,Grayling,MI,USA,NA,NA
2025,Canoe,P47,oc2pro,21,27854,80,79,71,23,21,23,susquehanna70,NA,meckleda01,Dan Mecklenburg,Mecklenburg Dan,Columbus,OH,USA,Timeless Aquaholics,NA
2025,Canoe,P47,oc2pro,21,27854,80,79,71,23,21,23,susquehanna70,NA,roussegu01,Guy Rousseau,Rousseau Guy,Trois-Rivières,QC,CAN,Timeless Aquaholics,NA
2018,Canoe,P1,oc2pro,5,27883,81,80,72,5,5,5,susquehanna70,NA,pellerja01,Jim Pellerin,Pellerin Jim,Shawinigan-Sud,QC,CAN,NA,NA
2018,Canoe,P1,oc2pro,5,27883,81,80,72,5,5,5,susquehanna70,NA,lacroijo01,Joel Lacroix,Lacroix Joel,Shawinigan,QC,CAN,NA,NA
2014,Canoe,P18,oc2pro,25,27887,82,81,73,29,25,29,susquehanna70,Mens Under 50,millerse01,Seth Miller,Miller Seth,Norwood,MA,USA,NA,NA
2014,Canoe,P18,oc2pro,25,27887,82,81,73,29,25,29,susquehanna70,Mens Under 50,millerst01,Stephen Miller,Miller Stephen,Groton,MA,USA,NA,NA
2019,Canoe,P17,oc2pro,17,27890,83,82,74,20,17,19,susquehanna70,NA,machated01,Edith MacHattie,MacHattie Edith,Saskatoon,SK,CAN,NA,NA
2019,Canoe,P17,oc2pro,17,27890,83,82,74,20,17,19,susquehanna70,NA,bartonre01,Rebecca Davis,Davis Rebecca,Homer,MI,USA,NA,NA
2025,Canoe,P30,oc2pro,22,27893,84,83,75,24,22,24,susquehanna70,NA,machated01,Edith Machattie,Machattie Edith,Saskatoon,SK,CAN,NA,NA
2025,Canoe,P30,oc2pro,22,27893,84,83,75,24,22,24,susquehanna70,NA,carriere01,Real Carriere,Carriere Real,Winnipeg,MB,CAN,NA,NA
2014,Canoe,T7,oc2cruiser,1,27899,85,84,1,30,1,30,susquehanna70,NA,lefevesh01,Shawn Lefever,Lefever Shawn,Unadilla,NY,USA,NA,NA
2014,Canoe,T7,oc2cruiser,1,27899,85,84,1,30,1,30,susquehanna70,NA,lefeveto01,Todd Lefever,Lefever Todd,Unadilla,NY,USA,NA,NA
2025,Canoe,P38,oc2pro,23,27919,86,85,76,25,23,25,susquehanna70,NA,wilsonbr01,Brad Wilson,Wilson Brad,Rockford,MI,USA,West Michigan Paddle Club,NA
2025,Canoe,P38,oc2pro,23,27919,86,85,76,25,23,25,susquehanna70,NA,NA,Jackson Tucker,Tucker Jackson,Grand Rapids ,MI,USA,West Michigan Paddle Club,NA
2014,Canoe,B8,oc4stock,3,27957,87,86,5,31,3,31,susquehanna70,NA,codingbr01,Bruce Codington,Codington Bruce,Sidney,NY,USA,NA,NA
2014,Canoe,B8,oc4stock,3,27957,87,86,5,31,3,31,susquehanna70,NA,berlke01,Kevin Berl,Berl Kevin,Macedon,NY,USA,NA,NA
2014,Canoe,B8,oc4stock,3,27957,87,86,5,31,3,31,susquehanna70,NA,maddenpa01,Pat Madden,Madden Pat,Scotia,NY,USA,NA,NA
2014,Canoe,B8,oc4stock,3,27957,87,86,5,31,3,31,susquehanna70,NA,buttsri01,Richard Butts,Butts Richard,Rochester,NY,USA,NA,NA
2018,Canoe,P9,oc2pro,6,27974,88,87,77,6,6,6,susquehanna70,NA,willouwe01,Weston Willoughby,Willoughby Weston,Homer,MI,USA,NA,NA
2018,Canoe,P9,oc2pro,6,27974,88,87,77,6,6,6,susquehanna70,NA,davismi01,Michael Davis,Davis Michael,Homer,MI,USA,NA,NA
2019,Canoe,P3,oc2pro,18,28001,89,88,78,21,18,20,susquehanna70,NA,gabriema01,Matt Gabriel,Gabriel Matt,Grayling,MI,USA,NA,NA
2019,Canoe,P3,oc2pro,18,28001,89,88,78,21,18,20,susquehanna70,NA,brabanse01,Sean Brabant,Brabant Sean,Roscommon,MI,USA,NA,NA
2014,Canoe,B4,oc4stock,4,28013,90,89,6,32,4,32,susquehanna70,NA,gruberpa01,Paul Gruber,Gruber Paul,Irvine,PA,USA,NA,NA
2014,Canoe,B4,oc4stock,4,28013,90,89,6,32,4,32,susquehanna70,NA,martinst01,Steve Martin,Martin Steve,Ridgway,PA,USA,NA,NA
2014,Canoe,B4,oc4stock,4,28013,90,89,6,32,4,32,susquehanna70,NA,stoutte01,Teresa Stout,Stout Teresa,Corsica,PA,USA,NA,NA
2014,Canoe,B4,oc4stock,4,28013,90,89,6,32,4,32,susquehanna70,NA,flamento01,Toni Flament,Flament Toni,Emporium,PA,USA,NA,NA
2019,Canoe,P34,oc2pro,19,28019,91,90,79,22,19,21,susquehanna70,NA,ellswoth01,Tom Ellsworth,Ellsworth Tom,Orange,MA,USA,NA,NA
2019,Canoe,P34,oc2pro,19,28019,91,90,79,22,19,21,susquehanna70,NA,garlanti01,Tim Garland,Garland Tim,Surry,NH,USA,NA,NA
2019,Canoe,P15,oc2pro,20,28024,92,91,80,23,20,22,susquehanna70,NA,nadeausy01,Sylvie Nadeau,Nadeau Sylvie,St Jerome,QC,CAN,NA,NA
2019,Canoe,P15,oc2pro,20,28024,92,91,80,23,20,22,susquehanna70,NA,schlimjo01,Joe Schlimmer,Schlimmer Joe,Ithaca,NY,USA,NA,NA
2017,Canoe,P21,oc2pro,4,28029,93,92,81,4,4,4,susquehanna70,NA,lacroijo01,Joel Lacroix,Lacroix Joel,Shawinigan,QC,CAN,NA,NA
2017,Canoe,P21,oc2pro,4,28029,93,92,81,4,4,4,susquehanna70,NA,NA,Anthony Dubord,Dubord Anthony,Nicolet,QC,CAN,NA,NA
2019,Canoe,B2,oc4stock,3,28040,94,93,7,24,3,23,susquehanna70,NA,wesleygl01,Gloria Wesley,Wesley Gloria,Pittsfield,MA,USA,NA,NA
2019,Canoe,B2,oc4stock,3,28040,94,93,7,24,3,23,susquehanna70,NA,apreaga01,Gary Aprea,Aprea Gary,Austerlitz,NY,USA,NA,NA
2019,Canoe,B2,oc4stock,3,28040,94,93,7,24,3,23,susquehanna70,NA,reynolho01,Holly Reynolds,Reynolds Holly,Rochester,NY,USA,NA,NA
2019,Canoe,B2,oc4stock,3,28040,94,93,7,24,3,23,susquehanna70,NA,trudgera01,Ray Trudgeon,Trudgeon Ray,Frederick,MI,USA,NA,NA
2018,Canoe,P29,oc2pro,7,28070,95,94,82,7,7,7,susquehanna70,NA,macdowsh01,Shane MacDowell,MacDowell Shane,Lake Placid,NY,USA,NA,NA
2018,Canoe,P29,oc2pro,7,28070,95,94,82,7,7,7,susquehanna70,NA,NA,Graham Smith,Smith Graham,Saskatoon,SK,CAN,NA,NA
2018,Canoe,P13,oc2pro,8,28082,96,95,83,8,8,8,susquehanna70,NA,issendch01,Chris Issendorf,Issendorf Chris,Dripping Springs,TX,USA,NA,NA
2018,Canoe,P13,oc2pro,8,28082,96,95,83,8,8,8,susquehanna70,NA,rollsia01,Ian Rolls,Rolls Ian,Dripping Springs,TX,USA,NA,NA
2016,Canoe,P5,oc2pro,3,28092,97,96,84,3,3,3,susquehanna70,Mens Under 50,schlimbe01,Benedict Schlimmer,Schlimmer Benedict,Oneonta,NY,USA,NA,NA
2016,Canoe,P5,oc2pro,3,28092,97,96,84,3,3,3,susquehanna70,Mens Under 50,lefevetr01,Trevor Lefever,Lefever Trevor,Oneonta,NY,USA,NA,NA
2014,Canoe,T9,oc2cruiser,2,28156,98,97,2,33,2,33,susquehanna70,NA,mclainga01,Gary McLain,McLain Gary,Ballston Spa,NY,USA,NA,NA
2014,Canoe,T9,oc2cruiser,2,28156,98,97,2,33,2,33,susquehanna70,NA,millspph01,Philip Millspaugh,Millspaugh Philip,Rochester,NY,USA,NA,NA
2025,Canoe,O1,oc4unlimited,3,28161,99,98,3,26,3,26,susquehanna70,NA,wesleygl01,Gloria Wesley,Wesley Gloria,Pittsfield,MA,USA,NA,NA
2025,Canoe,O1,oc4unlimited,3,28161,99,98,3,26,3,26,susquehanna70,NA,apreaga01,Gary Aprea,Aprea Gary,Pittsfield,MA,USA,NA,NA
2025,Canoe,O1,oc4unlimited,3,28161,99,98,3,26,3,26,susquehanna70,NA,shultije01,Jeff Shultis,Shultis Jeff,Otego,NY,USA,NA,NA
2025,Canoe,O1,oc4unlimited,3,28161,99,98,3,26,3,26,susquehanna70,NA,reeseph01,Phoebe Reese,Reese Phoebe,Oneonta,NY,USA,NA,NA
2014,Canoe,P12,oc2pro,26,28176,100,99,85,34,26,34,susquehanna70,Mens Under 50,NA,Austin Short,Short Austin,Traverse City,MI,USA,NA,NA
2014,Canoe,P12,oc2pro,26,28176,100,99,85,34,26,34,susquehanna70,Mens Under 50,shortto01,Tony Short,Short Tony,Traverse City,MI,USA,NA,NA
2014,Canoe,V3,oc2cruisermaster,1,28190,101,100,1,35,1,35,susquehanna70,NA,vincenbo01,Bob Vincent,Vincent Bob,Dorchester,ON,CAN,NA,NA
2014,Canoe,V3,oc2cruisermaster,1,28190,101,100,1,35,1,35,susquehanna70,NA,brownde01,Dean Brown,Brown Dean,Hamilton,ON,CAN,NA,NA
2014,Canoe,P8,oc2pro,27,28202,102,101,86,36,27,36,susquehanna70,Mens Under 50,medinada01,Daniel Medina,Medina Daniel,Roscommon,MI,USA,NA,NA
2014,Canoe,P8,oc2pro,27,28202,102,101,86,36,27,36,susquehanna70,Mens Under 50,shawjo01,Joe Shaw,Shaw Joe,Essex,NY,USA,NA,NA
2025,Canoe,P27,oc2pro,24,28202,103,102,87,27,24,27,susquehanna70,NA,NA,Vincent Desilets,Desilets Vincent,Becancour,QC,CAN,The Flying Churros,NA
2025,Canoe,P27,oc2pro,24,28202,103,102,87,27,24,27,susquehanna70,NA,NA,Carlos Antonio Martinez,Martinez Carlos Antonio,Montreal,QC,CAN,The Flying Churros,NA
2014,Canoe,P30,oc2pro,28,28210,104,103,88,37,28,37,susquehanna70,Mens Under 50,dittener01,Eric Dittenber,Dittenber Eric,Grayling,MI,USA,NA,NA
2014,Canoe,P30,oc2pro,28,28210,104,103,88,37,28,37,susquehanna70,Mens Under 50,garonmi01,Michael Garon,Garon Michael,Washington,MI,USA,NA,NA
2017,Canoe,P5,oc2pro,5,28219,105,104,89,5,5,5,susquehanna70,NA,meadpe01,Pete Mead,Mead Pete,Traverse City,MI,USA,NA,NA
2017,Canoe,P5,oc2pro,5,28219,105,104,89,5,5,5,susquehanna70,NA,macdowsh01,Shane MacDowell,MacDowell Shane,Lake Placid,NY,USA,NA,NA
2014,Canoe,V2,oc2cruisermaster,2,28241,106,105,2,38,2,38,susquehanna70,NA,NA,David Johnston,Johnston David,Sarnia,ON,CAN,NA,NA
2014,Canoe,V2,oc2cruisermaster,2,28241,106,105,2,38,2,38,susquehanna70,NA,anusiest01,Stan Anusiewicz,Anusiewicz Stan,Brights Grove,ON,CAN,NA,NA
2025,Canoe,P40,oc2pro,25,28254,107,106,90,28,25,28,susquehanna70,NA,dessursi01,Simon Dessureault,Dessureault Simon,Coteau-Du-Lac,QC,CAN,Comme Dessenfant,NA
2025,Canoe,P40,oc2pro,25,28254,107,106,90,28,25,28,susquehanna70,NA,malenfjo01,Joel Malenfant,Malenfant Joel,Shawinigan,QC,CAN,Comme Dessenfant,NA
2017,Canoe,P12,oc2pro,6,28257,108,107,91,6,6,6,susquehanna70,NA,bartonre01,Rebecca Davis,Davis Rebecca,Homer,MI,USA,NA,NA
2017,Canoe,P12,oc2pro,6,28257,108,107,91,6,6,6,susquehanna70,NA,davismi01,Michael Davis,Davis Michael,Homer,MI,USA,NA,NA
2017,Canoe,B4,oc4stock,1,28287,109,108,8,7,1,7,susquehanna70,NA,bartonro01,Roxanne Barton,Barton Roxanne,Homer,MI,USA,NA,NA
2017,Canoe,B4,oc4stock,1,28287,109,108,8,7,1,7,susquehanna70,NA,bartonbr01,Bruce Barton,Barton Bruce,Homer,MI,USA,NA,NA
2017,Canoe,B4,oc4stock,1,28287,109,108,8,7,1,7,susquehanna70,NA,trieboti01,Tim Triebold,Triebold Tim,Grayling,MI,USA,NA,NA
2017,Canoe,B4,oc4stock,1,28287,109,108,8,7,1,7,susquehanna70,NA,willouwe01,Weston Willoughby,Willoughby Weston,Homer,MI,USA,NA,NA
2017,Canoe,P19,oc2pro,7,28293,110,109,92,8,7,8,susquehanna70,NA,schlimmi01,Michael Schlimmer,Schlimmer Michael,Rochester,NY,USA,NA,NA
2017,Canoe,P19,oc2pro,7,28293,110,109,92,8,7,8,susquehanna70,NA,quesnepi01,Pierre-Olivier Quesnel,Quesnel Pierre-Olivier,Laval,QC,CAN,NA,NA
2025,Canoe,P54,oc2pro,26,28293,111,110,93,29,26,29,susquehanna70,NA,hatfieja01,Jason Hatfield,Hatfield Jason,Grayling,MI,USA,NA,NA
2025,Canoe,P54,oc2pro,26,28293,111,110,93,29,26,29,susquehanna70,NA,halemi01,Mike Hale,Hale Mike,Grayling,MI,USA,NA,NA
2017,Canoe,B6,oc4stock,2,28311,112,111,9,9,2,9,susquehanna70,NA,shultije01,Jeff Shultis,Shultis Jeff,Otego,NY,USA,NA,NA
2017,Canoe,B6,oc4stock,2,28311,112,111,9,9,2,9,susquehanna70,NA,wissebo01,Bob Wisse,Wisse Bob,Oneonta,NY,USA,NA,NA
2017,Canoe,B6,oc4stock,2,28311,112,111,9,9,2,9,susquehanna70,NA,nicholal01,Allen Nichols,Nichols Allen,Laurens,NY,USA,NA,NA
2017,Canoe,B6,oc4stock,2,28311,112,111,9,9,2,9,susquehanna70,NA,harrisla01,Larry Harrison,Harrison Larry,Oneonta,NY,USA,NA,NA
2025,Canoe,P34,oc2pro,27,28337,113,112,94,30,27,30,susquehanna70,NA,trudelfr01,Francis Trudel,Trudel Francis,Shawinigan,QC,CAN,Trudel-Lacombe,NA
2025,Canoe,P34,oc2pro,27,28337,113,112,94,30,27,30,susquehanna70,NA,lacombsi01,Simon Lacombe,Lacombe Simon,Trois-Rivières,QC,CAN,Trudel-Lacombe,NA
2018,Canoe,P24,oc2pro,9,28361,114,113,95,9,9,9,susquehanna70,NA,gelinaad01,Adam Gelinas,Gelinas Adam,Leominster,MA,USA,NA,NA
2018,Canoe,P24,oc2pro,9,28361,114,113,95,9,9,9,susquehanna70,NA,zaverary01,Ryan Zaveral,Zaveral Ryan,Mt Upton,NY,USA,NA,NA
2017,Canoe,P15,oc2pro,8,28367,115,114,96,10,8,10,susquehanna70,NA,machated01,Edith MacHattie,MacHattie Edith,Saskatoon,SK,CAN,NA,NA
2017,Canoe,P15,oc2pro,8,28367,115,114,96,10,8,10,susquehanna70,NA,NA,Graham Smith,Smith Graham,Saskatoon,SK,CAN,NA,NA
2015,Canoe,P26,oc2pro,2,28396,116,115,97,2,2,2,susquehanna70,Mens Under 50,halstery01,Ryan Halstead,Halstead Ryan,Grayling,MI,USA,NA,NA
2015,Canoe,P26,oc2pro,2,28396,116,115,97,2,2,2,susquehanna70,Mens Under 50,corlewst01,Steve Corlew,Corlew Steve,Grayling,MI,USA,NA,NA
2018,Canoe,P33,oc2pro,10,28398,117,116,98,10,10,10,susquehanna70,NA,mynarlo01,Logan Mynar,Mynar Logan,San Antonio,TX,USA,NA,NA
2018,Canoe,P33,oc2pro,10,28398,117,116,98,10,10,10,susquehanna70,NA,schlimmi01,Michael Schlimmer,Schlimmer Michael,Rochester,NY,USA,NA,NA
2014,Canoe,B3,oc4stock,5,28401,118,117,10,39,5,39,susquehanna70,NA,billinch01,Chas Billingsley,Billingsley Chas,Lake Clear,NY,USA,NA,NA
2014,Canoe,B3,oc4stock,5,28401,118,117,10,39,5,39,susquehanna70,NA,hindleni01,Nick Hindley,Hindley Nick,Honesdale,PA,USA,NA,NA
2014,Canoe,B3,oc4stock,5,28401,118,117,10,39,5,39,susquehanna70,NA,NA,Peter McConville,McConville Peter,Paul Smiths,NY,USA,NA,NA
2014,Canoe,B3,oc4stock,5,28401,118,117,10,39,5,39,susquehanna70,NA,dempstro01,Rodger Dempster,Dempster Rodger,Saranac Lake,NY,USA,NA,NA
2022,Canoe,P27,oc2pro,1,28403,119,118,99,1,1,1,susquehanna70,NA,lajoiest01,Steve Lajoie,Lajoie Steve,Mirabel,QC,CAN,Hog Wild Racing,NA
2022,Canoe,P27,oc2pro,1,28403,119,118,99,1,1,1,susquehanna70,NA,davismi01,Michael Davis,Davis Michael,Homer,MI,USA,Hog Wild Racing,NA
2017,Canoe,P31,oc2pro,9,28433,120,119,100,11,9,11,susquehanna70,NA,roussegu01,Guy Rousseau,Rousseau Guy,Trois-Rivieres,QC,CAN,NA,NA
2017,Canoe,P31,oc2pro,9,28433,120,119,100,11,9,11,susquehanna70,NA,zaverary01,Ryan Zaveral,Zaveral Ryan,Mt Upton,NY,USA,NA,NA
2025,Canoe,P3,oc2pro,28,28444,121,120,101,31,28,31,susquehanna70,NA,putnamal01,Alan Putnam,Putnam Alan,Linden,MI,USA,NA,NA
2025,Canoe,P3,oc2pro,28,28444,121,120,101,31,28,31,susquehanna70,NA,shadlero01,Robert Shadley,Shadley Robert,Cass City ,MI,USA,NA,NA
2016,Canoe,P32,oc2pro,4,28466,122,121,102,4,4,4,susquehanna70,Mens Under 50,schlimmi01,Michael Schlimmer,Schlimmer Michael,Rochester,NY,USA,NA,NA
2016,Canoe,P32,oc2pro,4,28466,122,121,102,4,4,4,susquehanna70,Mens Under 50,willouwe01,Weston Willoughby,Willoughby Weston,Homer,MI,USA,NA,NA
2014,Canoe,P2,oc2pro,29,28481,123,122,103,40,29,40,susquehanna70,Mens Under 50,lacombsi01,Simon-Pier Lacombe,Lacombe Simon-Pier,Shawinigan,QC,CAN,NA,NA
2014,Canoe,P2,oc2pro,29,28481,123,122,103,40,29,40,susquehanna70,Mens Under 50,mackza01,Zackary Mack,Mack Zackary,Grayling,MI,USA,NA,NA
2014,Canoe,V5,oc2cruisermaster,3,28522,124,123,3,41,3,41,susquehanna70,NA,goodwike01,Ken Goodwin,Goodwin Ken,Barre,MA,USA,NA,NA
2014,Canoe,V5,oc2cruisermaster,3,28522,124,123,3,41,3,41,susquehanna70,NA,stevenph01,Phillip Stevens,Stevens Phillip,Barre,MA,USA,NA,NA
2025,Canoe,P55,oc2pro,29,28523,125,124,104,32,29,32,susquehanna70,NA,stonehky01,Kyle Stonehouse,Stonehouse Kyle,Grayling,MI,USA,NA,NA
2025,Canoe,P55,oc2pro,29,28523,125,124,104,32,29,32,susquehanna70,NA,dalmando01,Doug Dalman,Dalman Doug,Coopersville,MI,USA,NA,NA
2025,Canoe,P11,oc2pro,30,28530,126,125,105,33,30,33,susquehanna70,NA,bartonbr01,Bruce Barton,Barton Bruce,Homer,MI,USA,Hog Wild,NA
2025,Canoe,P11,oc2pro,30,28530,126,125,105,33,30,33,susquehanna70,NA,henryda01,Dana Henry,Henry Dana,Plymouth,MN,USA,Hog Wild,NA
2014,Canoe,S7,oc1pro,3,28532,127,126,3,42,3,42,susquehanna70,NA,torongbi01,Bill Torongo,Torongo Bill,Roscommon,MI,USA,NA,NA
2019,Canoe,X3,oc2cruisermix,1,28552,128,127,1,25,1,24,susquehanna70,NA,fitzgebr01,Briana Fitzgerald,Fitzgerald Briana,Scotia,NY,USA,NA,NA
2019,Canoe,X3,oc2cruisermix,1,28552,128,127,1,25,1,24,susquehanna70,NA,thiemza01,Zachary Thiem,Thiem Zachary,Eureka,WI,USA,NA,NA
2018,Canoe,P34,oc2pro,11,28574,129,128,106,11,11,11,susquehanna70,NA,meadpe01,Pete Mead,Mead Pete,Traverse City,MI,USA,NA,NA
2018,Canoe,P34,oc2pro,11,28574,129,128,106,11,11,11,susquehanna70,NA,NA,Richard Lauth,Lauth Richard,Grosse Ile,MI,USA,NA,NA
2014,Canoe,T2,oc2cruiser,3,28576,130,129,3,43,3,43,susquehanna70,NA,palmerbr01,Brayton Palmer,Palmer Brayton,Media,PA,USA,NA,NA
2014,Canoe,T2,oc2cruiser,3,28576,130,129,3,43,3,43,susquehanna70,NA,palmerma01,Matthew Palmer,Palmer Matthew,Morris,NY,USA,NA,NA
2016,Canoe,P17,oc2pro,5,28583,131,130,107,5,5,5,susquehanna70,Mens Under 50,davismi01,Michael Davis,Davis Michael,Homer,MI,USA,NA,NA
2016,Canoe,P17,oc2pro,5,28583,131,130,107,5,5,5,susquehanna70,Mens Under 50,frigonsa01,Samuel Frigon,Frigon Samuel,St-Bonifance De Shawinigan,QC,CAN,NA,NA
2025,Canoe,P4,oc2pro,31,28591,132,131,108,34,31,34,susquehanna70,NA,bosske01,Kevin Boss,Boss Kevin,Swansea,MA,USA,Brouillette HVAC,NA
2025,Canoe,P4,oc2pro,31,28591,132,131,108,34,31,34,susquehanna70,NA,millerst01,Steve Miller,Miller Steve,Groton,MA,USA,Brouillette HVAC,NA
2016,Canoe,P24,oc2pro,6,28615,133,132,109,6,6,6,susquehanna70,Mens Under 50,pellerja01,Jim Pellerin,Pellerin Jim,Shawinigan-Sud,QC,CAN,NA,NA
2016,Canoe,P24,oc2pro,6,28615,133,132,109,6,6,6,susquehanna70,Mens Under 50,pellerto01,Tom Pellerin,Pellerin Tom,Shawinigan-Sud,QC,CAN,NA,NA
2025,Canoe,P17,oc2pro,32,28623,134,133,110,35,32,35,susquehanna70,NA,huelskly01,Lydia Huelskamp,Huelskamp Lydia,Williamsport,PA,USA,Do it for the Dr Pepper,NA
2025,Canoe,P17,oc2pro,32,28623,134,133,110,35,32,35,susquehanna70,NA,schlimjo01,Joe Schlimmer,Schlimmer Joe,Ithaca,NY,USA,Do it for the Dr Pepper,NA
2025,Canoe,P58,oc2pro,33,28626,135,134,111,36,33,36,susquehanna70,NA,NA,Jacob Hartman,Hartman Jacob,Grayling,MI,USA,NA,NA
2025,Canoe,P58,oc2pro,33,28626,135,134,111,36,33,36,susquehanna70,NA,fisheran01,Anthony Fisher,Fisher Anthony,Grayling ,MI,USA,NA,NA
2019,Canoe,P25,oc2pro,21,28637,136,135,112,26,21,25,susquehanna70,NA,richerlo01,Louis Richer,Richer Louis,Mont-Laurier,QC,CAN,NA,NA
2019,Canoe,P25,oc2pro,21,28637,136,135,112,26,21,25,susquehanna70,NA,NA,Simon Pagé,Pagé Simon,Mont-Laurier,QC,CAN,NA,NA
2016,Canoe,P9,oc2pro,7,28663,137,136,113,7,7,7,susquehanna70,Mixed,trieboan01,Andy Triebold,Triebold Andy,Grayling,MI,USA,NA,NA
2016,Canoe,P9,oc2pro,7,28663,137,136,113,7,7,7,susquehanna70,Mixed,bartonre01,Rebecca Davis,Davis Rebecca,Homer,MI,USA,NA,NA
2025,Canoe,P10,oc2pro,34,28673,138,137,114,37,34,37,susquehanna70,NA,hiscoxfr01,Frances Hiscox,Hiscox Frances,Newton Highlands,MA,USA,NA,NA
2025,Canoe,P10,oc2pro,34,28673,138,137,114,37,34,37,susquehanna70,NA,hallan01,Andy Hall,Hall Andy,Arlington,MA,USA,NA,NA
2019,Canoe,T13,oc2cruiser,1,28680,139,138,4,27,1,26,susquehanna70,NA,bosske01,Kevin Boss,Boss Kevin,Swansea,MA,USA,NA,NA
2019,Canoe,T13,oc2cruiser,1,28680,139,138,4,27,1,26,susquehanna70,NA,hallan01,Andy Hall,Hall Andy,Arlington,MA,USA,NA,NA
2019,Canoe,P33,oc2pro,22,28706,140,139,115,28,22,27,susquehanna70,NA,rossem01,Emma Ellsworth,Ellsworth Emma,Orange,MA,USA,NA,NA
2019,Canoe,P33,oc2pro,22,28706,140,139,115,28,22,27,susquehanna70,NA,lyesiubr01,Brent Lyesiuk,Lyesiuk Brent,Orange,MA,USA,NA,NA
2019,Canoe,P6,oc2pro,23,28707,141,140,116,29,23,28,susquehanna70,NA,bradleba01,Barb Bradley,Bradley Barb,Wausau,WI,USA,NA,NA
2019,Canoe,P6,oc2pro,23,28707,141,140,116,29,23,28,susquehanna70,NA,limberal01,Allen Limberg,Limberg Allen,Wausau,WI,USA,NA,NA
2015,Canoe,P28,oc2pro,3,28713,142,141,117,3,3,3,susquehanna70,Mens Under 50,blaisgu01,Guillame Blais,Blais Guillame,St Boniface,QC,CAN,NA,NA
2015,Canoe,P28,oc2pro,3,28713,142,141,117,3,3,3,susquehanna70,Mens Under 50,pellerma01,Mathieu Pellerin,Pellerin Mathieu,Shawinigan,QC,CAN,NA,NA
2025,Canoe,P25,oc2pro,35,28716,143,142,118,38,35,38,susquehanna70,NA,lamontjo01,Joel Lamontagne,Lamontagne Joel,Trois Rivieres,QC,CAN,Lamontagne Bro's,NA
2025,Canoe,P25,oc2pro,35,28716,143,142,118,38,35,38,susquehanna70,NA,lamontgu01,Guillaume Lamontagne,Lamontagne Guillaume,St-Etienne-Des-Gres,QC,CAN,Lamontagne Bro's,NA
2019,Canoe,T17,oc2cruiser,2,28719,144,143,5,30,2,29,susquehanna70,NA,goodwike01,Ken Goodwin,Goodwin Ken,Barre,MA,USA,NA,NA
2019,Canoe,T17,oc2cruiser,2,28719,144,143,5,30,2,29,susquehanna70,NA,kingma01,Matt King,King Matt,Athol,MA,USA,NA,NA
2025,Canoe,P14,oc2pro,36,28750,145,144,119,39,36,39,susquehanna70,NA,kingma01,Matt King,King Matt,Athol,MA,USA,Ziegler King,NA
2025,Canoe,P14,oc2pro,36,28750,145,144,119,39,36,39,susquehanna70,NA,zieglega01,Garrett Ziegler,Ziegler Garrett,Grand Rapids,MI,USA,Ziegler King,NA
2022,Canoe,P12,oc2pro,2,28756,146,145,120,2,2,2,susquehanna70,NA,NA,Jim Pellerin,Pellerin Jim,Saint-Etienne-Des-Grã¨S,NA,CAN,Pellerin-Blais,NA
2022,Canoe,P12,oc2pro,2,28756,146,145,120,2,2,2,susquehanna70,NA,blaisgu01,Guillaume Blais,Blais Guillaume,St Boniface,NA,CAN,Pellerin-Blais,NA
2025,Canoe,P20,oc2pro,37,28757,147,146,121,40,37,40,susquehanna70,NA,robertme01,Megan Roberts,Roberts Megan,Glenside,PA,USA,NA,NA
2025,Canoe,P20,oc2pro,37,28757,147,146,121,40,37,40,susquehanna70,NA,curleyed01,Ed Curley,Curley Ed,Sidney,NY,USA,NA,NA
2017,Canoe,P35,oc2pro,10,28760,148,147,122,12,10,12,susquehanna70,NA,chapplti01,Tim Chapple,Chapple Tim,Interlochen,MI,USA,NA,NA
2017,Canoe,P35,oc2pro,10,28760,148,147,122,12,10,12,susquehanna70,NA,gelinaad01,Adam Gelinas,Gelinas Adam,Leominster,MA,USA,NA,NA
2025,Canoe,P6,oc2pro,38,28770,149,148,123,41,38,41,susquehanna70,NA,lefebvlo01,Louis Lefebvre,Lefebvre Louis,Shawinigan,QC,CAN,Peco,NA
2025,Canoe,P6,oc2pro,38,28770,149,148,123,41,38,41,susquehanna70,NA,trudelsh01,Shirley Trudel,Trudel Shirley,Shawinigan,QC,CAN,Peco,NA
2019,Canoe,P27,oc2pro,24,28773,150,149,124,31,24,30,susquehanna70,NA,robilllu01,Luc Robillard,Robillard Luc,Waitsfield,VT,USA,NA,NA
2019,Canoe,P27,oc2pro,24,28773,150,149,124,31,24,30,susquehanna70,NA,henryda01,Dana Henry,Henry Dana,Plymouth,MN,USA,NA,NA
2016,Canoe,P8,oc2pro,8,28780,151,150,125,8,8,8,susquehanna70,Mens Under 50,NA,Graham Smith,Smith Graham,Vancouver,BC,CAN,NA,NA
2016,Canoe,P8,oc2pro,8,28780,151,150,125,8,8,8,susquehanna70,Mens Under 50,mynarlo01,Logan Mynar,Mynar Logan,San Antonio,TX,USA,NA,NA
2018,Canoe,P23,oc2pro,12,28791,152,151,126,12,12,12,susquehanna70,NA,pagese01,Serge Page,Page Serge,Shawinigan-Sud,QC,CAN,NA,NA
2018,Canoe,P23,oc2pro,12,28791,152,151,126,12,12,12,susquehanna70,NA,bellemvi01,Vincent Bellemare,Bellemare Vincent,Shawinigan,QC,CAN,NA,NA
2017,Canoe,P16,oc2pro,11,28793,153,152,127,13,11,13,susquehanna70,NA,mynarky01,Kyle Mynar,Mynar Kyle,New Braunfels,TX,USA,NA,NA
2017,Canoe,P16,oc2pro,11,28793,153,152,127,13,11,13,susquehanna70,NA,NA,Henner Cruz,Cruz Henner,"Esparza Village,",NA,NA,NA,NA
2017,Canoe,P26,oc2pro,12,28795,154,153,128,14,12,14,susquehanna70,NA,shaveral01,Al Shaver,Shaver Al,Meridale,NY,USA,NA,NA
2017,Canoe,P26,oc2pro,12,28795,154,153,128,14,12,14,susquehanna70,NA,leebr01,Bruce Lee,Lee Bruce,Port Crane,NY,USA,NA,NA
2017,Canoe,P27,oc2pro,13,28799,155,154,129,15,13,15,susquehanna70,NA,millspph01,Philip Millspaugh,Millspaugh Philip,Farmington,NY,USA,NA,NA
2017,Canoe,P27,oc2pro,13,28799,155,154,129,15,13,15,susquehanna70,NA,maddenpa01,Patrick Madden,Madden Patrick,Scotia,NY,USA,NA,NA
2025,Canoe,P42,oc2pro,39,28801,156,155,130,42,39,42,susquehanna70,NA,NA,Dave Flageole,Flageole Dave,Shawinigan G0X2V0,QC,CAN,Flag & Gin,NA
2025,Canoe,P42,oc2pro,39,28801,156,155,130,42,39,42,susquehanna70,NA,NA,Daniel Gélinas,Gélinas Daniel,Trois-Rivières ,QC,CAN,Flag & Gin,NA
2018,Canoe,P20,oc2pro,13,28804,157,156,131,13,13,13,susquehanna70,NA,roussegu01,Guy Rousseau,Rousseau Guy,Trois-Rivieres,QC,CAN,NA,NA
2018,Canoe,P20,oc2pro,13,28804,157,156,131,13,13,13,susquehanna70,NA,quesnepi01,Pierre-Olivier Quesnel,Quesnel Pierre-Olivier,Laval,QC,CAN,NA,NA
2024,Canoe,P19,oc2pro,1,28807,158,157,132,1,1,1,susquehanna70,NA,mynarlo01,Logan Mynar,Mynar Logan,New Braunfels,TX,USA,NA,NA
2024,Canoe,P19,oc2pro,1,28807,158,157,132,1,1,1,susquehanna70,NA,deanwe01,Wes Dean,Dean Wes,Grayling,MI,USA,NA,NA
2019,Canoe,P28,oc2pro,25,28846,159,158,133,32,25,31,susquehanna70,NA,NA,Joseph Manns,Manns Joseph,Maplewood,MN,USA,NA,NA
2019,Canoe,P28,oc2pro,25,28846,159,158,133,32,25,31,susquehanna70,NA,NA,Lilly Brick,Brick Lilly,Plymouth,MN,USA,NA,NA
2019,Canoe,T7,oc2cruiser,3,28854,160,159,6,33,3,32,susquehanna70,NA,mcmillol01,Oliver McMillan,McMillan Oliver,London,ON,CAN,NA,NA
2019,Canoe,T7,oc2cruiser,3,28854,160,159,6,33,3,32,susquehanna70,NA,coulsode01,Dean Coulson,Coulson Dean,Kearney,ON,CAN,NA,NA
2014,Canoe,X8,oc2cruisermix,1,28873,161,160,2,44,1,44,susquehanna70,NA,careyde01,Dennis Carey,Carey Dennis,Orange,MA,USA,NA,NA
2014,Canoe,X8,oc2cruisermix,1,28873,161,160,2,44,1,44,susquehanna70,NA,warnerkr01,Kristen Warner,Warner Kristen,Westmoreland,NH,USA,NA,NA
2022,Canoe,P7,oc2pro,3,28891,162,161,134,3,3,3,susquehanna70,NA,deanwe01,Wes Dean,Dean Wes,Grayling,MI,USA,Team Wes,NA
2022,Canoe,P7,oc2pro,3,28891,162,161,134,3,3,3,susquehanna70,NA,willouwe01,Weston Willoughby,Willoughby Weston,Traverse City,MI,USA,Team Wes,NA
2018,Canoe,B8,oc4stock,1,28898,163,162,11,14,1,14,susquehanna70,NA,bartonbr01,Bruce Barton,Barton Bruce,Homer,MI,USA,NA,NA
2018,Canoe,B8,oc4stock,1,28898,163,162,11,14,1,14,susquehanna70,NA,bartonro01,Roxanne Barton,Barton Roxanne,Homer,MI,USA,NA,NA
2018,Canoe,B8,oc4stock,1,28898,163,162,11,14,1,14,susquehanna70,NA,kolkaje01,Jeff Kolka,Kolka Jeff,Grayling,MI,USA,NA,NA
2018,Canoe,B8,oc4stock,1,28898,163,162,11,14,1,14,susquehanna70,NA,trieboti01,Tim Triebold,Triebold Tim,Grayling,MI,USA,NA,NA
2018,Canoe,B5,oc4stock,2,28913,164,163,12,15,2,15,susquehanna70,NA,shultije01,Jeff Shultis,Shultis Jeff,Otego,NY,USA,NA,NA
2018,Canoe,B5,oc4stock,2,28913,164,163,12,15,2,15,susquehanna70,NA,harrisla01,Larry Harrison,Harrison Larry,Oneonta,NY,USA,NA,NA
2018,Canoe,B5,oc4stock,2,28913,164,163,12,15,2,15,susquehanna70,NA,zaverabo01,Bob Zaveral,Zaveral Bob,Mt. Upton,NY,USA,NA,NA
2018,Canoe,B5,oc4stock,2,28913,164,163,12,15,2,15,susquehanna70,NA,wissebo01,Bob Wisse,Wisse Bob,Oneonta,NY,USA,NA,NA
2014,Canoe,S1,oc1pro,4,28919,165,164,4,45,4,45,susquehanna70,NA,packarmi01,Mike Packard,Packard Mike,Oneonta,NY,USA,NA,NA
2018,Canoe,P2,oc2pro,14,28922,166,165,135,16,14,16,susquehanna70,NA,deanwe01,Wes Dean,Dean Wes,Grayling,MI,USA,NA,NA
2018,Canoe,P2,oc2pro,14,28922,166,165,135,16,14,16,susquehanna70,NA,stonehky01,Kyle Stonehouse,Stonehouse Kyle,Tawas City,MI,USA,NA,NA
2019,Canoe,S11,oc1pro,1,28934,167,166,5,34,1,33,susquehanna70,NA,mclainro01,Rod Mclain,Mclain Rod,Stockton Springs,ME,USA,NA,NA
2016,Canoe,P26,oc2pro,9,28941,168,167,136,9,9,9,susquehanna70,Mens Under 50,meadpe01,Pete Mead,Mead Pete,Traverse City,MI,USA,NA,NA
2016,Canoe,P26,oc2pro,9,28941,168,167,136,9,9,9,susquehanna70,Mens Under 50,macdowsh01,Shane MacDowell,MacDowell Shane,Marquette,MI,USA,NA,NA
2025,Canoe,T4,oc2cruiser,1,28962,169,168,7,43,1,43,susquehanna70,NA,NA,Ted Kenyon,Kenyon Ted,Montville,CT,USA,NA,NA
2025,Canoe,T4,oc2cruiser,1,28962,169,168,7,43,1,43,susquehanna70,NA,kenyonth01,Theo Kenyon,Kenyon Theo,Montville,CT,USA,NA,NA
2018,Canoe,P22,oc2pro,15,28971,170,169,137,17,15,17,susquehanna70,NA,watsonst01,Steve Watson,Watson Steve,Onaway,MI,USA,NA,NA
2018,Canoe,P22,oc2pro,15,28971,170,169,137,17,15,17,susquehanna70,NA,maddenpa01,Patrick Madden,Madden Patrick,Scotia,NY,USA,NA,NA
2018,Canoe,P4,oc2pro,16,28991,171,170,138,18,16,18,susquehanna70,NA,hunterco01,Colin Hunter,Hunter Colin,Grayling,MI,USA,NA,NA
2018,Canoe,P4,oc2pro,16,28991,171,170,138,18,16,18,susquehanna70,NA,medinato01,Danny Medina,Medina Danny,Roscommon,MI,USA,NA,NA
2025,Canoe,P59,oc2pro,40,28991,172,171,139,44,40,44,susquehanna70,NA,brownde01,Dean Brown,Brown Dean,Hamilton,ON,CAN,NA,NA
2025,Canoe,P59,oc2pro,40,28991,172,171,139,44,40,44,susquehanna70,NA,praterch01,Chris Prater,Prater Chris,London,ON,CAN,NA,NA
2018,Canoe,P31,oc2pro,17,28994,173,172,140,19,17,19,susquehanna70,NA,palmerma01,Matthew Palmer,Palmer Matthew,Morris,NY,USA,NA,NA
2018,Canoe,P31,oc2pro,17,28994,173,172,140,19,17,19,susquehanna70,NA,olsonke01,Kevin Olson,Olson Kevin,Clay,NY,USA,NA,NA
2018,Canoe,P51,oc2pro,18,29043,174,173,141,20,18,20,susquehanna70,NA,johnstke01,Keir Johnston,Johnston Keir,Strathroy,ON,CAN,NA,NA
2018,Canoe,P51,oc2pro,18,29043,174,173,141,20,18,20,susquehanna70,NA,carriere01,Real Carriere,Carriere Real,Saskatoon,SK,CAN,NA,NA
2018,Canoe,P43,oc2pro,19,29059,175,174,142,21,19,21,susquehanna70,NA,mynarky01,Kyle Mynar,Mynar Kyle,New Braunfels,TX,USA,NA,NA
2018,Canoe,P43,oc2pro,19,29059,175,174,142,21,19,21,susquehanna70,NA,condiean01,Andrew Condie,Condie Andrew,Boulder,CO,USA,NA,NA
2018,Canoe,B4,oc4stock,3,29060,176,175,13,22,3,22,susquehanna70,NA,wesleygl01,Gloria Wesley,Wesley Gloria,Pittsfield,MA,USA,NA,NA
2018,Canoe,B4,oc4stock,3,29060,176,175,13,22,3,22,susquehanna70,NA,cumminde01,Dell Cummings,Cummings Dell,Meriden,CT,USA,NA,NA
2018,Canoe,B4,oc4stock,3,29060,176,175,13,22,3,22,susquehanna70,NA,apreaga01,Gary Aprea,Aprea Gary,Austerlitz,NY,USA,NA,NA
2018,Canoe,B4,oc4stock,3,29060,176,175,13,22,3,22,susquehanna70,NA,garlanti01,Tim Garland,Garland Tim,Surry,NH,USA,NA,NA
2025,Canoe,O3,oc4unlimited,4,29072,177,176,4,45,4,45,susquehanna70,NA,reedbr01,Brooks Reed,Reed Brooks,Unadilla,NY,USA,The O @ 112,NA
2025,Canoe,O3,oc4unlimited,4,29072,177,176,4,45,4,45,susquehanna70,NA,robinsro01,Rodney Robinson,Robinson Rodney,Otego,NY,USA,The O @ 112,NA
2025,Canoe,O3,oc4unlimited,4,29072,177,176,4,45,4,45,susquehanna70,NA,robinsmi02,Miranda Robinson,Robinson Miranda,Camillus,NY,USA,The O @ 112,NA
2025,Canoe,O3,oc4unlimited,4,29072,177,176,4,45,4,45,susquehanna70,NA,schlimbe01,Benedict Schlimmer,Schlimmer Benedict,Camillus,NY,USA,The O @ 112,NA
2014,Canoe,X12,oc2cruisermix,2,29093,178,177,3,46,2,46,susquehanna70,NA,levittka01,Karen Pleasant,Pleasant Karen,Greenfield,MA,USA,NA,NA
2014,Canoe,X12,oc2cruisermix,2,29093,178,177,3,46,2,46,susquehanna70,NA,kingma01,Matt King,King Matt,Athol,MA,USA,NA,NA
2017,Canoe,P4,oc2pro,14,29094,179,178,143,16,14,16,susquehanna70,NA,robinstr01,Trevor Robinson,Robinson Trevor,Saskatoon,SK,CAN,NA,NA
2017,Canoe,P4,oc2pro,14,29094,179,178,143,16,14,16,susquehanna70,NA,lessarsa01,Sarah Lessard,Lessard Sarah,Les Cèdres,QC,CAN,NA,NA
2025,Canoe,P37,oc2pro,41,29100,180,179,144,46,41,46,susquehanna70,NA,millspph01,Philip Millspaugh,Millspaugh Philip,Farmington,NY,USA,Flaming-O Racing,NA
2025,Canoe,P37,oc2pro,41,29100,180,179,144,46,41,46,susquehanna70,NA,prestoda01,Dave Preston,Preston Dave,Pennellville,NY,USA,Flaming-O Racing,NA
2019,Canoe,X6,oc2cruisermix,2,29114,181,180,4,35,2,34,susquehanna70,NA,fitzgepa01,Pam Fitzgerald,Fitzgerald Pam,Scotia,NY,USA,NA,NA
2019,Canoe,X6,oc2cruisermix,2,29114,181,180,4,35,2,34,susquehanna70,NA,millerst01,Stephen Miller,Miller Stephen,Groton,MA,USA,NA,NA
2014,Canoe,P1,oc2pro,30,29118,182,181,145,47,30,47,susquehanna70,Mens Under 50,ayotteph01,Philippe Ayotte,Ayotte Philippe,Shawinigan,QC,CAN,NA,NA
2014,Canoe,P1,oc2pro,30,29118,182,181,145,47,30,47,susquehanna70,Mens Under 50,NA,Samuel Ayotte,Ayotte Samuel,Shawinigan-Sud,QC,CAN,NA,NA
2024,Canoe,P9,oc2pro,2,29124,183,182,146,2,2,2,susquehanna70,NA,pellerja01,Jimmy Pellerin,Pellerin Jimmy,Saint-Etienne-Des-Gres,QC,CAN,Fueling on Näak,NA
2024,Canoe,P9,oc2pro,2,29124,183,182,146,2,2,2,susquehanna70,NA,proulxch01,Christophe Proulx,Proulx Christophe,Shawinigan,QC,CAN,Fueling on Näak,NA
2024,Canoe,P34,oc2pro,3,29127,184,183,147,3,3,3,susquehanna70,NA,davismi01,Michael Davis,Davis Michael,Homer,MI,USA,NA,NA
2024,Canoe,P34,oc2pro,3,29127,184,183,147,3,3,3,susquehanna70,NA,blaisgu01,Guillaume Blais,Blais Guillaume,St Boniface,QC,CAN,NA,NA
2015,Canoe,P7,oc2pro,4,29130,185,184,148,4,4,4,susquehanna70,Mens Under 50,streibma01,Matt Streib,Streib Matt,Grayling,MI,USA,NA,NA
2015,Canoe,P7,oc2pro,4,29130,185,184,148,4,4,4,susquehanna70,Mens Under 50,davismi01,Michael Davis,Davis Michael,Homer,MI,USA,NA,NA
2016,Canoe,B2,oc4stock,1,29142,186,185,14,10,1,10,susquehanna70,NA,nicholal01,Allen Nichols,Nichols Allen,Laurens,NY,USA,NA,NA
2016,Canoe,B2,oc4stock,1,29142,186,185,14,10,1,10,susquehanna70,NA,wissebo01,Bob Wisse,Wisse Bob,Oneonta,NY,USA,NA,NA
2016,Canoe,B2,oc4stock,1,29142,186,185,14,10,1,10,susquehanna70,NA,shultije01,Jeff Shultis,Shultis Jeff,Otego,NY,USA,NA,NA
2016,Canoe,B2,oc4stock,1,29142,186,185,14,10,1,10,susquehanna70,NA,harrisla01,Larry Harrison,Harrison Larry,Oneonta,NY,USA,NA,NA
2017,Canoe,P33,oc2pro,15,29150,187,186,149,17,15,17,susquehanna70,NA,NA,Paul Crochetière,Crochetière Paul,st etienne des gres,QC,CAN,NA,NA
2017,Canoe,P33,oc2pro,15,29150,187,186,149,17,15,17,susquehanna70,NA,NA,Francois Villemure,Villemure Francois,orford,QC,CAN,NA,NA
2017,Canoe,T5,oc2cruiser,1,29151,188,187,8,18,1,18,susquehanna70,NA,olsonke01,Kevin Olson,Olson Kevin,Clay,NY,USA,NA,NA
2017,Canoe,T5,oc2cruiser,1,29151,188,187,8,18,1,18,susquehanna70,NA,olsonri01,Richard Olson,Olson Richard,Mohawk,NY,USA,NA,NA
2017,Canoe,P14,oc2pro,16,29151,189,188,150,19,16,19,susquehanna70,NA,schlimma01,Mary Schlimmer,Schlimmer Mary,Homer,MI,USA,NA,NA
2017,Canoe,P14,oc2pro,16,29151,189,188,150,19,16,19,susquehanna70,NA,bellemvi01,Vincent Bellemare,Bellemare Vincent,Shawinigan,QC,CAN,NA,NA
2023,Canoe,P25,oc2pro,1,29151,190,189,151,1,1,1,susquehanna70,NA,lajoiest01,Steve Lajoie,Lajoie Steve,Mirabel,QC,CAN,NA,NA
2023,Canoe,P25,oc2pro,1,29151,190,189,151,1,1,1,susquehanna70,NA,deanwe01,Wes Dean,Dean Wes,Grayling,MI,USA,NA,NA
2017,Canoe,P2,oc2pro,17,29159,191,190,152,20,17,20,susquehanna70,NA,darchech01,Charles Darchen,Darchen Charles,Trois-Rivieres,QC,CAN,NA,NA
2017,Canoe,P2,oc2pro,17,29159,191,190,152,20,17,20,susquehanna70,NA,NA,Gabriel La Rose,La Rose Gabriel,Shawinigan,QC,CAN,NA,NA
2025,Canoe,P41,oc2pro,42,29164,192,191,153,47,42,47,susquehanna70,NA,rhodeske01,Kelly Rhodes,Rhodes Kelly,Silver Spring,MD,USA,Blazing Owls,NA
2025,Canoe,P41,oc2pro,42,29164,192,191,153,47,42,47,susquehanna70,NA,lowenfma01,Martin Lowenfish,Lowenfish Martin,Washington,DC,USA,Blazing Owls,NA
2019,Canoe,P10,oc2pro,26,29168,193,192,154,36,26,35,susquehanna70,NA,lullna01,Nate Lull,Lull Nate,Gilbertsville,NY,USA,NA,NA
2019,Canoe,P10,oc2pro,26,29168,193,192,154,36,26,35,susquehanna70,NA,packarmi01,Mike Packard,Packard Mike,Oneonta,NY,USA,NA,NA
2019,Canoe,P20,oc2pro,27,29169,194,193,155,37,27,36,susquehanna70,NA,olneyjo01,JoAnn Olney,Olney JoAnn,Westernville,NY,USA,NA,NA
2019,Canoe,P20,oc2pro,27,29169,194,193,155,37,27,36,susquehanna70,NA,olneypa01,Paul Olney,Olney Paul,Westernville,NY,USA,NA,NA
2025,Canoe,U3,oc2cruisersenior,1,29170,195,194,1,48,1,48,susquehanna70,NA,leebr01,Bruce Lee,Lee Bruce,Port Crane,NY,USA,NA,NA
2025,Canoe,U3,oc2cruisersenior,1,29170,195,194,1,48,1,48,susquehanna70,NA,harrisla01,Larry Harrison,Harrison Larry,Oneonta,NY,USA,NA,NA
2022,Canoe,P42,oc2pro,4,29203,196,195,156,4,4,4,susquehanna70,NA,halstery01,Ryan Halstead,Halstead Ryan,Grayling ,MI,USA,NA,NA
2022,Canoe,P42,oc2pro,4,29203,196,195,156,4,4,4,susquehanna70,NA,issendch01,Chris Issendorf,Issendorf Chris,New Braunfels ,TX,USA,NA,NA
2014,Canoe,P6,oc2pro,31,29226,197,196,157,48,31,48,susquehanna70,Mixed,perrinja01,Jan Perrin,Perrin Jan,Janesville,WI,USA,NA,NA
2014,Canoe,P6,oc2pro,31,29226,197,196,157,48,31,48,susquehanna70,Mixed,cartieyv01,Yves Cartier,Cartier Yves,Palm Beach Gardens,FL,USA,NA,NA
2022,Canoe,P48,oc2pro,5,29236,198,197,158,5,5,5,susquehanna70,NA,mynarlo01,Logan Mynar,Mynar Logan,Martindale,TX,USA,NA,NA
2022,Canoe,P48,oc2pro,5,29236,198,197,158,5,5,5,susquehanna70,NA,stonehky01,Kyle Stonehouse,Stonehouse Kyle,Grayling,MI,USA,NA,NA
2014,Canoe,T10,oc2cruiser,4,29256,199,198,9,49,4,49,susquehanna70,NA,pedersje01,Jeff Pedersen,Pedersen Jeff,Gilbertsville,NY,USA,NA,NA
2014,Canoe,T10,oc2cruiser,4,29256,199,198,9,49,4,49,susquehanna70,NA,sandne01,Neal Sand,Sand Neal,Milton,VT,USA,NA,NA
2018,Canoe,P44,oc2pro,20,29262,200,199,159,23,20,23,susquehanna70,NA,yaroshto01,Tom Yarosh,Yarosh Tom,Windsor,NY,USA,NA,NA
2018,Canoe,P44,oc2pro,20,29262,200,199,159,23,20,23,susquehanna70,NA,leebr01,Bruce Lee,Lee Bruce,Port Crane,NY,USA,NA,NA
2024,Canoe,P26,oc2pro,4,29271,201,200,160,4,4,4,susquehanna70,NA,stepkary01,Ryan Stepka,Stepka Ryan,Cantley,QC,CAN,Too Many Ryans,NA
2024,Canoe,P26,oc2pro,4,29271,201,200,160,4,4,4,susquehanna70,NA,halstery01,Ryan Halstead,Halstead Ryan,Grayling ,MI,USA,Too Many Ryans,NA
2019,Canoe,B4,oc4stock,4,29275,202,201,15,38,4,37,susquehanna70,NA,stoutte01,Teresa Stout,Stout Teresa,Corsica,PA,USA,NA,NA
2019,Canoe,B4,oc4stock,4,29275,202,201,15,38,4,37,susquehanna70,NA,martinst01,Steve Martin,Martin Steve,Ridgway,PA,USA,NA,NA
2019,Canoe,B4,oc4stock,4,29275,202,201,15,38,4,37,susquehanna70,NA,gruberpa01,Paul Gruber,Gruber Paul,Irvine,PA,USA,NA,NA
2019,Canoe,B4,oc4stock,4,29275,202,201,15,38,4,37,susquehanna70,NA,flamento01,Toni Flament,Flament Toni,Emporium,PA,USA,NA,NA
2024,Canoe,P45,oc2pro,5,29299,203,202,161,5,5,5,susquehanna70,NA,zaverary01,Ryan Zaveral,Zaveral Ryan,Unadilla,NY,USA,ZRE,NA
2024,Canoe,P45,oc2pro,5,29299,203,202,161,5,5,5,susquehanna70,NA,burmeica01,Carson Burmeister,Burmeister Carson,Grayling,MI,USA,ZRE,NA
2016,Canoe,P45,oc2pro,10,29299,204,203,162,11,10,11,susquehanna70,Mens Under 50,shaveral01,Al Shaver,Shaver Al,Meridale,NY,USA,NA,NA
2016,Canoe,P45,oc2pro,10,29299,204,203,162,11,10,11,susquehanna70,Mens Under 50,leebr01,Bruce Lee,Lee Bruce,Port Crane,NY,USA,NA,NA
2016,Canoe,P28,oc2pro,11,29301,205,204,163,12,11,12,susquehanna70,Mens Under 50,dagenafr01,Francois Dagenais,Dagenais Francois,Shawnigan,QC,CAN,NA,NA
2016,Canoe,P28,oc2pro,11,29301,205,204,163,12,11,12,susquehanna70,Mens Under 50,roussegu01,Guy Rousseau,Rousseau Guy,Trois-Rivieres,QC,CAN,NA,NA
2018,Canoe,P18,oc2pro,21,29314,206,205,164,24,21,24,susquehanna70,NA,shaveral01,Al Shaver,Shaver Al,Meridale,NY,USA,NA,NA
2018,Canoe,P18,oc2pro,21,29314,206,205,164,24,21,24,susquehanna70,NA,personda01,Dale Persons,Persons Dale,Bainbridge,NY,USA,NA,NA
2025,Canoe,P21,oc2pro,43,29316,207,206,165,49,43,49,susquehanna70,NA,schillma01,Maria Schilling,Schilling Maria,Minneapolis,MN,USA,Olson/Schilling,NA
2025,Canoe,P21,oc2pro,43,29316,207,206,165,49,43,49,susquehanna70,NA,olsonke01,Kevin Olson,Olson Kevin,Parrish,FL,USA,Olson/Schilling,NA
2018,Canoe,P14,oc2pro,22,29319,208,207,166,25,22,25,susquehanna70,NA,greffasy01,Sylvain Greffard,Greffard Sylvain,La Tuque,QC,CAN,NA,NA
2018,Canoe,P14,oc2pro,22,29319,208,207,166,25,22,25,susquehanna70,NA,darchech01,Charles Darchen,Darchen Charles,Trois-Rivieres,QC,CAN,NA,NA
2022,Canoe,P23,oc2pro,6,29345,209,208,167,6,6,6,susquehanna70,NA,meersmma01,Matt Meersman,Meersman Matt,South Bend,IN,USA,Meersman/Crotser,NA
2022,Canoe,P23,oc2pro,6,29345,209,208,167,6,6,6,susquehanna70,NA,crotseja01,Jake Crotser,Crotser Jake,Oneonta,NY,USA,Meersman/Crotser,NA
2014,Canoe,X16,oc2cruisermix,3,29361,210,209,5,50,3,50,susquehanna70,NA,colego01,Gord Cole,Cole Gord,Parry Sound,ON,CAN,NA,NA
2014,Canoe,X16,oc2cruisermix,3,29361,210,209,5,50,3,50,susquehanna70,NA,simpsoka01,Karen Simpson,Simpson Karen,Mississauga,ON,CAN,NA,NA
2025,Canoe,P13,oc2pro,44,29361,211,210,168,50,44,50,susquehanna70,NA,zophygr01,Greg Zophy,Zophy Greg,St. Paul,MN,USA,NA,NA
2025,Canoe,P13,oc2pro,44,29361,211,210,168,50,44,50,susquehanna70,NA,braxde01,Debbie Brax,Brax Debbie,Deruyter,NY,USA,NA,NA
2014,Canoe,S2,oc1pro,5,29370,212,211,6,51,5,51,susquehanna70,NA,wiesnene01,Neil Wiesner-Hanks,Wiesner-Hanks Neil,Mequon,WI,USA,NA,NA
2016,Canoe,P3,oc2pro,12,29385,213,212,169,13,12,13,susquehanna70,Mixed,machated01,Edith MacHattie,MacHattie Edith,Saskatoon,SK,CAN,NA,NA
2016,Canoe,P3,oc2pro,12,29385,213,212,169,13,12,13,susquehanna70,Mixed,robinstr01,Trevor Robinson,Robinson Trevor,Saskatoon,SK,CAN,NA,NA
2017,Canoe,T7,oc2cruiser,2,29400,214,213,10,21,2,21,susquehanna70,NA,millerst01,Stephen Miller,Miller Stephen,Groton,MA,USA,NA,NA
2017,Canoe,T7,oc2cruiser,2,29400,214,213,10,21,2,21,susquehanna70,NA,hallan01,Andy Hall,Hall Andy,Arlington,MA,USA,NA,NA
2014,Canoe,X7,oc2cruisermix,4,29418,215,214,6,52,4,52,susquehanna70,NA,sutterre01,Rebecca Sutter,Sutter Rebecca,Saranac Lake,NY,USA,NA,NA
2014,Canoe,X7,oc2cruisermix,4,29418,215,214,6,52,4,52,susquehanna70,NA,henryro01,Roger Henry,Henry Roger,Rexford,NY,USA,NA,NA
2024,Canoe,P10,oc2pro,6,29454,216,215,170,6,6,6,susquehanna70,NA,prunealo01,Louis-Simon Pruneau,Pruneau Louis-Simon,Shawinigan ,QC,CAN,Ripple FX Paddles - Le Yéti,NA
2024,Canoe,P10,oc2pro,6,29454,216,215,170,6,6,6,susquehanna70,NA,NA,Serge Pagé,Pagé Serge,Saint-Boniface ,QC,CAN,Ripple FX Paddles - Le Yéti,NA
2025,Canoe,P24,oc2pro,45,29474,217,216,171,51,45,51,susquehanna70,NA,NA,Trina Ross,Ross Trina,Winnipeg,MB,CAN,Team Toba,NA
2025,Canoe,P24,oc2pro,45,29474,217,216,171,51,45,51,susquehanna70,NA,NA,Florian Haskerkehrer,Haskerkehrer Florian,Winnipeg,MB,CAN,Team Toba,NA
2018,Canoe,P10,oc2pro,23,29476,218,217,172,26,23,26,susquehanna70,NA,kueffefr01,Fred Kueffer,Kueffer Fred,Falcon Heights,MN,USA,NA,NA
2018,Canoe,P10,oc2pro,23,29476,218,217,172,26,23,26,susquehanna70,NA,henryda01,Dana Henry,Henry Dana,Plymouth,MN,USA,NA,NA
2022,Canoe,P16,oc2pro,7,29496,219,218,173,7,7,7,susquehanna70,NA,NA,Po Quesnel,Quesnel Po,Laval ,QC,CAN,NA,NA
2022,Canoe,P16,oc2pro,7,29496,219,218,173,7,7,7,susquehanna70,NA,medinato01,Danny Medina,Medina Danny,Homer,MI,USA,NA,NA
2025,Canoe,B4,oc4stock,1,29501,220,219,16,52,1,52,susquehanna70,NA,NA,Wayne Duncan,Duncan Wayne,Ivor,VA,USA,Have a Mike Day,NA
2025,Canoe,B4,oc4stock,1,29501,220,219,16,52,1,52,susquehanna70,NA,NA,Matthew Butcher,Butcher Matthew,Arlington,VA,USA,Have a Mike Day,NA
2025,Canoe,B4,oc4stock,1,29501,220,219,16,52,1,52,susquehanna70,NA,NA,Katherine Urrutia,Urrutia Katherine,Virginia Beach,VA,USA,Have a Mike Day,NA
2025,Canoe,B4,oc4stock,1,29501,220,219,16,52,1,52,susquehanna70,NA,mclainru01,Rusty McLain,McLain Rusty,Chesapeake,VA,USA,Have a Mike Day,NA
2014,Canoe,V9,oc2cruisermaster,4,29508,221,220,4,53,4,53,susquehanna70,NA,vandorda01,David Vandorpe,Vandorpe David,Watertown,MA,USA,NA,NA
2014,Canoe,V9,oc2cruisermaster,4,29508,221,220,4,53,4,53,susquehanna70,NA,lyesiuni01,Nick Lyesiuk,Lyesiuk Nick,Orange,MA,USA,NA,NA
2019,Canoe,S3,oc1pro,2,29510,222,221,7,39,2,38,susquehanna70,NA,trudelfr01,Francis Trudel,Trudel Francis,Shawinigan,QC,CAN,NA,NA
2015,Canoe,P23,oc2pro,5,29512,223,222,174,5,5,5,susquehanna70,Mens Under 50,pellerja01,Jim Pellerin,Pellerin Jim,Shawinigan-Sud,QC,CAN,NA,NA
2015,Canoe,P23,oc2pro,5,29512,223,222,174,5,5,5,susquehanna70,Mens Under 50,pellerto01,Tom Pellerin,Pellerin Tom,Shawinigan-Sud,QC,CAN,NA,NA
2019,Canoe,S2,oc1pro,3,29516,224,223,8,40,3,39,susquehanna70,NA,mercielu01,Luc Mercier,Mercier Luc,Trois-Rivieres,QC,CAN,NA,NA
2022,Canoe,P5,oc2pro,8,29518,225,224,175,8,8,8,susquehanna70,NA,pagese01,Serge Page,Page Serge,Saint-Boniface ,QC,CAN,Pruneau-PagÃ©,NA
2022,Canoe,P5,oc2pro,8,29518,225,224,175,8,8,8,susquehanna70,NA,prunealo01,Louis-Simon Pruneau,Pruneau Louis-Simon,Shawinigan ,QC,CAN,Pruneau-PagÃ©,NA
2015,Canoe,P29,oc2pro,6,29526,226,225,176,6,6,6,susquehanna70,Mens Under 50,NA,Christopher Proulx,Proulx Christopher,Shawinigan,QC,CAN,NA,NA
2015,Canoe,P29,oc2pro,6,29526,226,225,176,6,6,6,susquehanna70,Mens Under 50,gagnoner01,Eric Gagnon,Gagnon Eric,Shawinigan,QC,CAN,NA,NA
2018,Canoe,P27,oc2pro,24,29533,227,226,177,27,24,27,susquehanna70,NA,bartonre01,Rebecca Davis,Davis Rebecca,Homer,MI,USA,NA,NA
2018,Canoe,P27,oc2pro,24,29533,227,226,177,27,24,27,susquehanna70,NA,machated01,Edith MacHattie,MacHattie Edith,Saskatoon,SK,CAN,NA,NA
2014,Canoe,P34,oc2pro,32,29541,228,227,178,54,32,54,susquehanna70,Women,schlimma01,Mary Schlimmer,Schlimmer Mary,Cortland,NY,USA,NA,NA
2014,Canoe,P34,oc2pro,32,29541,228,227,178,54,32,54,susquehanna70,Women,schlimth01,Theresa Schlimmer,Schlimmer Theresa,Cortland,NY,USA,NA,NA
2016,Canoe,P30,oc2pro,13,29557,229,228,179,14,13,14,susquehanna70,Mens Under 50,quesnepi01,Pierre-Olivier Quesnel,Quesnel Pierre-Olivier,Laval,QC,CAN,NA,NA
2016,Canoe,P30,oc2pro,13,29557,229,228,179,14,13,14,susquehanna70,Mens Under 50,greffasy01,Sylvain Greffard,Greffard Sylvain,La Tuque,QC,CAN,NA,NA
2022,Canoe,P31,oc2pro,9,29586,230,229,180,9,9,9,susquehanna70,NA,zaverary01,Ryan Zaveral,Zaveral Ryan,Unadilla,NY,USA,ZRE,NA
2022,Canoe,P31,oc2pro,9,29586,230,229,180,9,9,9,susquehanna70,NA,maddenpa01,Patrick Madden,Madden Patrick,Scotia,NY,USA,ZRE,NA
2015,Canoe,P2,oc2pro,7,29587,231,230,181,7,7,7,susquehanna70,Mens Under 50,schlimbe01,Benedict Schlimmer,Schlimmer Benedict,Cortland,NY,USA,NA,NA
2015,Canoe,P2,oc2pro,7,29587,231,230,181,7,7,7,susquehanna70,Mens Under 50,mcclaica01,Cameron McClain,McClain Cameron,Grayling,MI,USA,NA,NA
2019,Canoe,S8,oc1pro,4,29627,232,231,9,41,4,40,susquehanna70,NA,chapplti01,Tim Chapple,Chapple Tim,Interlochen,MI,USA,NA,NA
2015,Canoe,P15,oc2pro,8,29635,233,232,182,8,8,8,susquehanna70,Mens Under 50,meadpe01,Pete Mead,Mead Pete,Traverse City,MI,USA,NA,NA
2015,Canoe,P15,oc2pro,8,29635,233,232,182,8,8,8,susquehanna70,Mens Under 50,macdowsh01,Shane Macdowell,Macdowell Shane,Waitsfield,VT,USA,NA,NA
2025,Canoe,P32,oc2pro,46,29642,234,233,183,53,46,53,susquehanna70,NA,NA,Eric Vaugeois,Vaugeois Eric,Trois-Rivieres,QC,CAN,Vaugeois & Bournival,NA
2025,Canoe,P32,oc2pro,46,29642,234,233,183,53,46,53,susquehanna70,NA,NA,David Bournival,Bournival David,Shawinigan ,QC,CAN,Vaugeois & Bournival,NA
2025,Canoe,U2,oc2cruisersenior,2,29645,235,234,2,54,2,54,susquehanna70,NA,cumminde01,Del Cummings,Cummings Del,Meriden,CT,USA,NA,NA
2025,Canoe,U2,oc2cruisersenior,2,29645,235,234,2,54,2,54,susquehanna70,NA,cumminvi01,Vicki Cummings,Cummings Vicki,Meriden,CT,USA,NA,NA
2024,Canoe,P27,oc2pro,7,29647,236,235,184,7,7,7,susquehanna70,NA,meckletr01,Travis Mecklenburg,Mecklenburg Travis,Columbus,OH,USA,NA,NA
2024,Canoe,P27,oc2pro,7,29647,236,235,184,7,7,7,susquehanna70,NA,NA,Matt Gabriel,Gabriel Matt,Grayling,MI,USA,NA,NA
2014,Canoe,X3,oc2cruisermix,5,29648,237,236,7,55,5,55,susquehanna70,NA,johnsoem01,Emily Johnson,Johnson Emily,St Paul,MN,USA,NA,NA
2014,Canoe,X3,oc2cruisermix,5,29648,237,236,7,55,5,55,susquehanna70,NA,defeoje01,Jeff Defeo,Defeo Jeff,Chester,MA,USA,NA,NA
2025,Canoe,P51,oc2pro,47,29655,238,237,185,55,47,55,susquehanna70,NA,limberal01,Allen Limberg,Limberg Allen,Wausau,WI,USA,Al and Barb,NA
2025,Canoe,P51,oc2pro,47,29655,238,237,185,55,47,55,susquehanna70,NA,bradleba01,Barbara Bradley,Bradley Barbara,Wausau,WI,USA,Al and Barb,NA
2014,Canoe,Y1,oc2cruiserwomen,1,29658,239,238,1,56,1,56,susquehanna70,NA,NA,Carol Hykel Dailey,Dailey Carol Hykel,Wayne,PA,USA,NA,NA
2014,Canoe,Y1,oc2cruiserwomen,1,29658,239,238,1,56,1,56,susquehanna70,NA,mattinhy01,Hype Mattingly,Mattingly Hype,Carneys Point,NJ,USA,NA,NA
2017,Canoe,B7,oc4stock,3,29666,240,239,17,22,3,22,susquehanna70,NA,apreaga01,Gary Aprea,Aprea Gary,Austerlitz,NY,USA,NA,NA
2017,Canoe,B7,oc4stock,3,29666,240,239,17,22,3,22,susquehanna70,NA,millerse01,Seth Miller,Miller Seth,Norwood,MA,USA,NA,NA
2017,Canoe,B7,oc4stock,3,29666,240,239,17,22,3,22,susquehanna70,NA,wesleygl01,Gloria Wesley,Wesley Gloria,Pittsfield,MA,USA,NA,NA
2017,Canoe,B7,oc4stock,3,29666,240,239,17,22,3,22,susquehanna70,NA,bosske01,Kevin Boss,Boss Kevin,Swansea,MA,USA,NA,NA
2019,Canoe,P4,oc2pro,28,29677,241,240,186,42,28,41,susquehanna70,NA,trestoka01,Katie Treston,Treston Katie,traverse city,MI,USA,NA,NA
2019,Canoe,P4,oc2pro,28,29677,241,240,186,42,28,41,susquehanna70,NA,trestokr01,Kristi Treston,Treston Kristi,Traverse City,MI,USA,NA,NA
2019,Canoe,P35,oc2pro,29,29680,242,241,187,43,29,42,susquehanna70,NA,rhodeske01,Kelly Rhodes,Rhodes Kelly,Silver Spring,MD,USA,NA,NA
2019,Canoe,P35,oc2pro,29,29680,242,241,187,43,29,42,susquehanna70,NA,botelepa01,Pam Boteler,Boteler Pam,Alexandria,VA,USA,NA,NA
2023,Canoe,P13,oc2pro,2,29682,243,242,188,2,2,2,susquehanna70,NA,halstery01,Ryan Halstead,Halstead Ryan,Grayling ,MI,USA,#1350,NA
2023,Canoe,P13,oc2pro,2,29682,243,242,188,2,2,2,susquehanna70,NA,proulxch01,Christophe Proulx,Proulx Christophe,Shawinigan,QC,CAN,#1350,NA
2023,Canoe,P27,oc2pro,3,29685,244,243,189,3,3,3,susquehanna70,NA,blaisgu01,Guillaume Blais,Blais Guillaume,St Boniface,QC,CAN,Davis/Blais,NA
2023,Canoe,P27,oc2pro,3,29685,244,243,189,3,3,3,susquehanna70,NA,davismi01,Michael Davis,Davis Michael,Homer,MI,USA,Davis/Blais,NA
2017,Canoe,P13,oc2pro,18,29690,245,244,190,23,18,23,susquehanna70,NA,lyesiubr01,Brent Lyesiuk,Lyesiuk Brent,Orange,MA,USA,NA,NA
2017,Canoe,P13,oc2pro,18,29690,245,244,190,23,18,23,susquehanna70,NA,rossem01,Emma Ellsworth,Ellsworth Emma,Orange,MA,USA,NA,NA
2016,Canoe,P36,oc2pro,14,29704,246,245,191,15,14,15,susquehanna70,Mens Under 50,condiean01,Andrew Condie,Condie Andrew,Martindale,TX,USA,NA,NA
2016,Canoe,P36,oc2pro,14,29704,246,245,191,15,14,15,susquehanna70,Mens Under 50,mynarky01,Kyle Mynar,Mynar Kyle,Martindale,TX,USA,NA,NA
2019,Canoe,S7,oc1pro,5,29710,247,246,10,44,5,43,susquehanna70,NA,palmerma01,Matthew Palmer,Palmer Matthew,Morris,NY,USA,NA,NA
2019,Canoe,X5,oc2cruisermix,3,29722,248,247,8,45,3,44,susquehanna70,NA,cumminde01,Dell Cummings,Cummings Dell,Meriden,CT,USA,NA,NA
2019,Canoe,X5,oc2cruisermix,3,29722,248,247,8,45,3,44,susquehanna70,NA,cumminvi01,Vicki Cummings,Cummings Vicki,Meriden,CT,USA,NA,NA
2019,Canoe,P37,oc2pro,30,29729,249,248,192,46,30,45,susquehanna70,NA,faloonjo01,Joanna Faloon,Faloon Joanna,Ottawa,ON,CAN,NA,NA
2019,Canoe,P37,oc2pro,30,29729,249,248,192,46,30,45,susquehanna70,NA,heedpe01,Peter Heed,Heed Peter,Keene,NH,USA,NA,NA
2015,Canoe,P11,oc2pro,9,29731,250,249,193,9,9,9,susquehanna70,Mens Under 50,shaveral01,Al Shaver Jr.,Shaver Jr. Al,Meridale,NY,USA,NA,NA
2015,Canoe,P11,oc2pro,9,29731,250,249,193,9,9,9,susquehanna70,Mens Under 50,lefevetr01,Trevor Lefever,Lefever Trevor,Oneonta,NY,USA,NA,NA
2014,Canoe,X2,oc2cruisermix,6,29739,251,250,9,57,6,57,susquehanna70,NA,gillesad01,Adrienne Gillespie,Gillespie Adrienne,Webster,NY,USA,NA,NA
2014,Canoe,X2,oc2cruisermix,6,29739,251,250,9,57,6,57,susquehanna70,NA,sennetda01,David Sennett,Sennett David,Auburn,NY,USA,NA,NA
2015,Canoe,P19,oc2pro,10,29772,252,251,194,10,10,10,susquehanna70,Mens Under 50,schlimmi01,Michael Schlimmer,Schlimmer Michael,Cortland,NY,USA,NA,NA
2015,Canoe,P19,oc2pro,10,29772,252,251,194,10,10,10,susquehanna70,Mens Under 50,frigonsa01,Samuel Frigon,Frigon Samuel,St-Bonifance De Shawinigan,QC,CAN,NA,NA
2023,Canoe,P11,oc2pro,4,29774,253,252,195,4,4,4,susquehanna70,NA,meadpe01,Pete Mead,Mead Pete,Traverse City ,MI,USA,#13:49:59,NA
2023,Canoe,P11,oc2pro,4,29774,253,252,195,4,4,4,susquehanna70,NA,issendch01,Chris Issendorf,Issendorf Chris,New Braunfels ,TX,USA,#13:49:59,NA
2025,Canoe,P15,oc2pro,48,29783,254,253,196,56,48,56,susquehanna70,NA,dufourth01,Thierry Dufour,Dufour Thierry,Trois Rivieres,QC,CAN,NA,NA
2025,Canoe,P15,oc2pro,48,29783,254,253,196,56,48,56,susquehanna70,NA,michauge01,Geremy Michaud,Michaud Geremy,Quebec,QC,CAN,NA,NA
2016,Canoe,P27,oc2pro,15,29798,255,254,197,16,15,16,susquehanna70,Mens Under 50,lacroijo01,Joel Lacroix,Lacroix Joel,Shawinigan-Sud,QC,CAN,NA,NA
2016,Canoe,P27,oc2pro,15,29798,255,254,197,16,15,16,susquehanna70,Mens Under 50,NA,Phillipe Quessy,Quessy Phillipe,Drummondville,QC,CAN,NA,NA
2015,Canoe,P16,oc2pro,11,29801,256,255,198,11,11,11,susquehanna70,Mixed,machated01,Edith Machattie,Machattie Edith,Saskatoon,SK,CAN,NA,NA
2015,Canoe,P16,oc2pro,11,29801,256,255,198,11,11,11,susquehanna70,Mixed,NA,Graham Smith,Smith Graham,Vancouver,BC,CAN,NA,NA
2022,Canoe,P43,oc2pro,10,29808,257,256,199,10,10,10,susquehanna70,NA,mainguno01,Normand Mainguy,Mainguy Normand,Notre Dame De Pontmain,QC,CAN,Marchand/Lajoie,NA
2022,Canoe,P43,oc2pro,10,29808,257,256,199,10,10,10,susquehanna70,NA,bartonre01,Rebecca Davis,Davis Rebecca,Homer,MI,USA,Marchand/Lajoie,NA
2019,Canoe,P23,oc2pro,31,29809,258,257,200,47,31,46,susquehanna70,NA,meckleda01,Dan Mecklenburg,Mecklenburg Dan,Columbus,OH,USA,NA,NA
2019,Canoe,P23,oc2pro,31,29809,258,257,200,47,31,46,susquehanna70,NA,braxde01,Debbie Brax,Brax Debbie,bay village,OH,USA,NA,NA
2014,Canoe,E14,oc2stock,1,29825,259,258,1,58,1,58,susquehanna70,NA,koptafr01,Fran Kopta,Kopta Fran,Sherman,NY,USA,NA,NA
2014,Canoe,E14,oc2stock,1,29825,259,258,1,58,1,58,susquehanna70,NA,koptama01,Mark Kopta,Kopta Mark,Clymer,NY,USA,NA,NA
2014,Canoe,X15,oc2cruisermix,7,29832,260,259,10,59,7,59,susquehanna70,NA,santorjo01,Jon Santor,Santor Jon,Rainbow Lake,NY,USA,NA,NA
2014,Canoe,X15,oc2cruisermix,7,29832,260,259,10,59,7,59,susquehanna70,NA,domaski01,Kirsten Domas,Domas Kirsten,Rainbow Lake,NY,USA,NA,NA
2022,Canoe,P29,oc2pro,11,29848,261,260,201,11,11,11,susquehanna70,NA,mynarky01,Kyle Mynar,Mynar Kyle,Grayling,MI,USA,NA,NA
2022,Canoe,P29,oc2pro,11,29848,261,260,201,11,11,11,susquehanna70,NA,wyattcl01,Clay Wyatt,Wyatt Clay,Sequin,TX,USA,NA,NA
2014,Canoe,T5,oc2cruiser,5,29880,262,261,11,60,5,60,susquehanna70,NA,rosspe01,Peter Ross,Ross Peter,Ontario,NY,USA,NA,NA
2014,Canoe,T5,oc2cruiser,5,29880,262,261,11,60,5,60,susquehanna70,NA,henninti01,Tim Henning,Henning Tim,Marion,NY,USA,NA,NA
2016,Canoe,B4,oc4stock,2,29885,263,262,18,17,2,17,susquehanna70,NA,bartonbr01,Bruce Barton,Barton Bruce,Homer,MI,USA,NA,NA
2016,Canoe,B4,oc4stock,2,29885,263,262,18,17,2,17,susquehanna70,NA,meersmma01,Matt Meersman,Meersman Matt,South Bend,IN,USA,NA,NA
2016,Canoe,B4,oc4stock,2,29885,263,262,18,17,2,17,susquehanna70,NA,bartonro01,Roxanne Barton,Barton Roxanne,Homer,MI,USA,NA,NA
2016,Canoe,B4,oc4stock,2,29885,263,262,18,17,2,17,susquehanna70,NA,trieboti01,Tim Triebold,Triebold Tim,Spring Arbor,MI,USA,NA,NA
2018,Canoe,P26,oc2pro,25,29889,264,263,202,28,25,28,susquehanna70,NA,nadeausy01,Sylvie Nadeau,Nadeau Sylvie,St Jerome,QC,CAN,NA,NA
2018,Canoe,P26,oc2pro,25,29889,264,263,202,28,25,28,susquehanna70,NA,schlimjo01,Joe Schlimmer,Schlimmer Joe,Ithaca,NY,USA,NA,NA
2022,Canoe,O3,oc4unlimited,1,29889,265,264,5,12,1,12,susquehanna70,NA,wesleygl01,Gloria Wesley,Wesley Gloria,Pittsfield,MA,USA,NA,NA
2022,Canoe,O3,oc4unlimited,1,29889,265,264,5,12,1,12,susquehanna70,NA,apreaga01,Gary Aprea,Aprea Gary,Austerlitz,NY,USA,NA,NA
2022,Canoe,O3,oc4unlimited,1,29889,265,264,5,12,1,12,susquehanna70,NA,garlanti01,Tim Garland,Garland Tim,Surry,NH,USA,NA,NA
2022,Canoe,O3,oc4unlimited,1,29889,265,264,5,12,1,12,susquehanna70,NA,olneypa01,Paul Olney,Olney Paul,Westernville,NY,USA,NA,NA
2022,Canoe,P3,oc2pro,12,29902,266,265,203,13,12,13,susquehanna70,NA,mercielu01,Luc Mercier,Mercier Luc,Trois-Rivieres,QC,CAN,NA,NA
2022,Canoe,P3,oc2pro,12,29902,266,265,203,13,12,13,susquehanna70,NA,charetch01,Christian Charette,Charette Christian,St-Boniface,QC,CAN,NA,NA
2025,Canoe,B2,oc4stock,2,29902,267,266,19,57,2,57,susquehanna70,NA,loringch01,Chip Loring,Loring Chip,Old Town,ME,USA,Team Penobscot,NA
2025,Canoe,B2,oc4stock,2,29902,267,266,19,57,2,57,susquehanna70,NA,rancoma01,Mark Ranco,Ranco Mark,Bangor,ME,USA,Team Penobscot,NA
2025,Canoe,B2,oc4stock,2,29902,267,266,19,57,2,57,susquehanna70,NA,gauseri01,Rick Gause,Gause Rick,North Yarmouth,ME,USA,Team Penobscot,NA
2025,Canoe,B2,oc4stock,2,29902,267,266,19,57,2,57,susquehanna70,NA,rubinha01,Hannah Rubin,Rubin Hannah,Montpelier,VT,USA,Team Penobscot,NA
2015,Canoe,B5,oc4stock,1,29929,268,267,20,12,1,12,susquehanna70,NA,torongbi01,Bill Torongo,Torongo Bill,Roscommon,MI,USA,NA,NA
2015,Canoe,B5,oc4stock,1,29929,268,267,20,12,1,12,susquehanna70,NA,kolkaje01,Jeff Kolka,Kolka Jeff,Grayling,MI,USA,NA,NA
2015,Canoe,B5,oc4stock,1,29929,268,267,20,12,1,12,susquehanna70,NA,bartonro01,Roxanne Barton,Barton Roxanne,Homer,MI,USA,NA,NA
2015,Canoe,B5,oc4stock,1,29929,268,267,20,12,1,12,susquehanna70,NA,trieboti01,Tim Triebold,Triebold Tim,Spring Arbor,MI,USA,NA,NA
2019,Canoe,S17,oc1pro,6,29937,269,268,11,48,6,47,susquehanna70,NA,waltonni01,Nick Walton,Walton Nick,Eaton Rapids,MI,USA,NA,NA
2017,Canoe,P28,oc2pro,19,29958,270,269,204,24,19,24,susquehanna70,NA,condiean01,Andrew Condie,Condie Andrew,Boulder,CO,USA,NA,NA
2017,Canoe,P28,oc2pro,19,29958,270,269,204,24,19,24,susquehanna70,NA,rollsia01,Ian Rolls,Rolls Ian,Dripping Springs,TX,USA,NA,NA
2015,Canoe,P18,oc2pro,12,29961,271,270,205,13,12,13,susquehanna70,Mens Under 50,mannsjo01,Joe Manns,Manns Joe,Maplewood,MN,USA,NA,NA
2015,Canoe,P18,oc2pro,12,29961,271,270,205,13,12,13,susquehanna70,Mens Under 50,robinstr01,Trevor Robinson,Robinson Trevor,Saskatoon,SK,CAN,NA,NA
2018,Canoe,S3,oc1pro,1,29964,272,271,12,29,1,29,susquehanna70,NA,pellerto01,Tom Pellerin,Pellerin Tom,Lavaltrie,QC,CAN,NA,NA
2025,Canoe,P1,oc2pro,49,29965,273,272,206,58,49,58,susquehanna70,NA,phamth01,Thina Pham,Pham Thina,Saint Georges,QC,CAN,Cookie Rice and Furry Teriyaki,NA
2025,Canoe,P1,oc2pro,49,29965,273,272,206,58,49,58,susquehanna70,NA,NA,Augustin Roy,Roy Augustin,Saint Georges,QC,CAN,Cookie Rice and Furry Teriyaki,NA
2017,Canoe,P24,oc2pro,20,29970,274,273,207,25,20,25,susquehanna70,NA,kingma01,Matt King,King Matt,Athol,MA,USA,NA,NA
2017,Canoe,P24,oc2pro,20,29970,274,273,207,25,20,25,susquehanna70,NA,thiemza01,Zach Thiem,Thiem Zach,NA,NA,NA,NA,NA
2019,Canoe,P26,oc2pro,32,29970,275,274,208,49,32,48,susquehanna70,NA,greffayv01,Yves Greffard,Greffard Yves,LA TUQUE,QC,CAN,NA,NA
2019,Canoe,P26,oc2pro,32,29970,275,274,208,49,32,48,susquehanna70,NA,NA,Carl Béliveau,Béliveau Carl,La Tuque,QC,CAN,NA,NA
2019,Canoe,S4,oc1pro,7,29978,276,275,13,50,7,49,susquehanna70,NA,hatfieja01,Jason Hatfield,Hatfield Jason,Grayling,MI,USA,NA,NA
2014,Canoe,X13,oc2cruisermix,8,29979,277,276,11,61,8,61,susquehanna70,NA,collieer01,Erica Collier,Collier Erica,Cooperstown,NY,USA,NA,NA
2014,Canoe,X13,oc2cruisermix,8,29979,277,276,11,61,8,61,susquehanna70,NA,colliejo01,John Collier,Collier John,Richmondville,NY,USA,NA,NA
2025,Canoe,X2,oc2cruisermix,1,29985,278,277,12,59,1,59,susquehanna70,NA,shaverme01,Megan Shaver,Shaver Megan,Williamsport,PA,USA,Paddle Faster Dad,NA
2025,Canoe,X2,oc2cruisermix,1,29985,278,277,12,59,1,59,susquehanna70,NA,shaveral01,Al Shaver,Shaver Al,Meridale,NY,USA,Paddle Faster Dad,NA
2015,Canoe,P24,oc2pro,13,29997,279,278,209,14,13,14,susquehanna70,Mens Under 50,lauthri01,Rich Lauth,Lauth Rich,Grosse Ile,MI,USA,NA,NA
2015,Canoe,P24,oc2pro,13,29997,279,278,209,14,13,14,susquehanna70,Mens Under 50,hillta01,Tad Hill,Hill Tad,Livonia,MI,USA,NA,NA
2024,Canoe,O3,oc4unlimited,1,30041,280,279,6,8,1,8,susquehanna70,NA,olneyjo01,Joann Olney,Olney Joann,Westernville,NY,USA,NA,NA
2024,Canoe,O3,oc4unlimited,1,30041,280,279,6,8,1,8,susquehanna70,NA,olneypa01,Paul Olney,Olney Paul,Westernville,NY,USA,NA,NA
2024,Canoe,O3,oc4unlimited,1,30041,280,279,6,8,1,8,susquehanna70,NA,schlimbe01,Ben Schlimmer,Schlimmer Ben,Camillus,NY,USA,NA,NA
2024,Canoe,O3,oc4unlimited,1,30041,280,279,6,8,1,8,susquehanna70,NA,NA,Jim Terrell,Terrell Jim,Costa Mesa,CA,USA,NA,NA
2019,Canoe,T11,oc2cruiser,4,30060,281,280,12,51,4,50,susquehanna70,NA,mclainru01,Rusty McLain,McLain Rusty,Chesapeake,VA,USA,NA,NA
2019,Canoe,T11,oc2cruiser,4,30060,281,280,12,51,4,50,susquehanna70,NA,mclainky01,Kyle McLain,McLain Kyle,Chesapeake,VA,USA,NA,NA
2023,Canoe,P30,oc2pro,5,30063,282,281,210,5,5,5,susquehanna70,NA,meersmma01,Matt Meersman,Meersman Matt,South Bend,IN,USA,Meersman-Willoughby,NA
2023,Canoe,P30,oc2pro,5,30063,282,281,210,5,5,5,susquehanna70,NA,willouwe01,Weston Willoughby,Willoughby Weston,Traverse City,MI,USA,Meersman-Willoughby,NA
2016,Canoe,P10,oc2pro,16,30074,283,282,211,18,16,18,susquehanna70,Mens Under 50,henryda01,Dana Henry,Henry Dana,Plymouth,MN,USA,NA,NA
2016,Canoe,P10,oc2pro,16,30074,283,282,211,18,16,18,susquehanna70,Mens Under 50,kueffefr01,Fred Kueffer,Kueffer Fred,Falcon Heights,MN,USA,NA,NA
2018,Canoe,P40,oc2pro,26,30085,284,283,212,30,26,30,susquehanna70,NA,dessursi01,Simon Dessureault,Dessureault Simon,Saint-Tite,QC,CAN,NA,NA
2018,Canoe,P40,oc2pro,26,30085,284,283,212,30,26,30,susquehanna70,NA,chapplti01,Tim Chapple,Chapple Tim,Interlochen,MI,USA,NA,NA
2018,Canoe,P41,oc2pro,27,30087,285,284,213,31,27,31,susquehanna70,NA,NA,Allan Rudquist,Rudquist Allan,Grand Rapids,MN,USA,NA,NA
2018,Canoe,P41,oc2pro,27,30087,285,284,213,31,27,31,susquehanna70,NA,NA,Michael Fries,Fries Michael,Westernville,NY,USA,NA,NA
2014,Canoe,V7,oc2cruisermaster,5,30093,286,285,5,62,5,62,susquehanna70,NA,dugasda01,David Dugas,Dugas David,Athol,MA,USA,NA,NA
2014,Canoe,V7,oc2cruisermaster,5,30093,286,285,5,62,5,62,susquehanna70,NA,casalejo01,John Casale,Casale John,Southampton,MA,USA,NA,NA
2022,Canoe,O2,oc4unlimited,2,30102,287,286,7,14,2,14,susquehanna70,NA,shultije01,Jeff Shultis,Shultis Jeff,Otego,NY,USA,Wells Bridge Towing,NA
2022,Canoe,O2,oc4unlimited,2,30102,287,286,7,14,2,14,susquehanna70,NA,harrisla01,Larry Harrison,Harrison Larry,Oneonta,NY,USA,Wells Bridge Towing,NA
2022,Canoe,O2,oc4unlimited,2,30102,287,286,7,14,2,14,susquehanna70,NA,zaverabo01,Bob Zaveral,Zaveral Bob,Mount Upton,NY,USA,Wells Bridge Towing,NA
2022,Canoe,O2,oc4unlimited,2,30102,287,286,7,14,2,14,susquehanna70,NA,youngjo01,John Young,Young John,Richmondville Ny,NY,USA,Wells Bridge Towing,NA
2016,Canoe,P44,oc2pro,17,30105,288,287,214,19,17,19,susquehanna70,Mens Under 50,maddenpa01,Pat Madden,Madden Pat,Scotia,NY,USA,NA,NA
2016,Canoe,P44,oc2pro,17,30105,288,287,214,19,17,19,susquehanna70,Mens Under 50,millspph01,Philip Millspaugh,Millspaugh Philip,Farmington,NY,USA,NA,NA
2016,Canoe,P42,oc2pro,18,30113,289,288,215,20,18,20,susquehanna70,Mixed,personda01,Dale Persons,Persons Dale,Bainbridge,NY,USA,NA,NA
2016,Canoe,P42,oc2pro,18,30113,289,288,215,20,18,20,susquehanna70,Mixed,swislome01,Melissa Swislosky,Swislosky Melissa,Mount Upton,NY,USA,NA,NA
2019,Canoe,P31,oc2pro,33,30125,290,289,216,52,33,51,susquehanna70,NA,elliotro01,Rodney Elliott,Elliott Rodney,grayling,MI,USA,NA,NA
2019,Canoe,P31,oc2pro,33,30125,290,289,216,52,33,51,susquehanna70,NA,mahaffbi01,Bill Mahaffy,Mahaffy Bill,Grayling,MI,USA,NA,NA
2019,Canoe,U1,oc2cruisersenior,1,30131,291,290,3,53,1,52,susquehanna70,NA,nicholal01,Allen Nichols,Nichols Allen,Laurens,NY,USA,NA,NA
2019,Canoe,U1,oc2cruisersenior,1,30131,291,290,3,53,1,52,susquehanna70,NA,harrismi01,Mike Harrison,Harrison Mike,Washougal,WA,AUS,NA,NA
2014,Canoe,X9,oc2cruisermix,9,30132,292,291,13,63,9,63,susquehanna70,NA,thebauan01,Ander Thebaud,Thebaud Ander,Mount Desert,ME,USA,NA,NA
2014,Canoe,X9,oc2cruisermix,9,30132,292,291,13,63,9,63,susquehanna70,NA,hesslebo01,Bob Hessler,Hessler Bob,Ellsworth,ME,USA,NA,NA
2019,Canoe,P30,oc2pro,34,30135,293,292,217,54,34,53,susquehanna70,NA,broderem01,Emily Broderson,Broderson Emily,Maple Grove,MN,USA,NA,NA
2019,Canoe,P30,oc2pro,34,30135,293,292,217,54,34,53,susquehanna70,NA,broderch01,Chris Broderson,Broderson Chris,Maple Grove,MN,USA,NA,NA
2023,Canoe,P6,oc2pro,6,30140,294,293,218,6,6,6,susquehanna70,NA,mynarlo01,Logan Mynar,Mynar Logan,Martindale,TX,USA,Mynar/Burmeister,NA
2023,Canoe,P6,oc2pro,6,30140,294,293,218,6,6,6,susquehanna70,NA,burmeica01,Carson Burmeister,Burmeister Carson,Grayling,MI,USA,Mynar/Burmeister,NA
2016,Canoe,P11,oc2pro,19,30140,295,294,219,21,19,21,susquehanna70,Mixed,halsteha01,Hailey Halstead,Halstead Hailey,Grayling,MI,USA,NA,NA
2016,Canoe,P11,oc2pro,19,30140,295,294,219,21,19,21,susquehanna70,Mixed,lauthri01,Rich Lauth,Lauth Rich,Grosse Ile,MI,USA,NA,NA
2019,Canoe,E1,oc2stock,1,30163,296,295,2,55,1,54,susquehanna70,NA,NA,Michael Himes,Himes Michael,Otego,NY,USA,NA,NA
2019,Canoe,E1,oc2stock,1,30163,296,295,2,55,1,54,susquehanna70,NA,NA,Wayne Himes,Himes Wayne,Delanson,NY,USA,NA,NA
2015,Canoe,B7,oc4stock,2,30163,297,296,21,15,2,15,susquehanna70,NA,apreaga01,Gary Aprea,Aprea Gary,Austerlitz,NY,USA,NA,NA
2015,Canoe,B7,oc4stock,2,30163,297,296,21,15,2,15,susquehanna70,NA,wesleygl01,Gloria Wesley,Wesley Gloria,Pittsfield,MA,USA,NA,NA
2015,Canoe,B7,oc4stock,2,30163,297,296,21,15,2,15,susquehanna70,NA,millerse01,Seth Miller,Miller Seth,Norwood,MA,USA,NA,NA
2015,Canoe,B7,oc4stock,2,30163,297,296,21,15,2,15,susquehanna70,NA,millerst01,Stephen Miller,Miller Stephen,Groton,MA,USA,NA,NA
2014,Canoe,T3,oc2cruiser,6,30176,298,297,13,64,6,64,susquehanna70,NA,olsonke01,Kevin Olson,Olson Kevin,Lafayette,NY,USA,NA,NA
2014,Canoe,T3,oc2cruiser,6,30176,298,297,13,64,6,64,susquehanna70,NA,olsonri01,Richard Olson,Olson Richard,Mohawk,NY,USA,NA,NA
2024,Canoe,P4,oc2pro,8,30177,299,298,220,9,8,9,susquehanna70,NA,willouwe01,Weston Willoughby,Willoughby Weston,Traverse City,MI,USA,Schlimby,NA
2024,Canoe,P4,oc2pro,8,30177,299,298,220,9,8,9,susquehanna70,NA,schlimma01,Mary Schlimmer-Willoughby,Schlimmer-Willoughby Mary,Traverse City,MI,USA,Schlimby,NA
2025,Canoe,P50,oc2pro,50,30191,300,299,221,60,50,60,susquehanna70,NA,garlanti01,Tim Garland,Garland Tim,Surry,NH,USA,Team Hamland,NA
2025,Canoe,P50,oc2pro,50,30191,300,299,221,60,50,60,susquehanna70,NA,hamiltma02,Mary Hamilton,Hamilton Mary,Keene ,NH,USA,Team Hamland,NA
2025,Canoe,S5,oc1pro,1,30195,301,300,14,61,1,61,susquehanna70,NA,NA,Rodney McLain,McLain Rodney,Stockton Springs,ME,USA,The Geek,NA
2016,Canoe,P12,oc2pro,20,30204,302,301,222,22,20,22,susquehanna70,Mens 50 & Over,drewst01,Steve Drew,Drew Steve,Orange,MA,USA,NA,NA
2016,Canoe,P12,oc2pro,20,30204,302,301,222,22,20,22,susquehanna70,Mens 50 & Over,ellswoth01,Thomas Ellsworth,Ellsworth Thomas,Orange,MA,USA,NA,NA
2014,Canoe,T4,oc2cruiser,7,30206,303,302,14,65,7,65,susquehanna70,NA,thielra01,Raymond Thiel Jr.,Thiel Jr. Raymond,Voluntown,CT,USA,NA,NA
2014,Canoe,T4,oc2cruiser,7,30206,303,302,14,65,7,65,susquehanna70,NA,kenyonte03,Ted Kenyon III,Kenyon III Ted,Waterford,CT,USA,NA,NA
2017,Canoe,P7,oc2pro,21,30213,304,303,223,26,21,26,susquehanna70,NA,stonehky01,Kyle Stonehouse,Stonehouse Kyle,Tawas City,MI,USA,NA,NA
2017,Canoe,P7,oc2pro,21,30213,304,303,223,26,21,26,susquehanna70,NA,brabanse01,Sean Brabant,Brabant Sean,Roscommon,MI,USA,NA,NA
2017,Canoe,P29,oc2pro,22,30218,305,304,224,27,22,27,susquehanna70,NA,NA,Richard Lauth,Lauth Richard,Grosse Ile,MI,USA,NA,NA
2017,Canoe,P29,oc2pro,22,30218,305,304,224,27,22,27,susquehanna70,NA,torongbi01,Bill Torongo,Torongo Bill,Roscommon,MI,USA,NA,NA
2014,Canoe,X18,oc2cruisermix,10,30219,306,305,14,66,10,66,susquehanna70,NA,NA,Ginette Tourangeau,Tourangeau Ginette,Mont-Laurier,QC,CAN,NA,NA
2014,Canoe,X18,oc2cruisermix,10,30219,306,305,14,66,10,66,susquehanna70,NA,pagero01,Rock Page,Page Rock,Mont-Laurier,QC,CAN,NA,NA
2025,Canoe,P19,oc2pro,51,30220,307,306,225,62,51,62,susquehanna70,NA,NA,Ethan Kucharek,Kucharek Ethan,Grayling,MI,USA,Ethan/Peter,NA
2025,Canoe,P19,oc2pro,51,30220,307,306,225,62,51,62,susquehanna70,NA,heedpe01,Peter Heed,Heed Peter,Keene,NH,USA,Ethan/Peter,NA
2023,Canoe,P8,oc2pro,7,30222,308,307,226,7,7,7,susquehanna70,NA,zaverary01,Ryan Zaveral,Zaveral Ryan,Unadilla,NY,USA,ZRE,NA
2023,Canoe,P8,oc2pro,7,30222,308,307,226,7,7,7,susquehanna70,NA,pellerja01,Jimmy Pellerin,Pellerin Jimmy,Saint-Etienne-Des-Gres,QC,CAN,ZRE,NA
2014,Canoe,S6,oc1pro,6,30223,309,308,15,67,6,67,susquehanna70,NA,willouwe01,Weston Willoughby,Willoughby Weston,Grayling,MI,USA,NA,NA
2018,Canoe,T11,oc2cruiser,1,30228,310,309,15,32,1,32,susquehanna70,NA,wernerer01,Erik Werner,Werner Erik,Philadelphia,PA,USA,NA,NA
2018,Canoe,T11,oc2cruiser,1,30228,310,309,15,32,1,32,susquehanna70,NA,lamasa01,Sajan Lama,Lama Sajan,Philadelphia,PA,USA,NA,NA
2025,Canoe,S3,oc1pro,2,30228,311,310,16,63,2,63,susquehanna70,NA,torongbi01,Bill Torongo,Torongo Bill,Grayling,MI,USA,NA,NA
2018,Canoe,V1,oc2cruisermaster,1,30229,312,311,6,33,1,33,susquehanna70,NA,vincenbo01,Bob Vincent,Vincent Bob,Dorchester,ON,CAN,NA,NA
2018,Canoe,V1,oc2cruisermaster,1,30229,312,311,6,33,1,33,susquehanna70,NA,vincenmi01,Mike Vincent,Vincent Mike,Regina,SK,CAN,NA,NA
2018,Canoe,S9,oc1pro,2,30234,313,312,17,34,2,34,susquehanna70,NA,waltonni01,Nick Walton,Walton Nick,Eaton Rapids,MI,USA,NA,NA
2015,Canoe,P13,oc2pro,14,30235,314,313,227,16,14,16,susquehanna70,Mens Under 50,quesnepi01,Pierre-Olivier Quesnel,Quesnel Pierre-Olivier,Laval,QC,CAN,NA,NA
2015,Canoe,P13,oc2pro,14,30235,314,313,227,16,14,16,susquehanna70,Mens Under 50,chapplti01,Tim Chapple,Chapple Tim,Interlochen,MI,USA,NA,NA
2018,Canoe,P12,oc2pro,28,30235,315,314,228,35,28,35,susquehanna70,NA,halemi01,Mike Hale,Hale Mike,Grayling,MI,USA,NA,NA
2018,Canoe,P12,oc2pro,28,30235,315,314,228,35,28,35,susquehanna70,NA,marshfl01,Flash Marsh,Marsh Flash,Mio,MI,USA,NA,NA
2025,Canoe,V3,oc2cruisermaster,1,30237,316,315,7,64,1,64,susquehanna70,NA,allenti01,Timothy Allen,Allen Timothy,Westfield,MA,USA,NA,NA
2025,Canoe,V3,oc2cruisermaster,1,30237,316,315,7,64,1,64,susquehanna70,NA,NA,Gen Matsui,Matsui Gen,Bethany,CT,USA,NA,NA
2018,Canoe,P35,oc2pro,29,30243,317,316,229,36,29,36,susquehanna70,NA,rossem01,Emma Ellsworth,Ellsworth Emma,Orange,MA,USA,NA,NA
2018,Canoe,P35,oc2pro,29,30243,317,316,229,36,29,36,susquehanna70,NA,lyesiubr01,Brent Lyesiuk,Lyesiuk Brent,Orange,MA,USA,NA,NA
2018,Canoe,P45,oc2pro,30,30246,318,317,230,37,30,37,susquehanna70,NA,NA,Alain Paquette,Paquette Alain,St Jerome,QC,CAN,NA,NA
2018,Canoe,P45,oc2pro,30,30246,318,317,230,37,30,37,susquehanna70,NA,tinklela01,Larry Tinkler,Tinkler Larry,Mt Tremblant,QC,CAN,NA,NA
2015,Canoe,P1,oc2pro,15,30266,319,318,231,17,15,17,susquehanna70,Mixed,schlimma01,Mary Schlimmer,Schlimmer Mary,Cortland,NY,USA,NA,NA
2015,Canoe,P1,oc2pro,15,30266,319,318,231,17,15,17,susquehanna70,Mixed,sheldoti01,Tim Sheldon,Sheldon Tim,Grayling,MI,USA,NA,NA
2018,Canoe,T9,oc2cruiser,2,30277,320,319,16,38,2,38,susquehanna70,NA,koptafr01,Fran Kopta,Kopta Fran,Sherman,NY,USA,NA,NA
2018,Canoe,T9,oc2cruiser,2,30277,320,319,16,38,2,38,susquehanna70,NA,millerse01,Seth Miller,Miller Seth,Norwood,MA,USA,NA,NA
2017,Canoe,T13,oc2cruiser,3,30279,321,320,17,28,3,28,susquehanna70,NA,schlimjo01,Joe Schlimmer,Schlimmer Joe,Ithaca,NY,USA,NA,NA
2017,Canoe,T13,oc2cruiser,3,30279,321,320,17,28,3,28,susquehanna70,NA,mclainga01,Gary Mclain,Mclain Gary,Ballston spa,NY,USA,NA,NA
2017,Canoe,X16,oc2cruisermix,1,30280,322,321,15,29,1,29,susquehanna70,NA,howarddo01,Doug Howard,Howard Doug,Townshend,VT,USA,NA,NA
2017,Canoe,X16,oc2cruisermix,1,30280,322,321,15,29,1,29,susquehanna70,NA,warnerkr01,Kristen Warner,Warner Kristen,Westmoreland,NH,USA,NA,NA
2024,Canoe,P32,oc2pro,9,30283,323,322,232,10,9,10,susquehanna70,NA,meadpe01,Peter Mead,Mead Peter,Traverse City ,MI,USA,M&M's,NA
2024,Canoe,P32,oc2pro,9,30283,323,322,232,10,9,10,susquehanna70,NA,macdowsh01,Shane Macdowell,Macdowell Shane,Somersworth ,NH,USA,M&M's,NA
2023,Canoe,O4,oc4unlimited,1,30288,324,323,8,8,1,8,susquehanna70,NA,maddenpa01,Patrick Madden,Madden Patrick,Scotia,NY,USA,NA,NA
2023,Canoe,O4,oc4unlimited,1,30288,324,323,8,8,1,8,susquehanna70,NA,curleyed01,Ed Curley,Curley Ed,Sidney,NY,USA,NA,NA
2023,Canoe,O4,oc4unlimited,1,30288,324,323,8,8,1,8,susquehanna70,NA,schlimbe01,Ben Schlimmer,Schlimmer Ben,Camillus,NY,USA,NA,NA
2023,Canoe,O4,oc4unlimited,1,30288,324,323,8,8,1,8,susquehanna70,NA,crotseja01,Jake Crotser,Crotser Jake,Oneonta,NY,USA,NA,NA
2017,Canoe,S14,oc1pro,1,30306,325,324,18,30,1,30,susquehanna70,NA,pellerto01,Tom Pellerin,Pellerin Tom,Lavaltrie,QC,CAN,NA,NA
2016,Canoe,P38,oc2pro,21,30315,326,325,233,23,21,23,susquehanna70,Mens Under 50,lyesiubr01,Brent Lyesiuk,Lyesiuk Brent,Orange,MA,USA,NA,NA
2016,Canoe,P38,oc2pro,21,30315,326,325,233,23,21,23,susquehanna70,Mens Under 50,howarddo01,Doug Howard,Howard Doug,Townshend,VT,USA,NA,NA
2014,Canoe,E11,oc2stock,2,30322,327,326,3,68,2,68,susquehanna70,NA,knappda01,Dave Knapp,Knapp Dave,Oneonta,NY,USA,NA,NA
2014,Canoe,E11,oc2stock,2,30322,327,326,3,68,2,68,susquehanna70,NA,harrisjo01,John Harrison,Harrison John,Oneonta,NY,USA,NA,NA
2016,Canoe,P1,oc2pro,22,30327,328,327,234,24,22,24,susquehanna70,Mens Under 50,darchech01,Charles Darchen,Darchen Charles,Trois-Rivieres,QC,CAN,NA,NA
2016,Canoe,P1,oc2pro,22,30327,328,327,234,24,22,24,susquehanna70,Mens Under 50,starnada01,Daniel St-Arnaud,St-Arnaud Daniel,Trois-Rivieres,QC,CAN,NA,NA
2018,Canoe,S8,oc1pro,3,30330,329,328,19,39,3,39,susquehanna70,NA,mainguno01,normand Mainguy,Mainguy normand,Notre Dame de Pontmain,QC,CAN,NA,NA
2018,Canoe,P30,oc2pro,31,30341,330,329,235,40,31,40,susquehanna70,NA,drewst01,Steve Drew,Drew Steve,Orange,MA,USA,NA,NA
2018,Canoe,P30,oc2pro,31,30341,330,329,235,40,31,40,susquehanna70,NA,careyde01,Dennis Carey,Carey Dennis,Orange,MA,USA,NA,NA
2015,Canoe,P25,oc2pro,16,30344,331,330,236,18,16,18,susquehanna70,Mens Under 50,roussegu01,Guy Rousseau,Rousseau Guy,Trois-Rivieres,QC,CAN,NA,NA
2015,Canoe,P25,oc2pro,16,30344,331,330,236,18,16,18,susquehanna70,Mens Under 50,armstrpa01,Patrick Armstrong,Armstrong Patrick,Lac-A-La-Tortue,QC,CAN,NA,NA
2015,Canoe,B3,oc4stock,3,30353,332,331,22,19,3,19,susquehanna70,NA,wissebo01,Bob Wisse,Wisse Bob,Oneonta,NY,USA,NA,NA
2015,Canoe,B3,oc4stock,3,30353,332,331,22,19,3,19,susquehanna70,NA,grimesca01,Cathy Grimes,Grimes Cathy,Otego,NY,USA,NA,NA
2015,Canoe,B3,oc4stock,3,30353,332,331,22,19,3,19,susquehanna70,NA,shultije01,Jeff Shultis,Shultis Jeff,Otego,NY,USA,NA,NA
2015,Canoe,B3,oc4stock,3,30353,332,331,22,19,3,19,susquehanna70,NA,harrisla01,Larry Harrison,Harrison Larry,Oneonta,NY,USA,NA,NA
2024,Canoe,P18,oc2pro,10,30355,333,332,237,11,10,11,susquehanna70,NA,bellemvi01,Vincent Bellemare,Bellemare Vincent,Shawinigan,QC,CAN,Lagabière,NA
2024,Canoe,P18,oc2pro,10,30355,333,332,237,11,10,11,susquehanna70,NA,charetch01,Christian Charette,Charette Christian,St-Boniface,QC,CAN,Lagabière,NA
2016,Canoe,P22,oc2pro,23,30360,334,333,238,25,23,25,susquehanna70,Mens Under 50,schlimjo01,Joseph Schlimmer,Schlimmer Joseph,Ithaca,NY,USA,NA,NA
2016,Canoe,P22,oc2pro,23,30360,334,333,238,25,23,25,susquehanna70,Mens Under 50,olsonke01,Kevin Olson,Olson Kevin,Clay,NY,USA,NA,NA
2014,Kayak,KL7,k1unlimited,1,30363,335,2,2,69,1,1,susquehanna70,NA,wilteyda01,David Wiltey,Wiltey David,Johnstown,NY,USA,NA,NA
2014,Canoe,J2,oc1,1,30366,336,334,1,70,1,69,susquehanna70,NA,owenje01,Jeff Owen,Owen Jeff,Orono,ME,USA,NA,NA
2023,Canoe,P9,oc2pro,8,30368,337,335,239,9,8,9,susquehanna70,NA,macdowsh01,Shane Macdowell,Macdowell Shane,Somersworth ,NH,USA,NA,NA
2023,Canoe,P9,oc2pro,8,30368,337,335,239,9,8,9,susquehanna70,NA,medinato01,Danny Medina,Medina Danny,Homer,MI,USA,NA,NA
2019,Canoe,P40,oc2pro,35,30378,338,336,240,56,35,55,susquehanna70,NA,millspem01,Emma Millspaugh,Millspaugh Emma,Niskayuna,NY,USA,NA,NA
2019,Canoe,P40,oc2pro,35,30378,338,336,240,56,35,55,susquehanna70,NA,millspph01,Philip Millspaugh,Millspaugh Philip,Farmington,NY,USA,NA,NA
2019,Canoe,T5,oc2cruiser,5,30381,339,337,18,57,5,56,susquehanna70,NA,careyde01,Dennis Carey,Carey Dennis,Orange,MA,USA,NA,NA
2019,Canoe,T5,oc2cruiser,5,30381,339,337,18,57,5,56,susquehanna70,NA,fishza01,Zachary Fish,Fish Zachary,Athol,MA,USA,NA,NA
2017,Canoe,S12,oc1pro,2,30382,340,338,20,31,2,31,susquehanna70,NA,waltonni01,Nick Walton,Walton Nick,Eaton Rapids,MI,USA,NA,NA
2015,Canoe,P9,oc2pro,17,30385,341,339,241,20,17,20,susquehanna70,Mens Under 50,NA,James Prowse,Prowse James,"Hemel Hempstesd, Hertfordshire",ENG,GBR,NA,NA
2015,Canoe,P9,oc2pro,17,30385,341,339,241,20,17,20,susquehanna70,Mens Under 50,willouwe01,Weston Willoughby,Willoughby Weston,Grayling,MI,USA,NA,NA
2019,Canoe,S13,oc1pro,8,30385,342,340,21,58,8,57,susquehanna70,NA,condiean01,Andrew Condie,Condie Andrew,Martindale,TX,USA,NA,NA
2014,Canoe,Y3,oc2cruiserwomen,2,30388,343,341,2,71,2,70,susquehanna70,NA,brosiuca01,Caroline Brosius,Brosius Caroline,Washington,DC,USA,NA,NA
2014,Canoe,Y3,oc2cruiserwomen,2,30388,343,341,2,71,2,70,susquehanna70,NA,rhodeske01,Kelly Rhodes,Rhodes Kelly,Silver Spring,MD,USA,NA,NA
2018,Canoe,B6,oc4stock,4,30392,344,342,23,41,4,41,susquehanna70,NA,meckleda01,Dan Mecklenburg,Mecklenburg Dan,Columbus,OH,USA,NA,NA
2018,Canoe,B6,oc4stock,4,30392,344,342,23,41,4,41,susquehanna70,NA,strebke01,Ken Streb,Streb Ken,Rochester,NY,USA,NA,NA
2018,Canoe,B6,oc4stock,4,30392,344,342,23,41,4,41,susquehanna70,NA,broderch01,Chris Broderson,Broderson Chris,Maple Grove,MN,USA,NA,NA
2018,Canoe,B6,oc4stock,4,30392,344,342,23,41,4,41,susquehanna70,NA,broderem01,Emily Broderson,Broderson Emily,Maple Grove,MN,USA,NA,NA
2017,Canoe,X13,oc2cruisermix,2,30393,345,343,16,32,2,32,susquehanna70,NA,ellswoth01,Thomas Ellsworth,Ellsworth Thomas,Orange,MA,USA,NA,NA
2017,Canoe,X13,oc2cruisermix,2,30393,345,343,16,32,2,32,susquehanna70,NA,hamiltma02,Mary Hamilton,Hamilton Mary,Keene,NH,USA,NA,NA
2017,Canoe,X2,oc2cruisermix,3,30394,346,344,17,33,3,33,susquehanna70,NA,cumminde01,Dell Cummings,Cummings Dell,Meriden,CT,USA,NA,NA
2017,Canoe,X2,oc2cruisermix,3,30394,346,344,17,33,3,33,susquehanna70,NA,cumminvi01,Vicki Cummings,Cummings Vicki,Meriden,CT,USA,NA,NA
2025,Canoe,X3,oc2cruisermix,2,30395,347,345,18,65,2,65,susquehanna70,NA,coulsode01,Dean Coulson,Coulson Dean,Kearney,ON,CAN,Jen and Dean,NA
2025,Canoe,X3,oc2cruisermix,2,30395,347,345,18,65,2,65,susquehanna70,NA,nicholje01,Jen Nicholson,Nicholson Jen,Huntsville ,ON,CAN,Jen and Dean,NA
2022,Canoe,P35,oc2pro,13,30397,348,346,242,15,13,15,susquehanna70,NA,burmeica01,Carson Burmeister,Burmeister Carson,Grayling,MI,USA,NA,NA
2022,Canoe,P35,oc2pro,13,30397,348,346,242,15,13,15,susquehanna70,NA,meadpe01,Peter Mead,Mead Peter,Traverse City ,MI,USA,NA,NA
2017,Canoe,U6,oc2cruisersenior,1,30399,349,347,4,34,1,34,susquehanna70,NA,heedpe01,Peter Heed,Heed Peter,Keene,NH,USA,NA,NA
2017,Canoe,U6,oc2cruisersenior,1,30399,349,347,4,34,1,34,susquehanna70,NA,fairchmi01,Michael Fairchild,Fairchild Michael,Battleboro,VT,USA,NA,NA
2016,Canoe,P41,oc2pro,24,30403,350,348,243,26,24,26,susquehanna70,Mixed,NA,Charlotte Proulx,Proulx Charlotte,Shawinigan,QC,CAN,NA,NA
2016,Canoe,P41,oc2pro,24,30403,350,348,243,26,24,26,susquehanna70,Mixed,casabomi01,Michel Casabon,Casabon Michel,Shawinigan,QC,CAN,NA,NA
2019,Canoe,P41,oc2pro,36,30414,351,349,244,59,36,58,susquehanna70,NA,peckka01,Katie Peck,Peck Katie,New York,NY,USA,NA,NA
2019,Canoe,P41,oc2pro,36,30414,351,349,244,59,36,58,susquehanna70,NA,swislome01,Melissa Swislosky,Swislosky Melissa,Mount Upton,NY,USA,NA,NA
2017,Canoe,P32,oc2pro,23,30417,352,350,245,35,23,35,susquehanna70,NA,marchach01,Christian Marchand,Marchand Christian,La Tuque,QC,CAN,NA,NA
2017,Canoe,P32,oc2pro,23,30417,352,350,245,35,23,35,susquehanna70,NA,NA,Sylain Marchand,Marchand Sylain,La Tuque,QC,CAN,NA,NA
2017,Canoe,P9,oc2pro,24,30418,353,351,246,36,24,36,susquehanna70,NA,grimesca01,Cathy Grimes,Grimes Cathy,Otego,NY,USA,NA,NA
2017,Canoe,P9,oc2pro,24,30418,353,351,246,36,24,36,susquehanna70,NA,bachmami01,Mike Bachman,Bachman Mike,Bainbridge,NY,USA,NA,NA
2016,Canoe,P34,oc2pro,25,30427,354,352,247,27,25,27,susquehanna70,Mens Under 50,gelinaad01,Adam Gelinas,Gelinas Adam,Leominster,MA,USA,NA,NA
2016,Canoe,P34,oc2pro,25,30427,354,352,247,27,25,27,susquehanna70,Mens Under 50,heedpe01,Peter Heed,Heed Peter,Keene,NH,USA,NA,NA
2017,Canoe,S9,oc1pro,3,30431,355,353,22,37,3,37,susquehanna70,NA,mclainro01,Rod Mclain,Mclain Rod,Stockton Springs,ME,USA,NA,NA
2017,Canoe,B5,oc4stock,4,30433,356,354,24,38,4,38,susquehanna70,NA,flamento01,Toni Flament,Flament Toni,Emporium,PA,USA,NA,NA
2017,Canoe,B5,oc4stock,4,30433,356,354,24,38,4,38,susquehanna70,NA,gruberpa01,Paul Gruber,Gruber Paul,Irvine,PA,USA,NA,NA
2017,Canoe,B5,oc4stock,4,30433,356,354,24,38,4,38,susquehanna70,NA,martinst01,Steve Martin,Martin Steve,Ridgway,PA,USA,NA,NA
2017,Canoe,B5,oc4stock,4,30433,356,354,24,38,4,38,susquehanna70,NA,stoutte01,Teresa Stout,Stout Teresa,Corsica,PA,USA,NA,NA
2023,Canoe,P36,oc2pro,9,30446,357,355,248,10,9,10,susquehanna70,NA,NA,Serge Pagé,Pagé Serge,Saint-Boniface ,QC,CAN,Pruneau-Pagé,NA
2023,Canoe,P36,oc2pro,9,30446,357,355,248,10,9,10,susquehanna70,NA,prunealo01,Louis-Simon Pruneau,Pruneau Louis-Simon,Shawinigan ,QC,CAN,Pruneau-Pagé,NA
2018,Canoe,P32,oc2pro,32,30457,358,356,249,42,32,42,susquehanna70,NA,bradleba01,Barb Bradley,Bradley Barb,Wausau,WI,USA,NA,NA
2018,Canoe,P32,oc2pro,32,30457,358,356,249,42,32,42,susquehanna70,NA,limberal01,Allen Limberg,Limberg Allen,Wausau,WI,USA,NA,NA
2017,Canoe,P10,oc2pro,25,30465,359,357,250,39,25,39,susquehanna70,NA,marshfl01,Flash Marsh,Marsh Flash,Mio,MI,USA,NA,NA
2017,Canoe,P10,oc2pro,25,30465,359,357,250,39,25,39,susquehanna70,NA,wilsonbr01,Brad Wilson,Wilson Brad,Rockford,MI,USA,NA,NA
2023,Canoe,P28,oc2pro,10,30489,360,358,251,11,10,11,susquehanna70,NA,stonehky01,Kyle Stonehouse,Stonehouse Kyle,Grayling,MI,USA,Gabriel/Stonehouse,NA
2023,Canoe,P28,oc2pro,10,30489,360,358,251,11,10,11,susquehanna70,NA,gabriema01,Matt Gabriel,Gabriel Matt,Grayling,MI,USA,Gabriel/Stonehouse,NA
2016,Canoe,P16,oc2pro,26,30494,361,359,252,28,26,28,susquehanna70,Mens Under 50,deanwe01,Wes Dean,Dean Wes,Grayling,MI,USA,NA,NA
2016,Canoe,P16,oc2pro,26,30494,361,359,252,28,26,28,susquehanna70,Mens Under 50,mackza01,Zackary Mack,Mack Zackary,Grayling,MI,USA,NA,NA
2014,Canoe,L7,oc1master,1,30510,362,360,1,72,1,71,susquehanna70,NA,cumminde01,Del Cummings,Cummings Del,Meriden,CT,USA,NA,NA
2018,Canoe,P3,oc2pro,33,30515,363,361,253,43,33,43,susquehanna70,NA,coulsode01,Dean Coulson,Coulson Dean,Kearney,ON,CAN,NA,NA
2018,Canoe,P3,oc2pro,33,30515,363,361,253,43,33,43,susquehanna70,NA,mcmillol01,Oliver McMillan,McMillan Oliver,London,ON,CAN,NA,NA
2018,Canoe,U4,oc2cruisersenior,1,30517,364,362,5,44,1,44,susquehanna70,NA,heedpe01,Peter Heed,Heed Peter,Keene,NH,USA,NA,NA
2018,Canoe,U4,oc2cruisersenior,1,30517,364,362,5,44,1,44,susquehanna70,NA,fairchmi01,Michael Fairchild,Fairchild Michael,Battleboro,VT,USA,NA,NA
2018,Canoe,P21,oc2pro,34,30528,365,363,254,45,34,45,susquehanna70,NA,petersry01,Ryan Peterson,Peterson Ryan,Medicine Lake,MN,USA,NA,NA
2018,Canoe,P21,oc2pro,34,30528,365,363,254,45,34,45,susquehanna70,NA,kozareje01,Jessica Kozarek,Kozarek Jessica,Minneapolis,MN,USA,NA,NA
2022,Canoe,P14,oc2pro,14,30539,366,364,255,16,14,16,susquehanna70,NA,massican01,Anthony Massicotte,Massicotte Anthony,Notre-Dame-Du-Mont-Carmel,QC,CAN,OOS,NA
2022,Canoe,P14,oc2pro,14,30539,366,364,255,16,14,16,susquehanna70,NA,schlimmi01,Michael Schlimmer,Schlimmer Michael,Cortland,NY,USA,OOS,NA
2016,Canoe,P35,oc2pro,27,30550,367,365,256,29,27,29,susquehanna70,Women,schlimma01,Mary Schlimmer,Schlimmer Mary,Cortland,NY,USA,NA,NA
2016,Canoe,P35,oc2pro,27,30550,367,365,256,29,27,29,susquehanna70,Women,lessarsa01,Sarah Lessard,Lessard Sarah,Les Cedres,QC,CAN,NA,NA
2018,Canoe,V7,oc2cruisermaster,2,30556,368,366,8,46,2,46,susquehanna70,NA,bosske01,Kevin Boss,Boss Kevin,Swansea,MA,USA,NA,NA
2018,Canoe,V7,oc2cruisermaster,2,30556,368,366,8,46,2,46,susquehanna70,NA,leeco01,Cole Lee,Lee Cole,Eagles Mere,PA,USA,NA,NA
2024,Canoe,P5,oc2pro,11,30557,369,367,257,12,11,12,susquehanna70,NA,medinato01,Danny Medina,Medina Danny,Roscommon,MI,USA,All Grit,NA
2024,Canoe,P5,oc2pro,11,30557,369,367,257,12,11,12,susquehanna70,NA,buggece01,Cecili Bugge,Bugge Cecili,Roscommon,MI,USA,All Grit,NA
2019,Canoe,B5,oc4stock,5,30561,370,368,25,60,5,59,susquehanna70,NA,mcandrma01,Mark McAndrew,McAndrew Mark,East Hardwick,VT,USA,NA,NA
2019,Canoe,B5,oc4stock,5,30561,370,368,25,60,5,59,susquehanna70,NA,yarnelcl01,Clyde Yarnell,Yarnell Clyde,Alburgh,VT,USA,NA,NA
2019,Canoe,B5,oc4stock,5,30561,370,368,25,60,5,59,susquehanna70,NA,malleymi01,Mike Malley,Malley Mike,Essex,VT,USA,NA,NA
2019,Canoe,B5,oc4stock,5,30561,370,368,25,60,5,59,susquehanna70,NA,NA,Kurt Kaunzinger,Kaunzinger Kurt,Rancho Cordova,CA,USA,NA,NA
2016,Canoe,B5,oc4stock,3,30569,371,369,26,30,3,30,susquehanna70,NA,apreaga01,Gary Aprea,Aprea Gary,Austerlitz,NY,USA,NA,NA
2016,Canoe,B5,oc4stock,3,30569,371,369,26,30,3,30,susquehanna70,NA,wesleygl01,Gloria Wesley,Wesley Gloria,Pittsfield,MA,USA,NA,NA
2016,Canoe,B5,oc4stock,3,30569,371,369,26,30,3,30,susquehanna70,NA,sutterre01,Rebecca Sutter,Sutter Rebecca,Saranac Lake,NY,USA,NA,NA
2016,Canoe,B5,oc4stock,3,30569,371,369,26,30,3,30,susquehanna70,NA,buttsri01,Richard Butts,Butts Richard,Rochester,NY,USA,NA,NA
2017,Canoe,P3,oc2pro,26,30570,372,370,258,40,26,40,susquehanna70,NA,olneyjo01,JoAnn Olney,Olney JoAnn,Westernville,NY,USA,NA,NA
2017,Canoe,P3,oc2pro,26,30570,372,370,258,40,26,40,susquehanna70,NA,olneypa01,Paul Olney,Olney Paul,Westernville,NY,USA,NA,NA
2019,Canoe,U3,oc2cruisersenior,2,30577,373,371,6,61,2,60,susquehanna70,NA,vincenbo01,Bob Vincent,Vincent Bob,Dorchester,ON,CAN,NA,NA
2019,Canoe,U3,oc2cruisersenior,2,30577,373,371,6,61,2,60,susquehanna70,NA,NA,Norm Mac Donell,Donell Norm Mac,Victoria,BC,CAN,NA,NA
2014,Canoe,E4,oc2stock,3,30587,374,372,4,73,3,72,susquehanna70,NA,whitiner01,Erik Whiting,Whiting Erik,Ledyard,CT,USA,NA,NA
2014,Canoe,E4,oc2stock,3,30587,374,372,4,73,3,72,susquehanna70,NA,NA,William Whiting,Whiting William,Fultonville,NY,USA,NA,NA
2019,Canoe,P22,oc2pro,37,30587,375,373,259,62,37,61,susquehanna70,NA,matutejo01,Jose Matute,Matute Jose,St. Paul,MN,USA,NA,NA
2019,Canoe,P22,oc2pro,37,30587,375,373,259,62,37,61,susquehanna70,NA,schillma01,Maria Schilling,Schilling Maria,Minneapolis,MN,USA,NA,NA
2014,Canoe,X11,oc2cruisermix,11,30592,376,374,19,74,11,73,susquehanna70,NA,botelepa01,Pam Boteler,Boteler Pam,Alexandria,VA,USA,NA,NA
2014,Canoe,X11,oc2cruisermix,11,30592,376,374,19,74,11,73,susquehanna70,NA,rhodeswi01,William Rhodes,Rhodes William,Columbia,MD,USA,NA,NA
2014,Canoe,X5,oc2cruisermix,12,30596,377,375,20,75,12,74,susquehanna70,NA,dykapa01,Paul Dyka,Dyka Paul,Middletown,CT,USA,NA,NA
2014,Canoe,X5,oc2cruisermix,12,30596,377,375,20,75,12,74,susquehanna70,NA,reinerpr01,Priscilla Reinertsen,Reinertsen Priscilla,Contoocook,NH,USA,NA,NA
2019,Canoe,V4,oc2cruisermaster,1,30598,378,376,9,63,1,62,susquehanna70,NA,pedersje01,Jeff Pedersen,Pedersen Jeff,Gilbertsville,NY,USA,NA,NA
2019,Canoe,V4,oc2cruisermaster,1,30598,378,376,9,63,1,62,susquehanna70,NA,youngjo01,John Young,Young John,Richmondville NY,NY,USA,NA,NA
2019,Canoe,X11,oc2cruisermix,4,30603,379,377,21,64,4,63,susquehanna70,NA,cramerto01,Tommy Cramer,Cramer Tommy,Rock Rapids,IA,USA,NA,NA
2019,Canoe,X11,oc2cruisermix,4,30603,379,377,21,64,4,63,susquehanna70,NA,levittka01,Karen Pleasant,Pleasant Karen,Greenfield,MA,USA,NA,NA
2017,Canoe,T9,oc2cruiser,4,30616,380,378,19,41,4,41,susquehanna70,NA,mcmillol01,Oliver McMillan,McMillan Oliver,London,ON,CAN,NA,NA
2017,Canoe,T9,oc2cruiser,4,30616,380,378,19,41,4,41,susquehanna70,NA,praterch01,Chris Prater,Prater Chris,London,ON,CAN,NA,NA
2014,Canoe,T8,oc2cruiser,8,30617,381,379,20,76,8,75,susquehanna70,NA,jordansc01,Scott Jordan,Jordan Scott,Otego,NY,USA,NA,NA
2014,Canoe,T8,oc2cruiser,8,30617,381,379,20,76,8,75,susquehanna70,NA,gagest01,Steve Gage,Gage Steve,South New Berlin,NY,USA,NA,NA
2016,Canoe,T2,oc2cruiser,1,30636,382,380,21,31,1,31,susquehanna70,NA,zaverabo01,Bob Zaveral,Zaveral Bob,Mt. Upton,NY,USA,NA,NA
2016,Canoe,T2,oc2cruiser,1,30636,382,380,21,31,1,31,susquehanna70,NA,zaverary01,Ryan Zaveral,Zaveral Ryan,Mt Upton,NY,USA,NA,NA
2014,Canoe,E7,oc2stock,4,30639,383,381,5,77,4,76,susquehanna70,NA,bergdo01,Doug Berg,Berg Doug,Excelsior,MN,USA,NA,NA
2014,Canoe,E7,oc2stock,4,30639,383,381,5,77,4,76,susquehanna70,NA,zophygr01,Greg Zophy,Zophy Greg,St. Paul,MN,USA,NA,NA
2015,Canoe,P6,oc2pro,18,30644,384,382,260,21,18,21,susquehanna70,Mens Under 50,mynarky01,Kyle Mynar,Mynar Kyle,Martindale,TX,USA,NA,NA
2015,Canoe,P6,oc2pro,18,30644,384,382,260,21,18,21,susquehanna70,Mens Under 50,mynarlo01,Logan Mynar,Mynar Logan,Martindale,TX,USA,NA,NA
2014,Canoe,Y2,oc2cruiserwomen,3,30660,385,383,3,78,3,77,susquehanna70,NA,fitzgepa01,Pam Fitzgerald,Fitzgerald Pam,Scotia,NY,USA,NA,NA
2014,Canoe,Y2,oc2cruiserwomen,3,30660,385,383,3,78,3,77,susquehanna70,NA,cumminvi01,Vicki Cummings,Cummings Vicki,Meriden,CT,USA,NA,NA
2025,Canoe,X6,oc2cruisermix,3,30675,386,384,22,66,3,66,susquehanna70,NA,collieer01,Erica Collier,Collier Erica,Latham ,NY,USA,Cruisin Colliers,NA
2025,Canoe,X6,oc2cruisermix,3,30675,386,384,22,66,3,66,susquehanna70,NA,colliejo01,John Collier,Collier John,Richmondville,NY,USA,Cruisin Colliers,NA
2015,Canoe,P33,oc2pro,19,30691,387,385,261,22,19,22,susquehanna70,Mens 50 & Over,leebr01,Bruce Lee,Lee Bruce,Port Crane,NY,USA,NA,NA
2015,Canoe,P33,oc2pro,19,30691,387,385,261,22,19,22,susquehanna70,Mens 50 & Over,partrijo01,John Partridge,Partridge John,Unadilla,NY,USA,NA,NA
2016,Canoe,T7,oc2cruiser,2,30700,388,386,22,32,2,32,susquehanna70,NA,pagero01,Rock Page,Page Rock,Mont-Laurier,QC,CAN,NA,NA
2016,Canoe,T7,oc2cruiser,2,30700,388,386,22,32,2,32,susquehanna70,NA,pagesi01,Simon Page,Page Simon,Mont Laurier,QC,CAN,NA,NA
2024,Canoe,P42,oc2pro,12,30701,389,387,262,13,12,13,susquehanna70,NA,quesnepi01,Pierre-Olivier Quesnel,Quesnel Pierre-Olivier,Piedmont,QC,CAN,NA,NA
2024,Canoe,P42,oc2pro,12,30701,389,387,262,13,12,13,susquehanna70,NA,flageore01,Renaud Flageole,Flageole Renaud,Shawinigan,QC,CAN,NA,NA
2023,Canoe,P12,oc2pro,11,30701,390,388,263,12,11,12,susquehanna70,NA,charetch01,Christian Charette,Charette Christian,St-Boniface,QC,CAN,Quesnel-Charette,NA
2023,Canoe,P12,oc2pro,11,30701,390,388,263,12,11,12,susquehanna70,NA,quesnepi01,Pierre-Olivier Quesnel,Quesnel Pierre-Olivier,Laval ,QC,CAN,Quesnel-Charette,NA
2015,Canoe,P3,oc2pro,20,30717,391,389,264,23,20,23,susquehanna70,Mixed,bartonbr01,Bruce Barton,Barton Bruce,Homer,MI,USA,NA,NA
2015,Canoe,P3,oc2pro,20,30717,391,389,264,23,20,23,susquehanna70,Mixed,bartonre01,Rebecca Davis,Davis Rebecca,Homer,MI,USA,NA,NA
2022,Canoe,P41,oc2pro,15,30730,392,390,265,17,15,17,susquehanna70,NA,meckleda01,Dan Mecklenburg,Mecklenburg Dan,Columbus,OH,USA,Team Mecklenburg,NA
2022,Canoe,P41,oc2pro,15,30730,392,390,265,17,15,17,susquehanna70,NA,meckletr01,Travis Mecklenburg,Mecklenburg Travis,Columbus,OH,USA,Team Mecklenburg,NA
2019,Canoe,E9,oc2stock,2,30730,393,391,6,65,2,64,susquehanna70,NA,bachmami01,Mike Bachman,Bachman Mike,Bainbridge,NY,USA,NA,NA
2019,Canoe,E9,oc2stock,2,30730,393,391,6,65,2,64,susquehanna70,NA,NA,Nathan Derr,Derr Nathan,Unadilla,NY,USA,NA,NA
2025,Canoe,F8,oc2stockmix,1,30741,394,392,1,67,1,67,susquehanna70,NA,NA,Adam Blanchard,Blanchard Adam,Salt Lake City,UT,USA,Sunrise on Susquehanna,NA
2025,Canoe,F8,oc2stockmix,1,30741,394,392,1,67,1,67,susquehanna70,NA,sutterre01,Rebecca Sutter,Sutter Rebecca,Jay,NY,USA,Sunrise on Susquehanna,NA
2018,Canoe,X6,oc2cruisermix,1,30756,395,393,23,47,1,47,susquehanna70,NA,fitzgepa01,Pam Fitzgerald,Fitzgerald Pam,Scotia,NY,USA,NA,NA
2018,Canoe,X6,oc2cruisermix,1,30756,395,393,23,47,1,47,susquehanna70,NA,millerst01,Stephen Miller,Miller Stephen,Groton,MA,USA,NA,NA
2023,Canoe,P42,oc2pro,12,30767,396,394,266,13,12,13,susquehanna70,NA,chambeev01,Eve Chamberland,Chamberland Eve,Shawinigan,QC,CAN,Corbin/Chamberland,NA
2023,Canoe,P42,oc2pro,12,30767,396,394,266,13,12,13,susquehanna70,NA,corbinse01,Serge Corbin,Corbin Serge,Saint-Boniface,QC,CAN,Corbin/Chamberland,NA
2024,Canoe,P39,oc2pro,13,30775,397,395,267,14,13,14,susquehanna70,NA,chambeev01,Eve Chamberland,Chamberland Eve,Shawinigan,QC,CAN,Club Sandwich,NA
2024,Canoe,P39,oc2pro,13,30775,397,395,267,14,13,14,susquehanna70,NA,schlimmi01,Michael Schlimmer,Schlimmer Michael,Cortland,NY,USA,Club Sandwich,NA
2019,Canoe,E8,oc2stock,3,30779,398,396,7,66,3,65,susquehanna70,NA,allisojo01,Joseph Allison,Allison Joseph,Morris,NY,USA,NA,NA
2019,Canoe,E8,oc2stock,3,30779,398,396,7,66,3,65,susquehanna70,NA,NA,Andrew Rickard,Rickard Andrew,Hartwick,NY,USA,NA,NA
2016,Canoe,T6,oc2cruiser,3,30782,399,397,23,33,3,33,susquehanna70,NA,cumminde01,Del Cummings,Cummings Del,Meriden,CT,USA,NA,NA
2016,Canoe,T6,oc2cruiser,3,30782,399,397,23,33,3,33,susquehanna70,NA,garlanti01,Tim Garland,Garland Tim,Surry,NH,USA,NA,NA
2019,Canoe,S5,oc1pro,9,30783,400,398,23,67,9,66,susquehanna70,NA,chambedo01,Dominic Chamberland,Chamberland Dominic,Champlain,QC,CAN,NA,NA
2017,Canoe,T14,oc2cruiser,5,30784,401,399,24,42,5,42,susquehanna70,NA,goodwike01,Ken Goodwin,Goodwin Ken,Barre,MA,USA,NA,NA
2017,Canoe,T14,oc2cruiser,5,30784,401,399,24,42,5,42,susquehanna70,NA,goodwiry01,Ryan Goodwin,Goodwin Ryan,Barre,MA,USA,NA,NA
2023,Canoe,P44,oc2pro,13,30789,402,400,268,14,13,14,susquehanna70,NA,henryda01,Dana Henry,Henry Dana,Plymouth,MN,USA,Excelsior Brewing,NA
2023,Canoe,P44,oc2pro,13,30789,402,400,268,14,13,14,susquehanna70,NA,schlimmi01,Michael Schlimmer,Schlimmer Michael,Cortland,NY,USA,Excelsior Brewing,NA
2019,Canoe,P11,oc2pro,38,30789,403,401,269,68,38,67,susquehanna70,NA,defeoje01,Jeff Defeo,Defeo Jeff,Chester,MA,USA,NA,NA
2019,Canoe,P11,oc2pro,38,30789,403,401,269,68,38,67,susquehanna70,NA,solakam01,Amy Solak,Solak Amy,Traverse City,MI,USA,NA,NA
2016,Canoe,P43,oc2pro,28,30791,404,402,270,34,28,34,susquehanna70,Mens Under 50,weilerau01,Austin Weiler,Weiler Austin,Roscommon,MI,USA,NA,NA
2016,Canoe,P43,oc2pro,28,30791,404,402,270,34,28,34,susquehanna70,Mens Under 50,marshfl01,Flash Marsh,Marsh Flash,Mio,MI,USA,NA,NA
2015,Canoe,P14,oc2pro,21,30796,405,403,271,24,21,24,susquehanna70,Mens Under 50,smutekte01,Ted Smutek,Smutek Ted,Luzerne,MI,USA,NA,NA
2015,Canoe,P14,oc2pro,21,30796,405,403,271,24,21,24,susquehanna70,Mens Under 50,mackza01,Zackary Mack,Mack Zackary,Grayling,MI,USA,NA,NA
2019,Canoe,P36,oc2pro,39,30798,406,404,272,69,39,68,susquehanna70,NA,NA,Nicolas Isabelle,Isabelle Nicolas,Notre-Dame-du-Mont-Carmel,QC,CAN,NA,NA
2019,Canoe,P36,oc2pro,39,30798,406,404,272,69,39,68,susquehanna70,NA,thibaudo01,Dominic Thibault,Thibault Dominic,Notre-Dame-du-Mont-Carmel,QC,CAN,NA,NA
2019,Canoe,X13,oc2cruisermix,5,30802,407,405,24,70,5,69,susquehanna70,NA,NA,Annie-Claude Bourque,Bourque Annie-Claude,SHAWINIGAN,QC,CAN,NA,NA
2019,Canoe,X13,oc2cruisermix,5,30802,407,405,24,70,5,69,susquehanna70,NA,NA,Christophe Marchand-Pellerin,Marchand-Pellerin Christophe,SHAWINIGAN,QC,CAN,NA,NA
2014,Canoe,L11,oc1master,2,30809,408,406,2,79,2,78,susquehanna70,NA,youngjo01,John Young,Young John,Portlandville,NY,USA,NA,NA
2018,Canoe,P17,oc2pro,35,30813,409,407,273,48,35,48,susquehanna70,NA,olneypa01,Paul Olney,Olney Paul,Westernville,NY,USA,NA,NA
2018,Canoe,P17,oc2pro,35,30813,409,407,273,48,35,48,susquehanna70,NA,olneyjo01,JoAnn Olney,Olney JoAnn,Westernville,NY,USA,NA,NA
2017,Canoe,P6,oc2pro,27,30826,410,408,274,43,27,43,susquehanna70,NA,webbjo01,Jon Webb,Webb Jon,Oscoda,MI,USA,NA,NA
2017,Canoe,P6,oc2pro,27,30826,410,408,274,43,27,43,susquehanna70,NA,cartieyv01,Yves Cartier,Cartier Yves,Tequesta,FL,USA,NA,NA
2018,Canoe,P36,oc2pro,36,30831,411,409,275,49,36,49,susquehanna70,NA,ellswoth01,Thomas Ellsworth,Ellsworth Thomas,Orange,MA,USA,NA,NA
2018,Canoe,P36,oc2pro,36,30831,411,409,275,49,36,49,susquehanna70,NA,hamiltma02,Mary Hamilton,Hamilton Mary,Keene,NH,USA,NA,NA
2019,Canoe,V2,oc2cruisermaster,2,30833,412,410,10,71,2,70,susquehanna70,NA,rancoma01,Mark Ranco,Ranco Mark,Bangor,ME,USA,NA,NA
2019,Canoe,V2,oc2cruisermaster,2,30833,412,410,10,71,2,70,susquehanna70,NA,anderswi01,William Anderson,Anderson William,Thorndike,ME,USA,NA,NA
2025,Canoe,P48,oc2pro,52,30834,413,411,276,68,52,68,susquehanna70,NA,NA,Sylvain Doré,Doré Sylvain,Ferme-Neuve ,QC,CAN,NA,NA
2025,Canoe,P48,oc2pro,52,30834,413,411,276,68,52,68,susquehanna70,NA,NA,Patrice Deslauriers,Deslauriers Patrice,Mont-Laurier ,QC,CAN,NA,NA
2016,Canoe,P15,oc2pro,29,30835,414,412,277,35,29,35,susquehanna70,Mixed,rossem01,Emma Ellsworth,Ellsworth Emma,Orange,MA,USA,NA,NA
2016,Canoe,P15,oc2pro,29,30835,414,412,277,35,29,35,susquehanna70,Mixed,morseja01,Jack Morse,Morse Jack,Cummington,MA,USA,NA,NA
2022,Canoe,P30,oc2pro,16,30839,415,413,278,18,16,18,susquehanna70,NA,NA,Jack Morse,Morse Jack,Cummington,MA,USA,NA,NA
2022,Canoe,P30,oc2pro,16,30839,415,413,278,18,16,18,susquehanna70,NA,gelinaad01,Adam Gelinas,Gelinas Adam,Leominster,MA,USA,NA,NA
2022,Canoe,P40,oc2pro,17,30842,416,414,279,19,17,19,susquehanna70,NA,roussegu01,Guy Rousseau,Rousseau Guy,Trois-Riviã¨Res,QC,CAN,LÃ©veillÃ©/Rousseau,NA
2022,Canoe,P40,oc2pro,17,30842,416,414,279,19,17,19,susquehanna70,NA,NA,Jeremy Leveille,Leveille Jeremy,Shawinigan,QC,CAN,LÃ©veillÃ©/Rousseau,NA
2015,Canoe,P8,oc2pro,22,30843,417,415,280,25,22,25,susquehanna70,Mens 50 & Over,morseja01,Jack Morse,Morse Jack,Cummington,MA,USA,NA,NA
2015,Canoe,P8,oc2pro,22,30843,417,415,280,25,22,25,susquehanna70,Mens 50 & Over,shawjo01,Joe Shaw,Shaw Joe,Worthington,MA,USA,NA,NA
2016,Canoe,P21,oc2pro,30,30858,418,416,281,36,30,36,susquehanna70,Mens Under 50,armstrpa01,Patrick Armstrong,Armstrong Patrick,Lac-A-La-Tortue,QC,CAN,NA,NA
2016,Canoe,P21,oc2pro,30,30858,418,416,281,36,30,36,susquehanna70,Mens Under 50,jolyre01,Rene Joly,Joly Rene,Tortle Lake,QC,CAN,NA,NA
2019,Canoe,S16,oc1pro,10,30871,419,417,24,72,10,71,susquehanna70,NA,wernerer01,Erik Werner,Werner Erik,Philadelphia,PA,USA,NA,NA
2019,Canoe,X10,oc2cruisermix,6,30880,420,418,25,73,6,72,susquehanna70,NA,collieer01,Erica Collier,Collier Erica,Cooperstown,NY,USA,NA,NA
2019,Canoe,X10,oc2cruisermix,6,30880,420,418,25,73,6,72,susquehanna70,NA,colliejo01,John Collier,Collier John,Richmondville,NY,USA,NA,NA
2022,Canoe,P38,oc2pro,18,30901,421,419,282,20,18,20,susquehanna70,NA,shaveral01,Al Shaver,Shaver Al,Meridale,NY,USA,NA,NA
2022,Canoe,P38,oc2pro,18,30901,421,419,282,20,18,20,susquehanna70,NA,leebr01,Bruce Lee,Lee Bruce,Port Crane,NY,USA,NA,NA
2019,Kayak,KL2,k1unlimited,2,30902,422,3,3,74,2,2,susquehanna70,NA,gloverda01,Dale Glover,Glover Dale,Montgomery,PA,USA,NA,NA
2017,Canoe,P20,oc2pro,28,30905,423,420,283,44,28,44,susquehanna70,NA,medinato01,Danny Medina,Medina Danny,Roscommon,MI,USA,NA,NA
2017,Canoe,P20,oc2pro,28,30905,423,420,283,44,28,44,susquehanna70,NA,frigonro01,rosalie frigon,frigon rosalie,Trois-Rivières,QC,CAN,NA,NA
2018,Canoe,P11,oc2pro,37,30906,424,421,284,50,37,50,susquehanna70,NA,massican01,Anthony Massicotte,Massicotte Anthony,Shwinigan,QC,CAN,NA,NA
2018,Canoe,P11,oc2pro,37,30906,424,421,284,50,37,50,susquehanna70,NA,brabanse01,Sean Brabant,Brabant Sean,Roscommon,MI,USA,NA,NA
2019,Canoe,E3,oc2stock,4,30909,425,422,8,75,4,73,susquehanna70,NA,dahlda01,Dave Dahl,Dahl Dave,Maple Grove,MN,USA,NA,NA
2019,Canoe,E3,oc2stock,4,30909,425,422,8,75,4,73,susquehanna70,NA,kilgorjo01,Jon Kilgore,Kilgore Jon,Minnetonka,MN,USA,NA,NA
2017,Canoe,P23,oc2pro,29,30923,426,423,285,45,29,45,susquehanna70,NA,morseja01,Jack Morse,Morse Jack,Cummington,MA,USA,NA,NA
2017,Canoe,P23,oc2pro,29,30923,426,423,285,45,29,45,susquehanna70,NA,dessursi01,Simon Dessureault,Dessureault Simon,Saint-Tite,QC,CAN,NA,NA
2016,Canoe,P14,oc2pro,31,30924,427,424,286,37,31,37,susquehanna70,Mens Under 50,medinada01,Daniel Medina,Medina Daniel,Roscommon,MI,USA,NA,NA
2016,Canoe,P14,oc2pro,31,30924,427,424,286,37,31,37,susquehanna70,Mens Under 50,lacombsi01,Simon Pier-Lacombe,Pier-Lacombe Simon,Trois-Rivieres,QC,CAN,NA,NA
2018,Canoe,P7,oc2pro,38,30928,428,425,287,51,38,51,susquehanna70,NA,rhodeske01,Kelly Rhodes,Rhodes Kelly,Silver Spring,MD,USA,NA,NA
2018,Canoe,P7,oc2pro,38,30928,428,425,287,51,38,51,susquehanna70,NA,botelepa01,Pam Boteler,Boteler Pam,Alexandria,VA,USA,NA,NA
2019,Canoe,E5,oc2stock,5,30934,429,426,9,76,5,74,susquehanna70,NA,jordansc01,Scott Jordan,Jordan Scott,Otego,NY,USA,NA,NA
2019,Canoe,E5,oc2stock,5,30934,429,426,9,76,5,74,susquehanna70,NA,newmanje01,Jeff Newman,Newman Jeff,Unadilla,NY,USA,NA,NA
2022,Canoe,O1,oc4unlimited,3,30934,430,427,9,21,3,21,susquehanna70,NA,bartonbr01,Bruce Barton,Barton Bruce,Homer,MI,USA,Hog Wild,NA
2022,Canoe,O1,oc4unlimited,3,30934,430,427,9,21,3,21,susquehanna70,NA,bartonro01,Roxanne Barton,Barton Roxanne,Homer,MI,USA,Hog Wild,NA
2022,Canoe,O1,oc4unlimited,3,30934,430,427,9,21,3,21,susquehanna70,NA,trieboti01,Tim Triebold,Triebold Tim,Grayling,MI,USA,Hog Wild,NA
2022,Canoe,O1,oc4unlimited,3,30934,430,427,9,21,3,21,susquehanna70,NA,rekerru01,Russ Reker,Reker Russ,Lapeer,MI,USA,Hog Wild,NA
2018,Canoe,P42,oc2pro,39,30936,431,428,288,52,39,52,susquehanna70,NA,jiralka01,Kaitlin Jiral,Jiral Kaitlin,New Braunfels,TX,USA,NA,NA
2018,Canoe,P42,oc2pro,39,30936,431,428,288,52,39,52,susquehanna70,NA,hillsgw01,Gwen Hills,Hills Gwen,Grandville,MI,USA,NA,NA
2017,Canoe,S8,oc1pro,4,30937,432,429,25,46,4,46,susquehanna70,NA,packarmi01,Mike Packard,Packard Mike,Oneonta,NY,USA,NA,NA
2024,Canoe,P37,oc2pro,14,30947,433,430,289,15,14,15,susquehanna70,NA,crotseja01,Jake Crotser,Crotser Jake,Summerville,SC,USA,Southern Comfort,NA
2024,Canoe,P37,oc2pro,14,30947,433,430,289,15,14,15,susquehanna70,NA,mynarky01,Kyle Mynar,Mynar Kyle,San Marcos,TX,USA,Southern Comfort,NA
2016,Canoe,S10,oc1pro,1,30950,434,431,26,38,1,38,susquehanna70,NA,waltonni01,Nick Walton,Walton Nick,Eaton Rapids,MI,USA,NA,NA
2025,Canoe,P18,oc2pro,53,30962,435,432,290,69,53,69,susquehanna70,NA,kozareje01,Jessica Kozarek,Kozarek Jessica,Minneapolis,MN,USA,grooves like a moose,NA
2025,Canoe,P18,oc2pro,53,30962,435,432,290,69,53,69,susquehanna70,NA,NA,Patricia Bohaty,Bohaty Patricia,Minneapolis,MN,USA,grooves like a moose,NA
2017,Canoe,X7,oc2cruisermix,4,30963,436,433,26,47,4,47,susquehanna70,NA,johnsoem01,Emily Johnson,Johnson Emily,St Paul,MN,USA,NA,NA
2017,Canoe,X7,oc2cruisermix,4,30963,436,433,26,47,4,47,susquehanna70,NA,NA,Nathan Sedgewick,Sedgewick Nathan,Towson,MD,USA,NA,NA
2024,Canoe,P6,oc2pro,15,30965,437,434,291,16,15,16,susquehanna70,NA,henryda01,Dana Henry,Henry Dana,Plymouth,MN,USA,Danas World,NA
2024,Canoe,P6,oc2pro,15,30965,437,434,291,16,15,16,susquehanna70,NA,shaveral01,Al Shaver,Shaver Al,Meridale,NY,USA,Danas World,NA
2016,Canoe,P23,oc2pro,32,30970,438,435,292,39,32,39,susquehanna70,Mixed,rouleaan01,Antoine Rouleau,Rouleau Antoine,Trois-Rivieres,QC,CAN,NA,NA
2016,Canoe,P23,oc2pro,32,30970,438,435,292,39,32,39,susquehanna70,Mixed,NA,Rosalie Frignon,Frignon Rosalie,Trois-Rivieres,QC,CAN,NA,NA
2025,Canoe,S2,oc1pro,3,30972,439,436,27,70,3,70,susquehanna70,NA,robertri01,River Robertson,Robertson River,North Berwick,ME,USA,Maineiacs,NA
2024,Canoe,P50,oc2pro,16,30988,440,437,293,17,16,17,susquehanna70,NA,maddenpa01,Patrick Madden,Madden Patrick,Scotia,NY,USA,NA,NA
2024,Canoe,P50,oc2pro,16,30988,440,437,293,17,16,17,susquehanna70,NA,lyesiubr01,Brent Lyesiuk,Lyesiuk Brent,Orange,MA,USA,NA,NA
2017,Canoe,X24,oc2cruisermix,5,31011,441,438,27,48,5,48,susquehanna70,NA,reedbr01,Brooks Reed,Reed Brooks,Unadilla,NY,USA,NA,NA
2017,Canoe,X24,oc2cruisermix,5,31011,441,438,27,48,5,48,susquehanna70,NA,NA,Tanner Reed,Reed Tanner,Unadilla,NY,USA,NA,NA
2014,Canoe,X4,oc2cruisermix,13,31012,442,439,28,80,13,79,susquehanna70,NA,boogemre01,Rene Boogemans,Boogemans Rene,Hensall,ON,CAN,NA,NA
2014,Canoe,X4,oc2cruisermix,13,31012,442,439,28,80,13,79,susquehanna70,NA,NA,Sharilynn Johnston,Johnston Sharilynn,Strathroy,ON,CAN,NA,NA
2017,Canoe,S2,oc1pro,5,31018,443,440,28,49,5,49,susquehanna70,NA,garlanti01,Tim Garland,Garland Tim,Surry,NH,USA,NA,NA
2015,Canoe,P10,oc2pro,23,31029,444,441,294,26,23,26,susquehanna70,Mixed,gelinaad01,Adam Gelinas,Gelinas Adam,Leominster,MA,USA,NA,NA
2015,Canoe,P10,oc2pro,23,31029,444,441,294,26,23,26,susquehanna70,Mixed,lessarsa01,Sarah Lessard,Lessard Sarah,Les Cedres,QC,CAN,NA,NA
2024,Canoe,P35,oc2pro,17,31032,445,442,295,18,17,18,susquehanna70,NA,lapradmi01,Michelle Laprade,Laprade Michelle,Cantley,QC,CAN,Bucking Broncos,NA
2024,Canoe,P35,oc2pro,17,31032,445,442,295,18,17,18,susquehanna70,NA,machated01,Edith Machattie,Machattie Edith,Saskatoon,SK,CAN,Bucking Broncos,NA
2019,Canoe,S1,oc1pro,11,31040,446,443,29,77,11,75,susquehanna70,NA,reeseph01,Phoebe Reese,Reese Phoebe,Oneonta,NY,USA,NA,NA
2018,Canoe,P46,oc2pro,40,31043,447,444,296,53,40,53,susquehanna70,NA,swislome01,Melissa Swislosky,Swislosky Melissa,Mount Upton,NY,USA,NA,NA
2018,Canoe,P46,oc2pro,40,31043,447,444,296,53,40,53,susquehanna70,NA,reeseph01,Phoebe Reese,Reese Phoebe,Oneonta,NY,USA,NA,NA
2024,Canoe,O1,oc4unlimited,2,31052,448,445,10,19,2,19,susquehanna70,NA,wissebo01,Bob Wisse,Wisse Bob,Oneonta,NY,USA,Table Rock Fitness,NA
2024,Canoe,O1,oc4unlimited,2,31052,448,445,10,19,2,19,susquehanna70,NA,zaverabo01,Bob Zaveral,Zaveral Bob,Mount Upton,NY,USA,Table Rock Fitness,NA
2024,Canoe,O1,oc4unlimited,2,31052,448,445,10,19,2,19,susquehanna70,NA,youngjo01,John Young,Young John,Richmondville Ny,NY,USA,Table Rock Fitness,NA
2024,Canoe,O1,oc4unlimited,2,31052,448,445,10,19,2,19,susquehanna70,NA,shultije01,Jeff Shultis,Shultis Jeff,Otego,NY,USA,Table Rock Fitness,NA
2016,Canoe,T11,oc2cruiser,4,31053,449,446,25,40,4,40,susquehanna70,NA,kostrabi01,Bill Kostra,Kostra Bill,Transfer,PA,USA,NA,NA
2016,Canoe,T11,oc2cruiser,4,31053,449,446,25,40,4,40,susquehanna70,NA,koptafr01,Fran Kopta,Kopta Fran,Sherman,NY,USA,NA,NA
2018,Canoe,B1,oc4stock,5,31055,450,447,27,54,5,54,susquehanna70,NA,stoutte01,Teresa Stout,Stout Teresa,Corsica,PA,USA,NA,NA
2018,Canoe,B1,oc4stock,5,31055,450,447,27,54,5,54,susquehanna70,NA,martinst01,Steve Martin,Martin Steve,Ridgway,PA,USA,NA,NA
2018,Canoe,B1,oc4stock,5,31055,450,447,27,54,5,54,susquehanna70,NA,flamento01,Toni Flament,Flament Toni,Emporium,PA,USA,NA,NA
2018,Canoe,B1,oc4stock,5,31055,450,447,27,54,5,54,susquehanna70,NA,burtonst01,Stephen Burton,Burton Stephen,Glenville,NY,USA,NA,NA
2016,Canoe,P46,oc2pro,33,31060,451,448,297,41,33,41,susquehanna70,Mens Under 50,marchach01,Christian Marchand,Marchand Christian,La Tuque,QC,CAN,NA,NA
2016,Canoe,P46,oc2pro,33,31060,451,448,297,41,33,41,susquehanna70,Mens Under 50,NA,Sylain Marchand,Marchand Sylain,La Tuque,QC,CAN,NA,NA
2014,Canoe,J9,oc1,2,31064,452,449,2,81,2,80,susquehanna70,NA,corbetst01,Steve Corbett,Corbett Steve,New Market,MD,USA,NA,NA
2024,Canoe,P15,oc2pro,18,31081,453,450,298,20,18,20,susquehanna70,NA,curleyed01,Ed Curley,Curley Ed,Sidney,NY,USA,Just for Fun,NA
2024,Canoe,P15,oc2pro,18,31081,453,450,298,20,18,20,susquehanna70,NA,lessarsa01,Sarah Lessard,Lessard Sarah,Les Cedres,QC,CAN,Just for Fun,NA
2017,Canoe,B8,oc4stock,5,31098,454,451,28,50,5,50,susquehanna70,NA,simpsoka01,Karen Simpson,Simpson Karen,Mississauga,ON,CAN,NA,NA
2017,Canoe,B8,oc4stock,5,31098,454,451,28,50,5,50,susquehanna70,NA,colego01,Gord Cole,Cole Gord,Parry Sound,ON,CAN,NA,NA
2017,Canoe,B8,oc4stock,5,31098,454,451,28,50,5,50,susquehanna70,NA,olajdzdr01,Dragan Olajdzija,Olajdzija Dragan,Toronto,ON,CAN,NA,NA
2017,Canoe,B8,oc4stock,5,31098,454,451,28,50,5,50,susquehanna70,NA,loekli01,Liz Loek,Loek Liz,Mississauga,ON,CAN,NA,NA
2016,Canoe,P33,oc2pro,34,31110,455,452,299,42,34,42,susquehanna70,Mens 50 & Over,webbjo01,Jon Webb,Webb Jon,Oscoda,MI,USA,NA,NA
2016,Canoe,P33,oc2pro,34,31110,455,452,299,42,34,42,susquehanna70,Mens 50 & Over,mcclurti01,Timothy McClure,McClure Timothy,Roscommon,MI,USA,NA,NA
2018,Canoe,X8,oc2cruisermix,2,31120,456,453,29,55,2,55,susquehanna70,NA,loekli01,Liz Loek,Loek Liz,Mississauga,ON,CAN,NA,NA
2018,Canoe,X8,oc2cruisermix,2,31120,456,453,29,55,2,55,susquehanna70,NA,brownde01,Dean Brown,Brown Dean,Hamilton,ON,CAN,NA,NA
2024,Canoe,P22,oc2pro,19,31120,457,454,300,21,19,21,susquehanna70,NA,roussegu01,Guy Rousseau,Rousseau Guy,Trois-Rivières,QC,CAN,The Hat-Rouss Connection,NA
2024,Canoe,P22,oc2pro,19,31120,457,454,300,21,19,21,susquehanna70,NA,hatfieja01,Jason Hatfield,Hatfield Jason,Grayling,MI,USA,The Hat-Rouss Connection,NA
2025,Canoe,U4,oc2cruisersenior,3,31127,458,455,7,71,3,71,susquehanna70,NA,vandorda01,David Vandorpe,Vandorpe David,Haverhill,MA,USA,Dave and Nick,NA
2025,Canoe,U4,oc2cruisersenior,3,31127,458,455,7,71,3,71,susquehanna70,NA,lyesiuni01,Nick Lyesiuk,Lyesiuk Nick,Orange,MA,USA,Dave and Nick,NA
2018,Canoe,U5,oc2cruisersenior,2,31131,459,456,8,56,2,56,susquehanna70,NA,harrismi01,Mike Harrison,Harrison Mike,Washougal,WA,USA,NA,NA
2018,Canoe,U5,oc2cruisersenior,2,31131,459,456,8,56,2,56,susquehanna70,NA,nicholal01,Allen Nichols,Nichols Allen,Laurens,NY,USA,NA,NA
2025,Canoe,L1,oc1master,1,31139,460,457,3,72,1,72,susquehanna70,NA,corbetst01,Steve Corbett,Corbett Steve,New Market,MD,USA,Quicker Switches,NA
2018,Canoe,P37,oc2pro,41,31140,461,458,301,57,41,57,susquehanna70,NA,NA,Dominic Paquin,Paquin Dominic,Trois-Rivieres,QC,CAN,NA,NA
2018,Canoe,P37,oc2pro,41,31140,461,458,301,57,41,57,susquehanna70,NA,starnada01,Daniel St-Arnaud,St-Arnaud Daniel,Trois-Rivieres,QC,CAN,NA,NA
2024,Canoe,P41,oc2pro,20,31143,462,459,302,22,20,22,susquehanna70,NA,hallan01,Andy Hall,Hall Andy,Arlington,MA,USA,Shenanigans,NA
2024,Canoe,P41,oc2pro,20,31143,462,459,302,22,20,22,susquehanna70,NA,gelinaad01,Adam Gelinas,Gelinas Adam,Leominster,MA,USA,Shenanigans,NA
2016,Canoe,T9,oc2cruiser,5,31146,463,460,26,43,5,43,susquehanna70,NA,hallan01,Andy Hall,Hall Andy,Arlington,MA,USA,NA,NA
2016,Canoe,T9,oc2cruiser,5,31146,463,460,26,43,5,43,susquehanna70,NA,millerse01,Seth Miller,Miller Seth,Norwood,MA,USA,NA,NA
2014,Canoe,V6,oc2cruisermaster,6,31149,464,461,11,82,6,81,susquehanna70,NA,mcandrma01,Mark McAndrew,McAndrew Mark,East Hardwick,VT,USA,NA,NA
2014,Canoe,V6,oc2cruisermaster,6,31149,464,461,11,82,6,81,susquehanna70,NA,anderswi01,William Anderson,Anderson William,Morrill,ME,USA,NA,NA
2019,Canoe,L1,oc1master,1,31154,465,462,4,78,1,76,susquehanna70,NA,corbetst01,Steve Corbett,Corbett Steve,New Market,MD,USA,NA,NA
2017,Canoe,T17,oc2cruiser,6,31155,466,463,27,51,6,51,susquehanna70,NA,lamasa01,Sajan Lama,Lama Sajan,Philadelphia,PA,USA,NA,NA
2017,Canoe,T17,oc2cruiser,6,31155,466,463,27,51,6,51,susquehanna70,NA,wernerer01,Erik Werner,Werner Erik,Philadelphia,PA,USA,NA,NA
2019,Canoe,T9,oc2cruiser,6,31155,467,464,28,79,6,77,susquehanna70,NA,NA,Luke Rhodes,Rhodes Luke,Arlington,VA,USA,NA,NA
2019,Canoe,T9,oc2cruiser,6,31155,467,464,28,79,6,77,susquehanna70,NA,rhodeswi01,William Rhodes,Rhodes William,Columbia,MD,USA,NA,NA
2025,Canoe,P31,oc2pro,54,31158,468,465,303,73,54,73,susquehanna70,NA,millspan01,Andrew Millspaugh,Millspaugh Andrew,Niskayuna,NY,USA,Flaming O's,NA
2025,Canoe,P31,oc2pro,54,31158,468,465,303,73,54,73,susquehanna70,NA,NA,Emma Kennedy,Kennedy Emma,Brooklyn,NY,USA,Flaming O's,NA
2018,Canoe,V9,oc2cruisermaster,3,31165,469,466,12,58,3,58,susquehanna70,NA,goodwike01,Ken Goodwin,Goodwin Ken,Barre,MA,USA,NA,NA
2018,Canoe,V9,oc2cruisermaster,3,31165,469,466,12,58,3,58,susquehanna70,NA,vandorda01,David Vandorpe,Vandorpe David,Weston,MA,USA,NA,NA
2017,Canoe,V5,oc2cruisermaster,1,31174,470,467,13,52,1,52,susquehanna70,NA,pedersje01,Jeff Pedersen,Pedersen Jeff,Gilbertsville,NY,USA,NA,NA
2017,Canoe,V5,oc2cruisermaster,1,31174,470,467,13,52,1,52,susquehanna70,NA,youngjo01,John Young,Young John,Portlandville,NY,USA,NA,NA
2025,Canoe,P5,oc2pro,55,31181,471,468,304,74,55,74,susquehanna70,NA,millerse01,Seth Miller,Miller Seth,Norwood,MA,USA,NA,NA
2025,Canoe,P5,oc2pro,55,31181,471,468,304,74,55,74,susquehanna70,NA,bearssbr01,Bryan Bearss,Bearss Bryan,Grayling,MI,USA,NA,NA
2015,Canoe,P4,oc2pro,24,31182,472,469,305,27,24,27,susquehanna70,Mens Under 50,henryda01,Dana Henry,Henry Dana,Plymouth,MN,USA,NA,NA
2015,Canoe,P4,oc2pro,24,31182,472,469,305,27,24,27,susquehanna70,Mens Under 50,arenzde01,Devin Arenz,Arenz Devin,St Paul,MN,USA,NA,NA
2017,Canoe,P18,oc2pro,30,31190,473,470,306,53,30,53,susquehanna70,NA,jiralka01,Kaitlin Jiral,Jiral Kaitlin,New Braunfels,TX,USA,NA,NA
2017,Canoe,P18,oc2pro,30,31190,473,470,306,53,30,53,susquehanna70,NA,hillsgw01,Gwen Hills,Hills Gwen,Grandville,MI,USA,NA,NA
2023,Canoe,P43,oc2pro,14,31193,474,471,307,15,14,15,susquehanna70,NA,roussegu01,Guy Rousseau,Rousseau Guy,Trois-Rivières,QC,CAN,NA,NA
2023,Canoe,P43,oc2pro,14,31193,474,471,307,15,14,15,susquehanna70,NA,stepkary01,Ryan Stepka,Stepka Ryan,Cantley,QC,CAN,NA,NA
2016,Canoe,S11,oc1pro,2,31193,475,472,30,44,2,44,susquehanna70,NA,chapplti01,Tim Chapple,Chapple Tim,Interlochen,MI,USA,NA,NA
2019,Canoe,J5,oc1,1,31196,476,473,3,80,1,78,susquehanna70,NA,birdsaro01,Rob Birdsall,Birdsall Rob,Unadilla,NY,USA,NA,NA
2018,Canoe,P48,oc2pro,42,31196,477,474,308,59,42,59,susquehanna70,NA,garonmi01,Michael Garon,Garon Michael,Washington,MI,USA,NA,NA
2018,Canoe,P48,oc2pro,42,31196,477,474,308,59,42,59,susquehanna70,NA,mackjo01,Joel Mack,Mack Joel,Grayling Township,MI,USA,NA,NA
2019,Canoe,E6,oc2stock,6,31197,478,475,10,81,6,79,susquehanna70,NA,phillito01,Tom Phillips,Phillips Tom,Ottawa,ON,CAN,NA,NA
2019,Canoe,E6,oc2stock,6,31197,478,475,10,81,6,79,susquehanna70,NA,deabrmi01,Mike De Abreu,De Abreu Mike,Arnprior,ON,CAN,NA,NA
2016,Canoe,B3,oc4stock,4,31199,479,476,29,45,4,45,susquehanna70,NA,vincenbo01,Bob Vincent,Vincent Bob,Dorchester,ON,CAN,NA,NA
2016,Canoe,B3,oc4stock,4,31199,479,476,29,45,4,45,susquehanna70,NA,praterch01,Chris Prater,Prater Chris,London,ON,CAN,NA,NA
2016,Canoe,B3,oc4stock,4,31199,479,476,29,45,4,45,susquehanna70,NA,dillerjo01,John Diller,Diller John,Oakland,MD,USA,NA,NA
2016,Canoe,B3,oc4stock,4,31199,479,476,29,45,4,45,susquehanna70,NA,NA,Stephan Tait,Tait Stephan,Ingersoll,ON,CAN,NA,NA
2016,Canoe,V1,oc2cruisermaster,1,31200,480,477,14,46,1,46,susquehanna70,NA,wingal01,Alex Wing,Wing Alex,Morris,NY,USA,NA,NA
2016,Canoe,V1,oc2cruisermaster,1,31200,480,477,14,46,1,46,susquehanna70,NA,harrismi01,Mike Harrison,Harrison Mike,Washougal,WA,AUS,NA,NA
2019,Canoe,U5,oc2cruisersenior,3,31220,481,478,9,82,3,80,susquehanna70,NA,davisal01,Alec Davis,Davis Alec,Ballston Lake,NY,USA,NA,NA
2019,Canoe,U5,oc2cruisersenior,3,31220,481,478,9,82,3,80,susquehanna70,NA,henryro01,Roger Henry,Henry Roger,Rexford,NY,USA,NA,NA
2014,Canoe,E10,oc2stock,5,31224,482,479,11,83,5,82,susquehanna70,NA,birdsajo01,John Birdsall,Birdsall John,Gilbertsville,NY,USA,NA,NA
2014,Canoe,E10,oc2stock,5,31224,482,479,11,83,5,82,susquehanna70,NA,herrmast01,Steve Herrmann,Herrmann Steve,West Oneonta,NY,USA,NA,NA
2018,Canoe,P39,oc2pro,43,31232,483,480,309,60,43,60,susquehanna70,NA,millspph01,Philip Millspaugh,Millspaugh Philip,Farmington,NY,USA,NA,NA
2018,Canoe,P39,oc2pro,43,31232,483,480,309,60,43,60,susquehanna70,NA,millspem01,Emma Millspaugh,Millspaugh Emma,Niskayuna,NY,USA,NA,NA
2018,Canoe,B9,oc4stock,6,31239,484,481,30,61,6,61,susquehanna70,NA,dillerjo01,John Diller,Diller John,Oakland,MD,USA,NA,NA
2018,Canoe,B9,oc4stock,6,31239,484,481,30,61,6,61,susquehanna70,NA,kostrabi01,Bill Kostra,Kostra Bill,Transfer,PA,USA,NA,NA
2018,Canoe,B9,oc4stock,6,31239,484,481,30,61,6,61,susquehanna70,NA,gotschke01,Kenneth Gotsch,Gotsch Kenneth,Oakland,MD,USA,NA,NA
2018,Canoe,B9,oc4stock,6,31239,484,481,30,61,6,61,susquehanna70,NA,genkosji01,Jim Genkos,Genkos Jim,Auburn,NY,USA,NA,NA
2024,Canoe,P30,oc2pro,21,31251,485,482,310,23,21,23,susquehanna70,NA,schlimjo01,Joe Schlimmer,Schlimmer Joe,Ithaca,NY,USA,Flaming O's,NA
2024,Canoe,P30,oc2pro,21,31251,485,482,310,23,21,23,susquehanna70,NA,millspph01,Philip Millspaugh,Millspaugh Philip,Farmington,NY,USA,Flaming O's,NA
2016,Canoe,B7,oc4stock,5,31261,486,483,31,47,5,47,susquehanna70,NA,gruberpa01,Paul Gruber,Gruber Paul,Irvine,PA,USA,NA,NA
2016,Canoe,B7,oc4stock,5,31261,486,483,31,47,5,47,susquehanna70,NA,martinst01,Steve Martin,Martin Steve,Ridgway,PA,USA,NA,NA
2016,Canoe,B7,oc4stock,5,31261,486,483,31,47,5,47,susquehanna70,NA,stoutte01,Teresa Stout,Stout Teresa,Corsica,PA,USA,NA,NA
2016,Canoe,B7,oc4stock,5,31261,486,483,31,47,5,47,susquehanna70,NA,flamento01,Toni Flament,Flament Toni,Emporium,PA,USA,NA,NA
2023,Canoe,P10,oc2pro,15,31262,487,484,311,16,15,16,susquehanna70,NA,vincenmi01,Mike Vincent,Vincent Mike,Regina,SK,CAN,Mike & Al Express,NA
2023,Canoe,P10,oc2pro,15,31262,487,484,311,16,15,16,susquehanna70,NA,shaveral01,Al Shaver,Shaver Al,Meridale,NY,USA,Mike & Al Express,NA
2016,Canoe,T12,oc2cruiser,6,31265,488,485,29,48,6,48,susquehanna70,NA,goodwike01,Ken Goodwin,Goodwin Ken,Barre,MA,USA,NA,NA
2016,Canoe,T12,oc2cruiser,6,31265,488,485,29,48,6,48,susquehanna70,NA,goodwiry01,Ryan Goodwin,Goodwin Ryan,Barre,MA,USA,NA,NA
2022,Canoe,S6,oc1pro,1,31272,489,486,31,22,1,22,susquehanna70,NA,schlimbe01,Benedict Schlimmer,Schlimmer Benedict,Camillus,NY,USA,NA,NA
2017,Canoe,X10,oc2cruisermix,6,31279,490,487,30,54,6,54,susquehanna70,NA,armstrda01,David Armstrong,Armstrong David,Silver Spring,MD,USA,NA,NA
2017,Canoe,X10,oc2cruisermix,6,31279,490,487,30,54,6,54,susquehanna70,NA,febeyka01,Karen Febey,Febey Karen,Silver Spring,MD,USA,NA,NA
2018,Canoe,X5,oc2cruisermix,3,31282,491,488,31,62,3,62,susquehanna70,NA,defeoje01,Jeff Defeo,Defeo Jeff,Chester,MA,USA,NA,NA
2018,Canoe,X5,oc2cruisermix,3,31282,491,488,31,62,3,62,susquehanna70,NA,fitzgebr01,Briana Fitzgerald,Fitzgerald Briana,Scotia,NY,USA,NA,NA
2025,Canoe,E7,oc2stock,1,31287,492,489,12,75,1,75,susquehanna70,NA,lullna01,Nate Lull,Lull Nate,Gilbertsville,NY,USA,NA,NA
2025,Canoe,E7,oc2stock,1,31287,492,489,12,75,1,75,susquehanna70,NA,sherwobr01,Brett Sherwood,Sherwood Brett,Morris,NY,USA,NA,NA
2018,Canoe,P5,oc2pro,44,31293,493,490,312,63,44,63,susquehanna70,NA,truittjo01,Joel Truitt,Truitt Joel,Houston,TX,USA,NA,NA
2018,Canoe,P5,oc2pro,44,31293,493,490,312,63,44,63,susquehanna70,NA,elkinsza01,Zach Elkins,Elkins Zach,Houston,TX,USA,NA,NA
2018,Canoe,P15,oc2pro,45,31308,494,491,313,64,45,64,susquehanna70,NA,matutejo01,Jose Matute,Matute Jose,St. Paul,MN,USA,NA,NA
2018,Canoe,P15,oc2pro,45,31308,494,491,313,64,45,64,susquehanna70,NA,schillma01,Maria Schilling,Schilling Maria,Minneapolis,MN,USA,NA,NA
2016,Canoe,V5,oc2cruisermaster,2,31319,495,492,15,49,2,49,susquehanna70,NA,pedersje01,Jeff Pedersen,Pedersen Jeff,Gilbertsville,NY,USA,NA,NA
2016,Canoe,V5,oc2cruisermaster,2,31319,495,492,15,49,2,49,susquehanna70,NA,olsonri01,Richard Olson,Olson Richard,Mohawk,NY,USA,NA,NA
2015,Canoe,S11,oc1pro,1,31345,496,493,32,28,1,28,susquehanna70,NA,waltonni01,Nick Walton,Walton Nick,Eaton Rapids,MI,USA,NA,NA
2014,Kayak,KL5,k1unlimited,2,31374,497,4,4,84,2,2,susquehanna70,NA,nugentbo01,Bob Nugent,Nugent Bob,Binghamton,NY,USA,NA,NA
2014,Canoe,B7,oc4stock,6,31382,498,494,32,85,6,83,susquehanna70,NA,crouchho01,Holly Crouch,Crouch Holly,Sherburne,NY,USA,NA,NA
2014,Canoe,B7,oc4stock,6,31382,498,494,32,85,6,83,susquehanna70,NA,vermiljo01,Jon Vermilyea,Vermilyea Jon,Syracuse,NY,USA,NA,NA
2014,Canoe,B7,oc4stock,6,31382,498,494,32,85,6,83,susquehanna70,NA,repakpa01,Paul Repak,Repak Paul,Boonsville,NY,USA,NA,NA
2014,Canoe,B7,oc4stock,6,31382,498,494,32,85,6,83,susquehanna70,NA,neugebri01,Richard Neugebauer,Neugebauer Richard,Skaneateles,NY,USA,NA,NA
2019,Canoe,T6,oc2cruiser,7,31384,499,495,30,83,7,81,susquehanna70,NA,vermiljo01,Jon Vermilyea,Vermilyea Jon,Syracuse,NY,USA,NA,NA
2019,Canoe,T6,oc2cruiser,7,31384,499,495,30,83,7,81,susquehanna70,NA,wagnered01,Ed Wagner,Wagner Ed,Auburn,NY,USA,NA,NA
2017,Canoe,B3,oc4stock,6,31385,500,496,33,55,6,55,susquehanna70,NA,trudgema01,Mandy Trudgeon,Trudgeon Mandy,Grayling,MI,USA,NA,NA
2017,Canoe,B3,oc4stock,6,31385,500,496,33,55,6,55,susquehanna70,NA,nadeausy01,Sylvie Nadeau,Nadeau Sylvie,St Jerome,QC,CAN,NA,NA
2017,Canoe,B3,oc4stock,6,31385,500,496,33,55,6,55,susquehanna70,NA,solakam01,Amy Solak,Solak Amy,Traverse City,MI,USA,NA,NA
2017,Canoe,B3,oc4stock,6,31385,500,496,33,55,6,55,susquehanna70,NA,reynolho01,Holly Reynolds,Reynolds Holly,Rochester,NY,USA,NA,NA
2025,Canoe,X4,oc2cruisermix,4,31387,501,497,32,76,4,76,susquehanna70,NA,vanossjo01,Johannes Van Osselaer,Van Osselaer Johannes,Ithaca,NY,USA,Ducks in a Row,NA
2025,Canoe,X4,oc2cruisermix,4,31387,501,497,32,76,4,76,susquehanna70,NA,flackme01,Meghan Flack,Flack Meghan,Ithaca,NY,USA,Ducks in a Row,NA
2018,Canoe,E13,oc2stock,1,31390,502,498,13,65,1,65,susquehanna70,NA,birdsaro01,Rob Birdsall,Birdsall Rob,Unadilla,NY,USA,NA,NA
2018,Canoe,E13,oc2stock,1,31390,502,498,13,65,1,65,susquehanna70,NA,lefeveto01,Todd LeFever,LeFever Todd,Unadilla,NY,USA,NA,NA
2017,Canoe,L3,oc1master,1,31396,503,499,5,56,1,56,susquehanna70,NA,cuppch01,Chris Cupp,Cupp Chris,Prince George,BC,CAN,NA,NA
2018,Canoe,X2,oc2cruisermix,4,31398,504,500,33,66,4,66,susquehanna70,NA,NA,David Johnston,Johnston David,sarnia,ON,CAN,NA,NA
2018,Canoe,X2,oc2cruisermix,4,31398,504,500,33,66,4,66,susquehanna70,NA,NA,Carlyn Johnston,Johnston Carlyn,Strathroy,ON,CAN,NA,NA
2016,Canoe,P47,oc2pro,35,31409,505,501,314,50,35,50,susquehanna70,Mens Under 50,NA,Shayne Baillargeon,Baillargeon Shayne,La Tuque,QC,CAN,NA,NA
2016,Canoe,P47,oc2pro,35,31409,505,501,314,50,35,50,susquehanna70,Mens Under 50,NA,William Jean-Langlais,Jean-Langlais William,La Tuque La Bostonnais,QC,CAN,NA,NA
2022,Canoe,P11,oc2pro,19,31412,506,502,315,23,19,23,susquehanna70,NA,lessarsa01,Sarah Lessard,Lessard Sarah,Les Cedres,QC,CAN,Sisters from other Misters,NA
2022,Canoe,P11,oc2pro,19,31412,506,502,315,23,19,23,susquehanna70,NA,schlimma01,Mary Schlimmer,Schlimmer Mary,Traverse City,MI,USA,Sisters from other Misters,NA
2014,Canoe,E1,oc2stock,6,31420,507,503,14,86,6,84,susquehanna70,NA,burkesh01,Shawn Burke,Burke Shawn,Andover,MA,USA,NA,NA
2014,Canoe,E1,oc2stock,6,31420,507,503,14,86,6,84,susquehanna70,NA,waltonto01,Thomas Walton,Walton Thomas,Contoocook,NH,USA,NA,NA
2019,Canoe,X4,oc2cruisermix,7,31424,508,504,34,84,7,82,susquehanna70,NA,reinerpr01,Priscilla Reinertsen,Reinertsen Priscilla,Contoocook,NH,USA,NA,NA
2019,Canoe,X4,oc2cruisermix,7,31424,508,504,34,84,7,82,susquehanna70,NA,millerse01,Seth Miller,Miller Seth,Norwood,MA,USA,NA,NA
2018,Canoe,T1,oc2cruiser,3,31433,509,505,31,67,3,67,susquehanna70,NA,vermiljo01,Jon Vermilyea,Vermilyea Jon,Syracuse,NY,USA,NA,NA
2018,Canoe,T1,oc2cruiser,3,31433,509,505,31,67,3,67,susquehanna70,NA,wagnered01,Ed Wagner,Wagner Ed,Auburn,NY,USA,NA,NA
2015,Canoe,P20,oc2pro,25,31440,510,506,316,29,25,29,susquehanna70,Mixed,reynolho01,Holly Reynolds,Reynolds Holly,Rochester,NY,USA,NA,NA
2015,Canoe,P20,oc2pro,25,31440,510,506,316,29,25,29,susquehanna70,Mixed,millspph01,Philip Millspaugh,Millspaugh Philip,Rochester,NY,USA,NA,NA
2018,Canoe,T3,oc2cruiser,4,31440,511,507,32,68,4,68,susquehanna70,NA,casalejo01,John Casale,Casale John,Southampton,MA,USA,NA,NA
2018,Canoe,T3,oc2cruiser,4,31440,511,507,32,68,4,68,susquehanna70,NA,kenyonte01,Ted Kenyon,Kenyon Ted,Montville,CT,USA,NA,NA
2022,Canoe,P22,oc2pro,20,31450,512,508,317,24,20,24,susquehanna70,NA,reeseph01,Phoebe Reese,Reese Phoebe,Oneonta,NY,USA,Curley Wealth Management/ZRE,NA
2022,Canoe,P22,oc2pro,20,31450,512,508,317,24,20,24,susquehanna70,NA,curleyed01,Ed Curley,Curley Ed,Sidney,NY,USA,Curley Wealth Management/ZRE,NA
2017,Canoe,Y2,oc2cruiserwomen,1,31453,513,509,4,57,1,57,susquehanna70,NA,botelepa01,Pam Boteler,Boteler Pam,Alexandria,VA,USA,NA,NA
2017,Canoe,Y2,oc2cruiserwomen,1,31453,513,509,4,57,1,57,susquehanna70,NA,rhodeske01,Kelly Rhodes,Rhodes Kelly,Silver Spring,MD,USA,NA,NA
2015,Canoe,T10,oc2cruiser,1,31454,514,510,33,30,1,30,susquehanna70,NA,kingma01,Matt King,King Matt,Athol,MA,USA,NA,NA
2015,Canoe,T10,oc2cruiser,1,31454,514,510,33,30,1,30,susquehanna70,NA,thiemza01,Zachary Thiem,Thiem Zachary,Athol,MA,USA,NA,NA
2016,Canoe,P7,oc2pro,36,31456,515,511,318,51,36,51,susquehanna70,Mens Under 50,ayotteph01,Philippe Ayotte,Ayotte Philippe,Shawinigan,QC,CAN,NA,NA
2016,Canoe,P7,oc2pro,36,31456,515,511,318,51,36,51,susquehanna70,Mens Under 50,NA,Samuel Ayotte,Ayotte Samuel,Shawinigan-Sud,QC,CAN,NA,NA
2016,Canoe,Y5,oc2cruiserwomen,1,31459,516,512,5,52,1,52,susquehanna70,NA,NA,Noemie Pelletier,Pelletier Noemie,Trois-Rivieres,QC,CAN,NA,NA
2016,Canoe,Y5,oc2cruiserwomen,1,31459,516,512,5,52,1,52,susquehanna70,NA,NA,Priscilla Thellland,Thellland Priscilla,Trois-Rivieres,QC,CAN,NA,NA
2017,Canoe,T12,oc2cruiser,7,31473,517,513,34,58,7,58,susquehanna70,NA,careyde01,Dennis Carey,Carey Dennis,Orange,MA,USA,NA,NA
2017,Canoe,T12,oc2cruiser,7,31473,517,513,34,58,7,58,susquehanna70,NA,dugasda01,David Dugas,Dugas David,Athol,MA,USA,NA,NA
2017,Canoe,S7,oc1pro,6,31485,518,514,33,59,6,59,susquehanna70,NA,koptafr01,Fran Kopta,Kopta Fran,Sherman,NY,USA,NA,NA
2023,Canoe,O1,oc4unlimited,2,31486,519,515,11,17,2,17,susquehanna70,NA,wissebo01,Bob Wisse,Wisse Bob,Oneonta,NY,USA,Table Rock Fitness,NA
2023,Canoe,O1,oc4unlimited,2,31486,519,515,11,17,2,17,susquehanna70,NA,zaverabo01,Bob Zaveral,Zaveral Bob,Mount Upton,NY,USA,Table Rock Fitness,NA
2023,Canoe,O1,oc4unlimited,2,31486,519,515,11,17,2,17,susquehanna70,NA,harrisla01,Larry Harrison,Harrison Larry,Oneonta,NY,USA,Table Rock Fitness,NA
2023,Canoe,O1,oc4unlimited,2,31486,519,515,11,17,2,17,susquehanna70,NA,shultije01,Jeff Shultis,Shultis Jeff,Otego,NY,USA,Table Rock Fitness,NA
2014,Canoe,L3,oc1master,3,31491,520,516,6,87,3,85,susquehanna70,NA,frederla01,Larry Frederick,Frederick Larry,Dunnellon,FL,USA,NA,NA
2023,Canoe,O2,oc4unlimited,3,31491,521,517,12,18,3,18,susquehanna70,NA,wesleygl01,Gloria Wesley,Wesley Gloria,Pittsfield,MA,USA,Big Wave,NA
2023,Canoe,O2,oc4unlimited,3,31491,521,517,12,18,3,18,susquehanna70,NA,apreaga01,Gary Aprea,Aprea Gary,Pittsfield,MA,USA,Big Wave,NA
2023,Canoe,O2,oc4unlimited,3,31491,521,517,12,18,3,18,susquehanna70,NA,garlanti01,Tim Garland,Garland Tim,Surry,NH,USA,Big Wave,NA
2023,Canoe,O2,oc4unlimited,3,31491,521,517,12,18,3,18,susquehanna70,NA,mannsjo01,Joe Manns,Manns Joe,Maplewood ,MN,USA,Big Wave,NA
2014,Canoe,G3,open,1,31507,522,518,1,88,1,86,susquehanna70,NA,robinsmi02,Miranda Robinson,Robinson Miranda,Valley Cottage,NY,USA,NA,NA
2014,Canoe,G3,open,1,31507,522,518,1,88,1,86,susquehanna70,NA,robinsro01,Rodney Robinson,Robinson Rodney,Otego,NY,USA,NA,NA
2023,Canoe,P32,oc2pro,16,31516,523,519,319,19,16,19,susquehanna70,NA,trudgeda01,Dane Trudgeon,Trudgeon Dane,East Lansing,MI,USA,NA,NA
2023,Canoe,P32,oc2pro,16,31516,523,519,319,19,16,19,susquehanna70,NA,gelinaad01,Adam Gelinas,Gelinas Adam,Leominster,MA,USA,NA,NA
2019,Canoe,T12,oc2cruiser,8,31530,524,520,35,85,8,83,susquehanna70,NA,dugasda01,David Dugas,Dugas David,Athol,MA,USA,NA,NA
2019,Canoe,T12,oc2cruiser,8,31530,524,520,35,85,8,83,susquehanna70,NA,smithky01,Kyle Smith,Smith Kyle,Orange,MA,USA,NA,NA
2023,Canoe,P33,oc2pro,17,31532,525,521,320,20,17,20,susquehanna70,NA,lessarsa01,Sarah Lessard,Lessard Sarah,Les Cedres,QC,CAN,Bow light,NA
2023,Canoe,P33,oc2pro,17,31532,525,521,320,20,17,20,susquehanna70,NA,mercielu01,Luc Mercier,Mercier Luc,Trois-Rivieres,QC,CAN,Bow light,NA
2014,Canoe,X6,oc2cruisermix,14,31534,526,522,35,89,14,87,susquehanna70,NA,mclainle01,Leza McLain,McLain Leza,Chesapeake,VA,USA,NA,NA
2014,Canoe,X6,oc2cruisermix,14,31534,526,522,35,89,14,87,susquehanna70,NA,mclainru01,Rusty McLain,McLain Rusty,Chesapeake,VA,USA,NA,NA
2019,Canoe,E16,oc2stock,7,31537,527,523,15,86,7,84,susquehanna70,NA,woolfrad01,Adam Woolfrey,Woolfrey Adam,Tweed,ON,CAN,NA,NA
2019,Canoe,E16,oc2stock,7,31537,527,523,15,86,7,84,susquehanna70,NA,reynolsc01,Scott Reynolds,Reynolds Scott,Stirling,ON,CAN,NA,NA
2016,Kayak,KL4,k1unlimited,1,31537,528,5,5,53,1,1,susquehanna70,NA,shawjo01,Joe Shaw,Shaw Joe,Worthington,MA,USA,NA,NA
2022,Canoe,P19,oc2pro,21,31543,529,524,321,25,21,25,susquehanna70,NA,bosske01,Kevin Boss,Boss Kevin,Swansea,MA,USA,NA,NA
2022,Canoe,P19,oc2pro,21,31543,529,524,321,25,21,25,susquehanna70,NA,hallan01,Andy Hall,Hall Andy,Arlington,MA,USA,NA,NA
2017,Canoe,T3,oc2cruiser,8,31547,530,525,36,60,8,60,susquehanna70,NA,owenje01,Jeff Owen,Owen Jeff,Orono,ME,USA,NA,NA
2017,Canoe,T3,oc2cruiser,8,31547,530,525,36,60,8,60,susquehanna70,NA,doyleke01,Kellen Doyle,Doyle Kellen,Orono,ME,USA,NA,NA
2015,Canoe,B1,oc4stock,4,31552,531,526,34,31,4,31,susquehanna70,NA,koptafr01,Fran Kopta,Kopta Fran,Sherman,NY,USA,NA,NA
2015,Canoe,B1,oc4stock,4,31552,531,526,34,31,4,31,susquehanna70,NA,gruberpa01,Paul Gruber,Gruber Paul,Irvine,PA,USA,NA,NA
2015,Canoe,B1,oc4stock,4,31552,531,526,34,31,4,31,susquehanna70,NA,martinst01,Steve Martin,Martin Steve,Ridgway,PA,USA,NA,NA
2015,Canoe,B1,oc4stock,4,31552,531,526,34,31,4,31,susquehanna70,NA,stoutte01,Teresa Stout,Stout Teresa,Corsica,PA,USA,NA,NA
2017,Canoe,T1,oc2cruiser,9,31563,532,527,37,61,9,61,susquehanna70,NA,cramerto01,Tommy Cramer,Cramer Tommy,Rock Rapids,IA,USA,NA,NA
2017,Canoe,T1,oc2cruiser,9,31563,532,527,37,61,9,61,susquehanna70,NA,vandorda01,David Vandorpe,Vandorpe David,Weston,MA,USA,NA,NA
2024,Canoe,P48,oc2pro,22,31580,533,528,322,24,22,24,susquehanna70,NA,vincenmi01,Mike Vincent,Vincent Mike,Regina,SK,CAN,#wepaddle,NA
2024,Canoe,P48,oc2pro,22,31580,533,528,322,24,22,24,susquehanna70,NA,vincenfi01,Fiona Vincent,Vincent Fiona,Regina,SK,CAN,#wepaddle,NA
2015,Canoe,P31,oc2pro,26,31588,534,529,323,32,26,32,susquehanna70,Mens Under 50,darchech01,Charles Darchen,Darchen Charles,Trois-Rivieres,QC,CAN,NA,NA
2015,Canoe,P31,oc2pro,26,31588,534,529,323,32,26,32,susquehanna70,Mens Under 50,lamontjo01,Joel Lamontagne,Lamontagne Joel,Shawinigan-Sud,QC,CAN,NA,NA
2018,Canoe,T6,oc2cruiser,5,31594,535,530,38,69,5,69,susquehanna70,NA,mclainga01,Gary Mclain,Mclain Gary,Ballston spa,NY,USA,NA,NA
2018,Canoe,T6,oc2cruiser,5,31594,535,530,38,69,5,69,susquehanna70,NA,kirkdy01,Dylan Kirk,Kirk Dylan,Ray Brook,NY,USA,NA,NA
2016,Canoe,P2,oc2pro,37,31624,536,531,324,54,37,53,susquehanna70,Mixed,NA,Francis Hilden,Hilden Francis,Tarpon Springs,FL,USA,NA,NA
2016,Canoe,P2,oc2pro,37,31624,536,531,324,54,37,53,susquehanna70,Mixed,NA,John Edwards,Edwards John,St. Petersburg,FL,USA,NA,NA
2018,Canoe,S5,oc1pro,4,31625,537,532,34,70,4,70,susquehanna70,NA,mercielu01,Luc Mercier,Mercier Luc,Trois-Rivieres,QC,CAN,NA,NA
2024,Canoe,P46,oc2pro,23,31635,538,533,325,25,23,25,susquehanna70,NA,kirkdy01,Dylan Kirk,Kirk Dylan,Jacks Reef,NY,USA,Billy Goat Boats,NA
2024,Canoe,P46,oc2pro,23,31635,538,533,325,25,23,25,susquehanna70,NA,NA,Jackson Tucker,Tucker Jackson,Grand Rapids ,MI,USA,Billy Goat Boats,NA
2024,Canoe,P12,oc2pro,24,31636,539,534,326,26,24,26,susquehanna70,NA,martinca01,Carlos Martinez,Martinez Carlos,Montreal,QC,CAN,NA,NA
2019,Canoe,L7,oc1master,2,31637,540,535,7,87,2,85,susquehanna70,NA,anusiest01,Stan Anusiewicz,Anusiewicz Stan,Brights Grove,ON,CAN,NA,NA
2016,Canoe,P13,oc2pro,38,31638,541,536,327,55,38,54,susquehanna70,Mens Under 50,mackjo01,Joel Mack,Mack Joel,Grayling,MI,USA,NA,NA
2016,Canoe,P13,oc2pro,38,31638,541,536,327,55,38,54,susquehanna70,Mens Under 50,stonehky01,Kyle Stonehouse,Stonehouse Kyle,Tawas City,MI,USA,NA,NA
2025,Canoe,Y3,oc2cruiserwomen,1,31640,542,537,6,77,1,77,susquehanna70,NA,levittka01,Karen Pleasant,Pleasant Karen,Greenfield,MA,USA,Wordle Girls,NA
2025,Canoe,Y3,oc2cruiserwomen,1,31640,542,537,6,77,1,77,susquehanna70,NA,harberio01,Io Harberts,Harberts Io,Saint Paul,MN,USA,Wordle Girls,NA
2022,Canoe,P9,oc2pro,22,31641,543,538,328,26,22,26,susquehanna70,NA,wilsonbr01,Brad Wilson,Wilson Brad,Rockford,MI,USA,West Michigan Paddle Club,NA
2022,Canoe,P9,oc2pro,22,31641,543,538,328,26,22,26,susquehanna70,NA,NA,Douglas Dalman,Dalman Douglas,Coopersville,MI,USA,West Michigan Paddle Club,NA
2015,Canoe,P21,oc2pro,27,31646,544,539,329,33,27,33,susquehanna70,Mixed,limberal01,Allen Limberg,Limberg Allen,Wausau,WI,USA,NA,NA
2015,Canoe,P21,oc2pro,27,31646,544,539,329,33,27,33,susquehanna70,Mixed,bradleba01,Barb Bradley,Bradley Barb,Wausau,WI,USA,NA,NA
2014,Canoe,B2,oc4stock,7,31648,545,540,35,90,7,88,susquehanna70,NA,NA,Brent Williams,Williams Brent,Laurens,NY,USA,NA,NA
2014,Canoe,B2,oc4stock,7,31648,545,540,35,90,7,88,susquehanna70,NA,sherwobr01,Brett Sherwood,Sherwood Brett,Morris,NY,USA,NA,NA
2014,Canoe,B2,oc4stock,7,31648,545,540,35,90,7,88,susquehanna70,NA,stittda01,Dave Stitt,Stitt Dave,Ballston Spa,NY,USA,NA,NA
2014,Canoe,B2,oc4stock,7,31648,545,540,35,90,7,88,susquehanna70,NA,sawyerja01,James Sawyer,Sawyer James,Starksboro,VT,USA,NA,NA
2016,Canoe,X4,oc2cruisermix,1,31660,546,541,36,56,1,55,susquehanna70,NA,olneyjo01,Joann Olney,Olney Joann,Westernville,NY,USA,NA,NA
2016,Canoe,X4,oc2cruisermix,1,31660,546,541,36,56,1,55,susquehanna70,NA,olneypa01,Paul Olney,Olney Paul,Westernville,NY,USA,NA,NA
2016,Canoe,X16,oc2cruisermix,2,31662,547,542,37,57,2,56,susquehanna70,NA,fitzgebr01,Briana Fitzgerald,Fitzgerald Briana,Scotia,NY,USA,NA,NA
2016,Canoe,X16,oc2cruisermix,2,31662,547,542,37,57,2,56,susquehanna70,NA,careyde01,Dennis Carey,Carey Dennis,Orange,MA,USA,NA,NA
2022,Canoe,P46,oc2pro,23,31677,548,543,330,27,23,27,susquehanna70,NA,lowrygr01,Greg Lowry,Lowry Greg,Denville,NJ,USA,NA,NA
2022,Canoe,P46,oc2pro,23,31677,548,543,330,27,23,27,susquehanna70,NA,swislome01,Melissa Swislosky,Swislosky Melissa,Mount Upton,NY,USA,NA,NA
2023,Canoe,P39,oc2pro,18,31690,549,544,331,21,18,21,susquehanna70,NA,wyattcl01,Clay Wyatt,Wyatt Clay,Sequin,TX,USA,Senders Only,NA
2023,Canoe,P39,oc2pro,18,31690,549,544,331,21,18,21,susquehanna70,NA,mynarky01,Kyle Mynar,Mynar Kyle,San Marcos,TX,USA,Senders Only,NA
2016,Canoe,P6,oc2pro,39,31701,550,545,332,58,39,57,susquehanna70,Mens Under 50,brabanse01,Sean Brabant,Brabant Sean,Grayling,MI,USA,NA,NA
2016,Canoe,P6,oc2pro,39,31701,550,545,332,58,39,57,susquehanna70,Mens Under 50,cartieyv01,Yves Cartier,Cartier Yves,Tequesta,FL,USA,NA,NA
2024,Canoe,P7,oc2pro,25,31709,551,546,333,27,25,27,susquehanna70,NA,batwayer01,Eric Batway,Batway Eric,Grayling,MI,USA,NA,NA
2024,Canoe,P7,oc2pro,25,31709,551,546,333,27,25,27,susquehanna70,NA,millerst01,Stephen Miller,Miller Stephen,Groton,MA,USA,NA,NA
2024,Canoe,P13,oc2pro,26,31720,552,547,334,28,26,28,susquehanna70,NA,lowrygr01,Greg Lowry,Lowry Greg,Denville,NJ,USA,HACKED 2.0,NA
2024,Canoe,P13,oc2pro,26,31720,552,547,334,28,26,28,susquehanna70,NA,webbjo01,Jon Webb,Webb Jon,Mio,MI,USA,HACKED 2.0,NA
2016,Canoe,S7,oc1pro,3,31726,553,548,35,59,3,58,susquehanna70,NA,kazimijo01,John Kazimierczyk,Kazimierczyk John,Richmond,NH,USA,NA,NA
2018,Canoe,V10,oc2cruisermaster,4,31727,554,549,16,71,4,71,susquehanna70,NA,pedersje01,Jeff Pedersen,Pedersen Jeff,Gilbertsville,NY,USA,NA,NA
2018,Canoe,V10,oc2cruisermaster,4,31727,554,549,16,71,4,71,susquehanna70,NA,youngjo01,John Young,Young John,Portlandville,NY,USA,NA,NA
2014,Canoe,X10,oc2cruisermix,15,31748,555,550,38,91,15,89,susquehanna70,NA,NA,Glen Cooley,Cooley Glen,Scotia,NY,USA,NA,NA
2014,Canoe,X10,oc2cruisermix,15,31748,555,550,38,91,15,89,susquehanna70,NA,cooleyli01,Linda Cooley,Cooley Linda,Scotia,NY,USA,NA,NA
2018,Canoe,S6,oc1pro,5,31749,556,551,36,72,5,72,susquehanna70,NA,packarmi01,Mike Packard,Packard Mike,Oneonta,NY,USA,NA,NA
2019,Canoe,X8,oc2cruisermix,8,31766,557,552,39,88,8,86,susquehanna70,NA,casalejo01,John Casale,Casale John,Southampton,MA,USA,NA,NA
2019,Canoe,X8,oc2cruisermix,8,31766,557,552,39,88,8,86,susquehanna70,NA,hamiltma02,Mary Hamilton,Hamilton Mary,Keene,NH,USA,NA,NA
2015,Canoe,S9,oc1pro,2,31772,558,553,37,34,2,34,susquehanna70,NA,lyesiubr01,Brent Lyesiuk,Lyesiuk Brent,Orange,MA,USA,NA,NA
2014,Canoe,L18,oc1master,4,31790,559,554,8,92,4,90,susquehanna70,NA,wingal01,Alex Wing,Wing Alex,Morris,NY,USA,NA,NA
2014,Canoe,G14,open,2,31791,560,555,2,93,2,91,susquehanna70,NA,jeraulmi01,Michael Jerauld,Jerauld Michael,Otego,NY,USA,NA,NA
2014,Canoe,G14,open,2,31791,560,555,2,93,2,91,susquehanna70,NA,lullna01,Nate Lull,Lull Nate,Gilbertsville,NY,USA,NA,NA
2025,Kayak,KL4,k1unlimited,1,31791,561,6,6,78,1,1,susquehanna70,NA,fleminor01,Orion Fleming,Fleming Orion,Brattleboro ,VT,USA,NA,NA
2014,Canoe,B9,oc4stock,8,31797,562,556,36,94,8,92,susquehanna70,NA,NA,Angela Juul,Juul Angela,Philadelphia,PA,USA,NA,NA
2014,Canoe,B9,oc4stock,8,31797,562,556,36,94,8,92,susquehanna70,NA,culberca01,Carol Culbertson,Culbertson Carol,Exeter,NH,USA,NA,NA
2014,Canoe,B9,oc4stock,8,31797,562,556,36,94,8,92,susquehanna70,NA,jeanesju01,Judy Jeanes,Jeanes Judy,Devon,PA,USA,NA,NA
2014,Canoe,B9,oc4stock,8,31797,562,556,36,94,8,92,susquehanna70,NA,NA,Ken Wong,Wong Ken,Philadelphia,PA,USA,NA,NA
2018,Canoe,S1,oc1pro,6,31800,563,557,38,73,6,73,susquehanna70,NA,schlimma01,Mary Schlimmer,Schlimmer Mary,Homer,MI,USA,NA,NA
2014,Canoe,E13,oc2stock,7,31808,564,558,16,95,7,93,susquehanna70,NA,goocheji01,Jim Goochee,Goochee Jim,Port Allegany,PA,USA,NA,NA
2014,Canoe,E13,oc2stock,7,31808,564,558,16,95,7,93,susquehanna70,NA,stoddast01,Steve Stoddard,Stoddard Steve,Cory,PA,USA,NA,NA
2014,Canoe,E12,oc2stock,8,31824,565,559,17,96,8,94,susquehanna70,NA,NA,Nathan Derr,Derr Nathan,Unadilla,NY,USA,NA,NA
2014,Canoe,E12,oc2stock,8,31824,565,559,17,96,8,94,susquehanna70,NA,hallri01,Rich Hall,Hall Rich,Gilbertsville,NY,USA,NA,NA
2017,Canoe,T18,oc2cruiser,10,31828,566,560,39,62,10,62,susquehanna70,NA,partrijo01,John Partridge,Partridge John,Unadilla,NY,USA,NA,NA
2017,Canoe,T18,oc2cruiser,10,31828,566,560,39,62,10,62,susquehanna70,NA,NA,Stefan Partridge,Partridge Stefan,New City,NY,USA,NA,NA
2017,Canoe,S1,oc1pro,7,31840,567,561,39,63,7,63,susquehanna70,NA,kirkdy01,Dylan Kirk,Kirk Dylan,Ray Brook,NY,USA,NA,NA
2015,Canoe,T3,oc2cruiser,2,31875,568,562,40,35,2,35,susquehanna70,NA,palmerbr01,Brayton Palmer,Palmer Brayton,Morris,NY,USA,NA,NA
2015,Canoe,T3,oc2cruiser,2,31875,568,562,40,35,2,35,susquehanna70,NA,palmerma01,Matthew Palmer,Palmer Matthew,Morris,NY,USA,NA,NA
2015,Canoe,V10,oc2cruisermaster,1,31876,569,563,17,36,1,36,susquehanna70,NA,howarddo01,Doug Howard,Howard Doug,Townshend,VT,USA,NA,NA
2015,Canoe,V10,oc2cruisermaster,1,31876,569,563,17,36,1,36,susquehanna70,NA,lyesiuni01,Nick Lyesiuk,Lyesiuk Nick,Orange,MA,USA,NA,NA
2019,Canoe,P29,oc2pro,40,31880,570,564,335,89,40,87,susquehanna70,NA,NA,Nickie Rice-Owens,Rice-Owens Nickie,Frederic,MI,USA,NA,NA
2019,Canoe,P29,oc2pro,40,31880,570,564,335,89,40,87,susquehanna70,NA,NA,Douglas Dalman,Dalman Douglas,Coopersville,MI,USA,NA,NA
2022,Canoe,S1,oc1pro,2,31880,571,565,40,28,2,28,susquehanna70,NA,olsonke01,Kevin Olson,Olson Kevin,Parrish,FL,USA,GRB,NA
2014,Canoe,R8,oc1stock,1,31904,572,566,1,97,1,95,susquehanna70,NA,kirkdy01,Dylan Kirk,Kirk Dylan,Ray Brook,NY,USA,NA,NA
2016,Canoe,X17,oc2cruisermix,3,31925,573,567,40,60,3,59,susquehanna70,NA,havensda01,Dan Havens,Havens Dan,Viennia,VA,USA,NA,NA
2016,Canoe,X17,oc2cruisermix,3,31925,573,567,40,60,3,59,susquehanna70,NA,rhodeske01,Kelly Rhodes,Rhodes Kelly,Silver Spring,MD,USA,NA,NA
2022,Canoe,P18,oc2pro,24,31930,574,568,336,29,24,29,susquehanna70,NA,hillza01,Zak Hill,Hill Zak,Saratoga Springs,NY,USA,Hill Bros,NA
2022,Canoe,P18,oc2pro,24,31930,574,568,336,29,24,29,susquehanna70,NA,hillta01,Tad Hill,Hill Tad,Livonia,MI,USA,Hill Bros,NA
2019,Canoe,B1,oc4stock,6,31941,575,569,37,90,6,88,susquehanna70,NA,crouchho01,Holly Crouch,Crouch Holly,Sherburne,NY,USA,NA,NA
2019,Canoe,B1,oc4stock,6,31941,575,569,37,90,6,88,susquehanna70,NA,NA,Tristan Watford,Watford Tristan,Bainbridge,NY,USA,NA,NA
2019,Canoe,B1,oc4stock,6,31941,575,569,37,90,6,88,susquehanna70,NA,gilesam01,Amber Giles,Giles Amber,Sidney,NY,USA,NA,NA
2019,Canoe,B1,oc4stock,6,31941,575,569,37,90,6,88,susquehanna70,NA,fisherdu01,Duke Fisher,Fisher Duke,Bainbridge,NY,USA,NA,NA
2017,Canoe,Y3,oc2cruiserwomen,2,31952,576,570,7,64,2,64,susquehanna70,NA,kozareje01,Jessica Kozarek,Kozarek Jessica,Minneapolis,MN,USA,NA,NA
2017,Canoe,Y3,oc2cruiserwomen,2,31952,576,570,7,64,2,64,susquehanna70,NA,schillma01,Maria Schilling,Schilling Maria,Minneapolis,MN,USA,NA,NA
2022,Canoe,T4,oc2cruiser,1,31952,577,571,41,30,1,30,susquehanna70,NA,allisojo01,Joseph Allison,Allison Joseph,Morris,NY,USA,NA,NA
2022,Canoe,T4,oc2cruiser,1,31952,577,571,41,30,1,30,susquehanna70,NA,bachorst01,Steve Bachorik,Bachorik Steve,Hartwick,NY,USA,NA,NA
2023,Canoe,P26,oc2pro,19,31965,578,572,337,22,19,22,susquehanna70,NA,meckleda01,Dan Mecklenburg,Mecklenburg Dan,Columbus,OH,USA,Mecklenburg,NA
2023,Canoe,P26,oc2pro,19,31965,578,572,337,22,19,22,susquehanna70,NA,meckletr01,Travis Mecklenburg,Mecklenburg Travis,Columbus,OH,USA,Mecklenburg,NA
2017,Canoe,X19,oc2cruisermix,7,31981,579,573,41,65,7,65,susquehanna70,NA,colliejo01,John Collier,Collier John,Richmondville,NY,USA,NA,NA
2017,Canoe,X19,oc2cruisermix,7,31981,579,573,41,65,7,65,susquehanna70,NA,collieer01,Erica Collier,Collier Erica,Cooperstown,NY,USA,NA,NA
2019,Canoe,X9,oc2cruisermix,9,31991,580,574,42,91,9,89,susquehanna70,NA,payneth01,Thomas Payne,Payne Thomas,Tewksbury,MA,USA,NA,NA
2019,Canoe,X9,oc2cruisermix,9,31991,580,574,42,91,9,89,susquehanna70,NA,supercsa01,Sandra Superchi,Superchi Sandra,New Salem,MA,USA,NA,NA
2015,Canoe,S5,oc1pro,3,31992,581,575,41,37,3,37,susquehanna70,NA,kazimijo01,John Kazimierczyk,Kazimierczyk John,Richmond,NH,USA,NA,NA
2022,Canoe,P34,oc2pro,25,32012,582,576,338,31,25,31,susquehanna70,NA,goodwike01,Ken Goodwin,Goodwin Ken,Barre,MA,USA,Goodwin-King,NA
2022,Canoe,P34,oc2pro,25,32012,582,576,338,31,25,31,susquehanna70,NA,kingma01,Matt King,King Matt,Athol,MA,USA,Goodwin-King,NA
2018,Canoe,P8,oc2pro,46,32016,583,577,339,74,46,74,susquehanna70,NA,sutterre01,Rebecca Sutter,Sutter Rebecca,Saranac Lake,NY,USA,NA,NA
2018,Canoe,P8,oc2pro,46,32016,583,577,339,74,46,74,susquehanna70,NA,braxde01,Debbie Brax,Brax Debbie,bay village,OH,USA,NA,NA
2018,Canoe,U1,oc2cruisersenior,3,32017,584,578,10,75,3,75,susquehanna70,NA,kilgorjo01,Jon Kilgore,Kilgore Jon,Minnetonka,MN,USA,NA,NA
2018,Canoe,U1,oc2cruisersenior,3,32017,584,578,10,75,3,75,susquehanna70,NA,dahlda01,Dave Dahl,Dahl Dave,Maple Grove,MN,USA,NA,NA
2015,Canoe,T16,oc2cruiser,3,32031,585,579,42,38,3,38,susquehanna70,NA,pagero01,Rock Page,Page Rock,Mont-Laurier,QC,CAN,NA,NA
2015,Canoe,T16,oc2cruiser,3,32031,585,579,42,38,3,38,susquehanna70,NA,pagesi01,Simon Page,Page Simon,Mont Laurier,QC,CAN,NA,NA
2016,Canoe,V4,oc2cruisermaster,3,32032,586,580,18,61,3,60,susquehanna70,NA,mcandrma01,Mark McAndrew,McAndrew Mark,East Hardwick,VT,USA,NA,NA
2016,Canoe,V4,oc2cruisermaster,3,32032,586,580,18,61,3,60,susquehanna70,NA,sandne01,Neal Sand,Sand Neal,Milton,VT,USA,NA,NA
2025,Canoe,L2,oc1master,2,32037,587,581,9,79,2,78,susquehanna70,NA,sandne01,Neal Sand,Sand Neal,Milton,VT,USA,VerMonster,NA
2024,Canoe,P43,oc2pro,27,32043,588,582,340,29,27,29,susquehanna70,NA,mcmillol01,Oliver McMillan,McMillan Oliver,Ottawa,ON,CAN,O.D. on Paddling,NA
2024,Canoe,P43,oc2pro,27,32043,588,582,340,29,27,29,susquehanna70,NA,coulsode01,Dean Coulson,Coulson Dean,Kearney,ON,CAN,O.D. on Paddling,NA
2022,Canoe,P1,oc2pro,26,32045,589,583,341,32,26,32,susquehanna70,NA,truittke01,Kelly Truitt,Truitt Kelly,Indian Rocks Beach,FL,USA,Dolphin Chasers,NA
2022,Canoe,P1,oc2pro,26,32045,589,583,341,32,26,32,susquehanna70,NA,robertme01,Megan Roberts,Roberts Megan,Glenside,PA,USA,Dolphin Chasers,NA
2023,Canoe,P14,oc2pro,20,32045,590,584,342,23,20,23,susquehanna70,NA,machated01,Edith Machattie,Machattie Edith,Saskatoon,SK,CAN,Schlimhattie,NA
2023,Canoe,P14,oc2pro,20,32045,590,584,342,23,20,23,susquehanna70,NA,schlimma01,Mary Schlimmer-Willoughby,Schlimmer-Willoughby Mary,Traverse City,MI,USA,Schlimhattie,NA
2024,Canoe,O2,oc4unlimited,3,32050,591,585,13,30,3,30,susquehanna70,NA,wesleygl01,Gloria Wesley,Wesley Gloria,Pittsfield,MA,USA,NA,NA
2024,Canoe,O2,oc4unlimited,3,32050,591,585,13,30,3,30,susquehanna70,NA,apreaga01,Gary Aprea,Aprea Gary,Pittsfield,MA,USA,NA,NA
2024,Canoe,O2,oc4unlimited,3,32050,591,585,13,30,3,30,susquehanna70,NA,garlanti01,Tim Garland,Garland Tim,Surry,NH,USA,NA,NA
2024,Canoe,O2,oc4unlimited,3,32050,591,585,13,30,3,30,susquehanna70,NA,bartonbr01,Bruce Barton,Barton Bruce,Homer,MI,USA,NA,NA
2019,Canoe,T4,oc2cruiser,9,32051,592,586,43,92,9,90,susquehanna70,NA,daviauga01,gaetan daviault,daviault gaetan,trois-riviieres,QC,CAN,NA,NA
2019,Canoe,T4,oc2cruiser,9,32051,592,586,43,92,9,90,susquehanna70,NA,daviauya01,yannick daviault,daviault yannick,trois-rivieres,QC,CAN,NA,NA
2017,Canoe,V1,oc2cruisermaster,2,32055,593,587,19,66,2,66,susquehanna70,NA,sandne01,Neal Sand,Sand Neal,Milton,VT,USA,NA,NA
2017,Canoe,V1,oc2cruisermaster,2,32055,593,587,19,66,2,66,susquehanna70,NA,mcandrma01,Mark McAndrew,McAndrew Mark,East Hardwick,VT,USA,NA,NA
2019,Canoe,Y4,oc2cruiserwomen,1,32062,594,588,8,93,1,91,susquehanna70,NA,NA,Rebecca Pinkus,Pinkus Rebecca,Arlington,VA,USA,NA,NA
2019,Canoe,Y4,oc2cruiserwomen,1,32062,594,588,8,93,1,91,susquehanna70,NA,rammli01,Lisa Ramm,Ramm Lisa,Arlington,VA,USA,NA,NA
2017,Canoe,U11,oc2cruisersenior,2,32073,595,589,11,67,2,67,susquehanna70,NA,braultpi01,Pierre Brault,Brault Pierre,Gatineau,QC,CAN,NA,NA
2017,Canoe,U11,oc2cruisersenior,2,32073,595,589,11,67,2,67,susquehanna70,NA,NA,Luc Lefebvre,Lefebvre Luc,Mont-Laurier,QC,CAN,NA,NA
2025,Canoe,L5,oc1master,3,32077,596,590,10,80,3,79,susquehanna70,NA,hainesru01,Russel Haines,Haines Russel,Corsica,PA,USA,NA,NA
2019,Canoe,P9,oc2pro,41,32079,597,591,343,94,41,92,susquehanna70,NA,menardda01,Daniel Menard,Menard Daniel,Mont-Laurier,QC,CAN,NA,NA
2019,Canoe,P9,oc2pro,41,32079,597,591,343,94,41,92,susquehanna70,NA,NA,Jacques Supper,Supper Jacques,Lac Des Ecorces,QC,CAN,NA,NA
2016,Canoe,T4,oc2cruiser,7,32079,598,592,44,62,7,61,susquehanna70,NA,palmerbr01,Brayton Palmer,Palmer Brayton,Morris,NY,USA,NA,NA
2016,Canoe,T4,oc2cruiser,7,32079,598,592,44,62,7,61,susquehanna70,NA,palmerma01,Matthew Palmer,Palmer Matthew,Morris,NY,USA,NA,NA
2018,Canoe,E16,oc2stock,2,32080,599,593,18,76,2,76,susquehanna70,NA,plourdga01,Gaetan Plourde,Plourde Gaetan,North Gower,ON,CAN,NA,NA
2018,Canoe,E16,oc2stock,2,32080,599,593,18,76,2,76,susquehanna70,NA,brainaje01,Jeff Brainard,Brainard Jeff,Roslin,ON,CAN,NA,NA
2019,Canoe,Y2,oc2cruiserwomen,2,32086,600,594,9,95,2,93,susquehanna70,NA,NA,Ginette Tourangeau,Tourangeau Ginette,Mont-Laurier,QC,CAN,NA,NA
2019,Canoe,Y2,oc2cruiserwomen,2,32086,600,594,9,95,2,93,susquehanna70,NA,NA,Kim Clavel,Clavel Kim,Mont-Laurier,QC,CAN,NA,NA
2024,Canoe,T4,oc2cruiser,1,32113,601,595,45,31,1,31,susquehanna70,NA,allisojo01,Joseph Allison,Allison Joseph,Morris,NY,USA,Team Herm,NA
2024,Canoe,T4,oc2cruiser,1,32113,601,595,45,31,1,31,susquehanna70,NA,NA,Austin Henchey,Henchey Austin,Otego,NY,USA,Team Herm,NA
2023,Canoe,S9,oc1pro,1,32117,602,596,42,24,1,24,susquehanna70,NA,NA,Christophe Marchand,Marchand Christophe,Shawinigan ,QC,CAN,Christophe Marchand,NA
2019,Unknown,G8,opentour,1,32122,603,1,1,96,1,1,susquehanna70,NA,mcduffri01,River McDuffie,McDuffie River,Robbins,NC,USA,NA,NA
2019,Unknown,G8,opentour,1,32122,603,1,1,96,1,1,susquehanna70,NA,mcduffwi01,William McDuffie,McDuffie William,Robbins,NC,USA,NA,NA
2025,Canoe,V2,oc2cruisermaster,2,32123,604,597,20,81,2,80,susquehanna70,NA,breenge01,Gerry Breen,Breen Gerry,Brooklyn,NY,USA,Delhi Bad Bunch,NA
2025,Canoe,V2,oc2cruisermaster,2,32123,604,597,20,81,2,80,susquehanna70,NA,mallerti01,Tim Mallery,Mallery Tim,South Williamsport,PA,USA,Delhi Bad Bunch,NA
2024,Canoe,P24,oc2pro,28,32133,605,598,344,32,28,32,susquehanna70,NA,menkje01,Jeremiah Menk,Menk Jeremiah,Shoreview,MN,USA,Maria and Jeremiah,NA
2024,Canoe,P24,oc2pro,28,32133,605,598,344,32,28,32,susquehanna70,NA,schillma01,Maria Schilling,Schilling Maria,Minneapolis,MN,USA,Maria and Jeremiah,NA
2019,Canoe,F1,oc2stockmix,1,32139,606,599,2,97,1,94,susquehanna70,NA,murphysh01,Shauna Murphy,Murphy Shauna,Franklin,NY,USA,NA,NA
2019,Canoe,F1,oc2stockmix,1,32139,606,599,2,97,1,94,susquehanna70,NA,NA,Christopher Murphy,Murphy Christopher,Franklin,NY,USA,NA,NA
2016,Canoe,P25,oc2pro,40,32141,607,600,345,63,40,62,susquehanna70,Mixed,NA,Julianne Morin-Nolet,Morin-Nolet Julianne,Shawinigan,QC,CAN,NA,NA
2016,Canoe,P25,oc2pro,40,32141,607,600,345,63,40,62,susquehanna70,Mixed,harrisry01,Ryan Harris,Harris Ryan,Grayling,MI,USA,NA,NA
2014,Canoe,L15,oc1master,5,32147,608,601,11,98,5,96,susquehanna70,NA,allenbo01,Bob Allen,Allen Bob,Westfield,MA,USA,NA,NA
2024,Canoe,P16,oc2pro,29,32149,609,602,346,33,29,33,susquehanna70,NA,bordelal01,Alex Bordeleau,Bordeleau Alex,Trois-Rivieres,QC,CAN,The ugly and the weak,NA
2024,Canoe,P16,oc2pro,29,32149,609,602,346,33,29,33,susquehanna70,NA,NA,Vincent Desilets,Desilets Vincent,Becancour,QC,CAN,The ugly and the weak,NA
2018,Canoe,E4,oc2stock,3,32159,610,603,19,77,3,77,susquehanna70,NA,jordansc01,Scott Jordan,Jordan Scott,Otego,NY,USA,NA,NA
2018,Canoe,E4,oc2stock,3,32159,610,603,19,77,3,77,susquehanna70,NA,newmanje01,Jeff Newman,Newman Jeff,Unadilla,NY,USA,NA,NA
2022,Canoe,P15,oc2pro,27,32165,611,604,347,33,27,33,susquehanna70,NA,chambeev01,Eve Chamberland,Chamberland Eve,Shawinigan,QC,CAN,2000 Miles Apart,NA
2022,Canoe,P15,oc2pro,27,32165,611,604,347,33,27,33,susquehanna70,NA,huelskly01,Lydia Huelskamp,Huelskamp Lydia,Austin,TX,USA,2000 Miles Apart,NA
2016,Canoe,X15,oc2cruisermix,4,32167,612,605,43,64,4,63,susquehanna70,NA,NA,Liz Pennisi,Pennisi Liz,Arlington,VA,USA,NA,NA
2016,Canoe,X15,oc2cruisermix,4,32167,612,605,43,64,4,63,susquehanna70,NA,NA,Matthew Butcher,Butcher Matthew,Arlington,VA,USA,NA,NA
2017,Canoe,T8,oc2cruiser,11,32168,613,606,46,68,11,68,susquehanna70,NA,allenti01,Tim Allen,Allen Tim,Westfield,MA,USA,NA,NA
2017,Canoe,T8,oc2cruiser,11,32168,613,606,46,68,11,68,susquehanna70,NA,casalejo01,John Casale,Casale John,Southampton,MA,USA,NA,NA
2022,Canoe,P6,oc2pro,28,32183,614,607,348,34,28,34,susquehanna70,NA,peckka01,Katie Peck,Peck Katie,New York,NY,USA,Recovering Dragon Boaters,NA
2022,Canoe,P6,oc2pro,28,32183,614,607,348,34,28,34,susquehanna70,NA,dunbarja01,James Dunbar,Dunbar James,Washington,DC,USA,Recovering Dragon Boaters,NA
2024,Canoe,P17,oc2pro,30,32189,615,608,349,34,30,34,susquehanna70,NA,robertme01,Megan Roberts,Roberts Megan,Glenside,PA,USA,Megan and Kelly,NA
2024,Canoe,P17,oc2pro,30,32189,615,608,349,34,30,34,susquehanna70,NA,truittke01,Kelly Truitt,Truitt Kelly,Brandon,FL,USA,Megan and Kelly,NA
2022,Canoe,P10,oc2pro,29,32200,616,609,350,35,29,35,susquehanna70,NA,NA,Zachary Childs,Childs Zachary,Bay City ,MI,USA,Brabant/Childs,NA
2022,Canoe,P10,oc2pro,29,32200,616,609,350,35,29,35,susquehanna70,NA,brabanse01,Sean Brabant,Brabant Sean,Roscommon,MI,USA,Brabant/Childs,NA
2014,Canoe,L14,oc1master,6,32216,617,610,12,99,6,97,susquehanna70,NA,bosske01,Kevin Boss,Boss Kevin,Swansea,MA,USA,NA,NA
2022,Canoe,P49,oc2pro,30,32225,618,611,351,36,30,36,susquehanna70,NA,praterch01,Chris Prater,Prater Chris,London,ON,CAN,NA,NA
2022,Canoe,P49,oc2pro,30,32225,618,611,351,36,30,36,susquehanna70,NA,courvise01,Sebastien Courville,Courville Sebastien,Golden Lake,ON,CAN,NA,NA
2015,Canoe,P22,oc2pro,28,32228,619,612,352,39,28,39,susquehanna70,Mens Under 50,chambedo01,Dominic Chamberland,Chamberland Dominic,Champlain,QC,CAN,NA,NA
2015,Canoe,P22,oc2pro,28,32228,619,612,352,39,28,39,susquehanna70,Mens Under 50,thibaudo01,Dominic Thibault,Thibault Dominic,Notre-Dame-Du-Mont-Carmel,QC,CAN,NA,NA
2017,Canoe,X21,oc2cruisermix,8,32230,620,613,44,69,8,69,susquehanna70,NA,defeoje01,Jeff Defeo,Defeo Jeff,Chester,MA,USA,NA,NA
2017,Canoe,X21,oc2cruisermix,8,32230,620,613,44,69,8,69,susquehanna70,NA,schaafka01,Katie Schaaf,Schaaf Katie,Minneapolis,MN,USA,NA,NA
2024,Canoe,P8,oc2pro,31,32235,621,614,353,35,31,35,susquehanna70,NA,NA,Douglas Ellery,Ellery Douglas,Scarborough,ON,CAN,BWO-Ripple FX paddles,NA
2024,Canoe,P8,oc2pro,31,32235,621,614,353,35,31,35,susquehanna70,NA,johnstke01,Keir Johnston,Johnston Keir,Strathroy,ON,CAN,BWO-Ripple FX paddles,NA
2019,Canoe,A4,oc2stockalum,1,32243,622,615,1,98,1,95,susquehanna70,NA,walleybi01,Bill Walley,Walley Bill,Walton,NY,USA,NA,NA
2019,Canoe,A4,oc2stockalum,1,32243,622,615,1,98,1,95,susquehanna70,NA,NA,Lucas Walley,Walley Lucas,Walton,NY,USA,NA,NA
2017,Canoe,X1,oc2cruisermix,9,32253,623,616,45,70,9,70,susquehanna70,NA,strebke01,Ken Streb,Streb Ken,Rochester,NY,USA,NA,NA
2017,Canoe,X1,oc2cruisermix,9,32253,623,616,45,70,9,70,susquehanna70,NA,braxde01,Debbie Brax,Brax Debbie,bay village,OH,USA,NA,NA
2015,Canoe,T8,oc2cruiser,4,32254,624,617,47,40,4,40,susquehanna70,NA,schlimjo01,Joseph Schlimmer,Schlimmer Joseph,Cortland,NY,USA,NA,NA
2015,Canoe,T8,oc2cruiser,4,32254,624,617,47,40,4,40,susquehanna70,NA,sherwosc01,Scott Sherwood,Sherwood Scott,Liverpool,NY,USA,NA,NA
2016,Canoe,S8,oc1pro,4,32261,625,618,43,65,4,64,susquehanna70,NA,sheldoti01,Tim Sheldon,Sheldon Tim,Grayling,MI,USA,NA,NA
2018,Canoe,X9,oc2cruisermix,5,32265,626,619,46,78,5,78,susquehanna70,NA,lullna01,Nate Lull,Lull Nate,Gilbertsville,NY,USA,NA,NA
2018,Canoe,X9,oc2cruisermix,5,32265,626,619,46,78,5,78,susquehanna70,NA,reynolho01,Holly Reynolds,Reynolds Holly,Rochester,NY,USA,NA,NA
2019,Canoe,J2,oc1,2,32266,627,620,4,99,2,96,susquehanna70,NA,palmerbr01,Brayton Palmer,Palmer Brayton,Media,PA,USA,NA,NA
2017,Canoe,L7,oc1master,2,32271,628,621,13,71,2,71,susquehanna70,NA,NA,Art Walker-Jones,Walker-Jones Art,Winnipeg,MB,CAN,NA,NA
2014,Canoe,J6,oc1,3,32275,629,622,5,100,3,98,susquehanna70,NA,mallerti01,Tim Mallery,Mallery Tim,South Williamsport,PA,USA,NA,NA
2015,Canoe,P12,oc2pro,29,32276,630,623,354,41,29,41,susquehanna70,Mixed,mcmahoha01,Hailey McMahon,McMahon Hailey,Grayling,MI,USA,NA,NA
2015,Canoe,P12,oc2pro,29,32276,630,623,354,41,29,41,susquehanna70,Mixed,garonmi01,Michael Garon,Garon Michael,Washington,MI,USA,NA,NA
2016,Canoe,X8,oc2cruisermix,5,32282,631,624,47,66,5,65,susquehanna70,NA,NA,Carlyn Johnston,Johnston Carlyn,Strathroy,ON,CAN,NA,NA
2016,Canoe,X8,oc2cruisermix,5,32282,631,624,47,66,5,65,susquehanna70,NA,NA,David Johnston,Johnston David,Sarnia,ON,CAN,NA,NA
2024,Canoe,U1,oc2cruisersenior,1,32295,632,625,12,36,1,36,susquehanna70,NA,nicholal01,Allen Nichols,Nichols Allen,Laurens,NY,USA,Nichols-Harrison,NA
2024,Canoe,U1,oc2cruisersenior,1,32295,632,625,12,36,1,36,susquehanna70,NA,harrisla01,Larry Harrison,Harrison Larry,Oneonta,NY,USA,Nichols-Harrison,NA
2022,Canoe,V2,oc2cruisermaster,1,32302,633,626,21,37,1,37,susquehanna70,NA,millerse01,Seth Miller,Miller Seth,Norwood,MA,USA,NA,NA
2022,Canoe,V2,oc2cruisermaster,1,32302,633,626,21,37,1,37,susquehanna70,NA,millerst01,Stephen Miller,Miller Stephen,Groton,MA,USA,NA,NA
2015,Canoe,X9,oc2cruisermix,1,32314,634,627,48,42,1,42,susquehanna70,NA,NA,Carlyn Johnston,Johnston Carlyn,Strathroy,ON,CAN,NA,NA
2015,Canoe,X9,oc2cruisermix,1,32314,634,627,48,42,1,42,susquehanna70,NA,NA,David Johnston,Johnston David,Sarnia,ON,CAN,NA,NA
2024,Canoe,O4,oc4unlimited,4,32324,635,628,14,37,4,37,susquehanna70,NA,NA,Peter Kruszelnicki,Kruszelnicki Peter,Ashford,ENG,GBR,C4cat,NA
2024,Canoe,O4,oc4unlimited,4,32324,635,628,14,37,4,37,susquehanna70,NA,NA,Helen Kruszelnicki,Kruszelnicki Helen,Ashford,ENG,GBR,C4cat,NA
2024,Canoe,O4,oc4unlimited,4,32324,635,628,14,37,4,37,susquehanna70,NA,NA,Richard Parrott,Parrott Richard,Milton Keynes,ENG,GBR,C4cat,NA
2024,Canoe,O4,oc4unlimited,4,32324,635,628,14,37,4,37,susquehanna70,NA,NA,Nick Onley,Onley Nick,Milton Keynes,ENG,GBR,C4cat,NA
2015,Canoe,P32,oc2pro,30,32326,636,629,355,43,30,43,susquehanna70,Women,parkeje01,Jennifer Parke,Parke Jennifer,St-Georges-De-Champlain,QC,CAN,NA,NA
2015,Canoe,P32,oc2pro,30,32326,636,629,355,43,30,43,susquehanna70,Women,nadeausy01,Sylvie Nadeau,Nadeau Sylvie,St Jerome,QC,CAN,NA,NA
2014,Canoe,L16,oc1master,7,32331,637,630,14,101,7,99,susquehanna70,NA,armstrda01,David Armstrong,Armstrong David,Fort Collins,CO,USA,NA,NA
2017,Canoe,E6,oc2stock,1,32331,638,631,20,72,1,72,susquehanna70,NA,newmanje01,Jeff Newman,Newman Jeff,Unadilla,NY,USA,NA,NA
2017,Canoe,E6,oc2stock,1,32331,638,631,20,72,1,72,susquehanna70,NA,jordansc01,Scott Jordan,Jordan Scott,Otego,NY,USA,NA,NA
2022,Canoe,P36,oc2pro,31,32334,639,632,356,38,31,38,susquehanna70,NA,nadeausy01,Sylvie Nadeau,Nadeau Sylvie,St Jerome,QC,CAN,1/2 OOS,NA
2022,Canoe,P36,oc2pro,31,32334,639,632,356,38,31,38,susquehanna70,NA,schlimjo01,Joe Schlimmer,Schlimmer Joe,Ithaca,NY,USA,1/2 OOS,NA
2019,Canoe,Y1,oc2cruiserwomen,3,32341,640,633,10,100,3,97,susquehanna70,NA,wisseas01,Ashley Wisse,Wisse Ashley,Oneonta,NY,USA,NA,NA
2019,Canoe,Y1,oc2cruiserwomen,3,32341,640,633,10,100,3,97,susquehanna70,NA,robinsmi02,Miranda Robinson,Robinson Miranda,Otego,NY,USA,NA,NA
2024,Canoe,P33,oc2pro,32,32348,641,634,357,38,32,38,susquehanna70,NA,lamontjo01,Joel Lamontagne,Lamontagne Joel,Trois Rivieres,QC,CAN,NA,NA
2024,Canoe,P33,oc2pro,32,32348,641,634,357,38,32,38,susquehanna70,NA,savardto01,Tommy Savard,Savard Tommy,Shawinigan ,QC,CAN,NA,NA
2017,Canoe,V4,oc2cruisermaster,3,32368,642,635,22,73,3,73,susquehanna70,NA,boogemre01,Rene Boogemans,Boogemans Rene,Hensall,ON,CAN,NA,NA
2017,Canoe,V4,oc2cruisermaster,3,32368,642,635,22,73,3,73,susquehanna70,NA,NA,David Johnston,Johnston David,sarnia,ON,CAN,NA,NA
2022,Canoe,P24,oc2pro,32,32370,643,636,358,39,32,39,susquehanna70,NA,lamontgu01,Guillaume Lamontagne,Lamontagne Guillaume,St-Etienne-Des-Gres,QC,CAN,Clan Lamont,NA
2022,Canoe,P24,oc2pro,32,32370,643,636,358,39,32,39,susquehanna70,NA,lamontjo01,Joel Lamontagne,Lamontagne Joel,Trois Rivieres,QC,CAN,Clan Lamont,NA
2015,Canoe,X10,oc2cruisermix,2,32370,644,637,49,44,2,44,susquehanna70,NA,brownde01,Dean Brown,Brown Dean,Hamilton,ON,CAN,NA,NA
2015,Canoe,X10,oc2cruisermix,2,32370,644,637,49,44,2,44,susquehanna70,NA,loekli01,Liz Loek,Loek Liz,Mississauga,ON,CAN,NA,NA
2024,Canoe,P11,oc2pro,33,32370,645,638,359,39,33,39,susquehanna70,NA,prestoda01,Dave Preston,Preston Dave,Pennellville,NY,USA,The Tortoise and the Hair,NA
2024,Canoe,P11,oc2pro,33,32370,645,638,359,39,33,39,susquehanna70,NA,reeseph01,Phoebe Reese,Reese Phoebe,Oneonta,NY,USA,The Tortoise and the Hair,NA
2017,Canoe,P22,oc2pro,31,32371,646,639,360,74,31,74,susquehanna70,NA,owensni01,Nicole Owens,Owens Nicole,Frederic,MI,USA,NA,NA
2017,Canoe,P22,oc2pro,31,32371,646,639,360,74,31,74,susquehanna70,NA,elliotro01,Rodney Elliott,Elliott Rodney,grayling,MI,USA,NA,NA
2014,Canoe,V1,oc2cruisermaster,7,32384,647,640,23,102,7,100,susquehanna70,NA,lewisjo01,John Lewis,Lewis John,Bainbridge,NY,USA,NA,NA
2014,Canoe,V1,oc2cruisermaster,7,32384,647,640,23,102,7,100,susquehanna70,NA,bauerlpe01,Peter Bauerle,Bauerle Peter,Bainbridge,NY,USA,NA,NA
2017,Canoe,Y6,oc2cruiserwomen,3,32389,648,641,11,75,3,75,susquehanna70,NA,ellesoja01,Jaya Elleson,Elleson Jaya,Burlington,WI,USA,NA,NA
2017,Canoe,Y6,oc2cruiserwomen,3,32389,648,641,11,75,3,75,susquehanna70,NA,bradleba01,Barb Bradley,Bradley Barb,Wausau,WI,USA,NA,NA
2014,Canoe,C4,oc2rec,1,32398,649,642,1,103,1,101,susquehanna70,NA,lafevedo01,Don Lafever,Lafever Don,Norwich,NY,USA,NA,NA
2014,Canoe,C4,oc2rec,1,32398,649,642,1,103,1,101,susquehanna70,NA,NA,Kyle Smallin,Smallin Kyle,Mt Vision,NY,USA,NA,NA
2019,Unknown,G10,opentour,2,32401,650,2,2,101,2,2,susquehanna70,NA,beckwida01,Dale Beckwith,Beckwith Dale,Sidney,NY,USA,NA,NA
2019,Unknown,G10,opentour,2,32401,650,2,2,101,2,2,susquehanna70,NA,bagleyje01,Jeff Bagley,Bagley Jeff,Sidney,NY,USA,NA,NA
2017,Canoe,U9,oc2cruisersenior,3,32404,651,643,13,76,3,76,susquehanna70,NA,koptama01,Mark Kopta,Kopta Mark,Clymer,NY,USA,NA,NA
2017,Canoe,U9,oc2cruisersenior,3,32404,651,643,13,76,3,76,susquehanna70,NA,codingbr01,Bruce Codington,Codington Bruce,Sidney,NY,USA,NA,NA
2018,Canoe,X7,oc2cruisermix,6,32404,652,644,50,79,6,79,susquehanna70,NA,stonemdo01,Don Stoneman,Stoneman Don,Cambridge,ON,CAN,NA,NA
2018,Canoe,X7,oc2cruisermix,6,32404,652,644,50,79,6,79,susquehanna70,NA,simpsoka01,Karen Simpson,Simpson Karen,Mississauga,ON,CAN,NA,NA
2025,Canoe,B3,oc4stock,3,32404,653,645,38,82,3,81,susquehanna70,NA,berlke01,Kevin Berl,Berl Kevin,Macedon,NY,USA,NA,NA
2025,Canoe,B3,oc4stock,3,32404,653,645,38,82,3,81,susquehanna70,NA,buttsri01,Richard Butts,Butts Richard,Rochester,NY,USA,NA,NA
2025,Canoe,B3,oc4stock,3,32404,653,645,38,82,3,81,susquehanna70,NA,vermiljo01,Jon Vermilyea,Vermilyea Jon,Baldwinsville ,NY,USA,NA,NA
2025,Canoe,B3,oc4stock,3,32404,653,645,38,82,3,81,susquehanna70,NA,codingbr01,Bruce Codington,Codington Bruce,Sidney,NY,USA,NA,NA
2022,Canoe,P25,oc2pro,33,32409,654,646,361,40,33,40,susquehanna70,NA,bordelal01,Alex Bordeleau,Bordeleau Alex,Trois-Rivieres,QC,CAN,Dufour-Bordeleau,NA
2022,Canoe,P25,oc2pro,33,32409,654,646,361,40,33,40,susquehanna70,NA,dufourth01,Thierry Dufour,Dufour Thierry,Trois Rivieres,QC,CAN,Dufour-Bordeleau,NA
2025,Canoe,E1,oc2stock,2,32421,655,647,21,83,2,82,susquehanna70,NA,whitinwi01,Will Whiting,Whiting Will,Fultonville,NY,USA,Whiting,NA
2025,Canoe,E1,oc2stock,2,32421,655,647,21,83,2,82,susquehanna70,NA,whitiner01,Erik Whiting,Whiting Erik,Ledyard,CT,USA,Whiting,NA
2018,Canoe,T2,oc2cruiser,6,32426,656,648,48,80,6,80,susquehanna70,NA,kingma01,Matt King,King Matt,Athol,MA,USA,NA,NA
2018,Canoe,T2,oc2cruiser,6,32426,656,648,48,80,6,80,susquehanna70,NA,fishza01,Zachary Fish,Fish Zachary,Athol,MA,USA,NA,NA
2025,Canoe,E12,oc2stock,3,32435,657,649,22,84,3,83,susquehanna70,NA,beckwida01,Dale Beckwith,Beckwith Dale,Sidney,NY,USA,B - Squared,NA
2025,Canoe,E12,oc2stock,3,32435,657,649,22,84,3,83,susquehanna70,NA,bagleyje01,Jeff Bagley,Bagley Jeff,Sidney,NY,USA,B - Squared,NA
2019,Canoe,F5,oc2stockmix,2,32439,658,650,3,102,2,98,susquehanna70,NA,lafeveja01,Jim LaFever,LaFever Jim,Unadilla,NY,USA,NA,NA
2019,Canoe,F5,oc2stockmix,2,32439,658,650,3,102,2,98,susquehanna70,NA,lafeveam01,Amy Lafever,Lafever Amy,Unadilla,NY,USA,NA,NA
2017,Canoe,E8,oc2stock,2,32443,659,651,23,77,2,77,susquehanna70,NA,zophygr01,Greg Zophy,Zophy Greg,St. Paul,MN,USA,NA,NA
2017,Canoe,E8,oc2stock,2,32443,659,651,23,77,2,77,susquehanna70,NA,bergdo01,Doug Berg,Berg Doug,Excelsior,MN,USA,NA,NA
2016,Kayak,KL5,k1unlimited,2,32447,660,7,7,67,2,2,susquehanna70,NA,kuehneku01,Kurt Kuehnel,Kuehnel Kurt,Dalton,MA,USA,NA,NA
2022,Canoe,P45,oc2pro,34,32450,661,652,362,41,34,41,susquehanna70,NA,limberal01,Allen Limberg,Limberg Allen,Wausau,WI,USA,NA,NA
2022,Canoe,P45,oc2pro,34,32450,661,652,362,41,34,41,susquehanna70,NA,bradleba01,Barb Bradley,Bradley Barb,Wausau,WI,USA,NA,NA
2022,Canoe,V3,oc2cruisermaster,2,32455,662,653,24,42,2,42,susquehanna70,NA,personda01,Dale Persons,Persons Dale,Bainbridge ,NY,USA,NA,NA
2022,Canoe,V3,oc2cruisermaster,2,32455,662,653,24,42,2,42,susquehanna70,NA,jordansc01,Scott Jordan,Jordan Scott,Otego,NY,USA,NA,NA
2016,Canoe,P18,oc2pro,41,32459,663,654,363,68,41,66,susquehanna70,Women,parkeje01,Jennifer Parke,Parke Jennifer,St-Georges-De-Champlain,QC,CAN,NA,NA
2016,Canoe,P18,oc2pro,41,32459,663,654,363,68,41,66,susquehanna70,Women,nadeausy01,Sylvie Nadeau,Nadeau Sylvie,St Jerome,QC,CAN,NA,NA
2024,Canoe,S6,oc1pro,1,32461,664,655,44,40,1,40,susquehanna70,NA,kentte01,Terry Kent,Kent Terry,Ithaca,NY,USA,NA,NA
2018,Canoe,E10,oc2stock,4,32462,665,656,24,81,4,81,susquehanna70,NA,madoreje01,Jerry Madore,Madore Jerry,Wales,MA,USA,NA,NA
2018,Canoe,E10,oc2stock,4,32462,665,656,24,81,4,81,susquehanna70,NA,madoregu01,Gus Madore,Madore Gus,Wales,MA,USA,NA,NA
2024,Canoe,S1,oc1pro,2,32463,666,657,45,41,2,41,susquehanna70,NA,robinstr01,Trevor Robinson,Robinson Trevor,Saskatoon,SK,CAN,NA,NA
2022,Canoe,P39,oc2pro,35,32464,667,658,364,43,35,43,susquehanna70,NA,careyde01,Dennis Carey,Carey Dennis,Orange,MA,USA,Going for 30,NA
2022,Canoe,P39,oc2pro,35,32464,667,658,364,43,35,43,susquehanna70,NA,lyesiubr01,Brent Lyesiuk,Lyesiuk Brent,Orange,MA,USA,Going for 30,NA
2022,Canoe,X4,oc2cruisermix,1,32467,668,659,51,44,1,44,susquehanna70,NA,rhodeske01,Kelly Rhodes,Rhodes Kelly,Silver Spring,MD,USA,NA,NA
2022,Canoe,X4,oc2cruisermix,1,32467,668,659,51,44,1,44,susquehanna70,NA,lowenfma01,Martin Lowenfish,Lowenfish Martin,Washington,DC,USA,NA,NA
2015,Canoe,B4,oc4stock,5,32470,669,660,39,45,5,45,susquehanna70,NA,brunoch01,Charlie Bruno,Bruno Charlie,Saylorsburg,PA,USA,NA,NA
2015,Canoe,B4,oc4stock,5,32470,669,660,39,45,5,45,susquehanna70,NA,hindleni01,Nick Hindley,Hindley Nick,Honesdale,PA,USA,NA,NA
2015,Canoe,B4,oc4stock,5,32470,669,660,39,45,5,45,susquehanna70,NA,NA,Peter McConville,McConville Peter,Paul Smiths,NY,USA,NA,NA
2015,Canoe,B4,oc4stock,5,32470,669,660,39,45,5,45,susquehanna70,NA,rosspe01,Peter Ross,Ross Peter,Ontario,NY,USA,NA,NA
2025,Canoe,X7,oc2cruisermix,5,32471,670,661,52,85,5,84,susquehanna70,NA,idesc01,Scott Ide,Ide Scott,Framingham ,MA,USA,Smokey and the Wabbit,NA
2025,Canoe,X7,oc2cruisermix,5,32471,670,661,52,85,5,84,susquehanna70,NA,owensni01,Nicole Owens,Owens Nicole,Gaylord,MI,USA,Smokey and the Wabbit,NA
2016,Canoe,X11,oc2cruisermix,6,32480,671,662,53,69,6,67,susquehanna70,NA,ellesoja01,Jaya Elleson,Elleson Jaya,Burlington,WI,USA,NA,NA
2016,Canoe,X11,oc2cruisermix,6,32480,671,662,53,69,6,67,susquehanna70,NA,lyesiuni01,Nick Lyesiuk,Lyesiuk Nick,Orange,MA,USA,NA,NA
2015,Canoe,X13,oc2cruisermix,3,32484,672,663,54,46,3,46,susquehanna70,NA,cumminde01,Del Cummings,Cummings Del,Meriden,CT,USA,NA,NA
2015,Canoe,X13,oc2cruisermix,3,32484,672,663,54,46,3,46,susquehanna70,NA,cumminvi01,Vicki Cummings,Cummings Vicki,Meriden,CT,USA,NA,NA
2014,Canoe,E5,oc2stock,9,32485,673,664,25,104,9,102,susquehanna70,NA,NA,Brooke Linford,Linford Brooke,Washington,DC,USA,NA,NA
2014,Canoe,E5,oc2stock,9,32485,673,664,25,104,9,102,susquehanna70,NA,myersma01,Matt Myers,Myers Matt,Mt Rainier,MD,USA,NA,NA
2016,Canoe,Y1,oc2cruiserwomen,2,32490,674,665,12,70,2,68,susquehanna70,NA,fitzgepa01,Pam Fitzgerald,Fitzgerald Pam,Scotia,NY,USA,NA,NA
2016,Canoe,Y1,oc2cruiserwomen,2,32490,674,665,12,70,2,68,susquehanna70,NA,cumminvi01,Vicki Cummings,Cummings Vicki,Meriden,CT,USA,NA,NA
2025,Canoe,E6,oc2stock,4,32507,675,666,26,86,4,85,susquehanna70,NA,amellji01,Jim Amell,Amell Jim,Gansevoort,NY,USA,H. L. Gage Express,NA
2025,Canoe,E6,oc2stock,4,32507,675,666,26,86,4,85,susquehanna70,NA,mclainga01,Gary McLain,McLain Gary,Ballston Spa,NY,USA,H. L. Gage Express,NA
2022,Canoe,V4,oc2cruisermaster,3,32508,676,667,25,45,3,45,susquehanna70,NA,reedbr01,Brooks Reed,Reed Brooks,Unadilla,NY,USA,BS paddling,NA
2022,Canoe,V4,oc2cruisermaster,3,32508,676,667,25,45,3,45,susquehanna70,NA,macartse01,Seth Macarthur,Macarthur Seth,Staten Island,NY,USA,BS paddling,NA
2017,Canoe,S4,oc1pro,8,32515,677,668,46,78,8,78,susquehanna70,NA,mercielu01,Luc Mercier,Mercier Luc,Trois-Rivieres,QC,CAN,NA,NA
2025,Canoe,Y1,oc2cruiserwomen,2,32520,678,669,13,87,2,86,susquehanna70,NA,fitzgepa01,Pam Fitzgerald,Fitzgerald Pam,Scotia,NY,USA,NA,NA
2025,Canoe,Y1,oc2cruiserwomen,2,32520,678,669,13,87,2,86,susquehanna70,NA,NA,Ann Flower Stitt,Stitt Ann Flower,Ballston Lake,NY,USA,NA,NA
2025,Canoe,J2,oc1,1,32522,679,670,6,88,1,87,susquehanna70,NA,NA,Zachary Craft,Craft Zachary,Unadilla,NY,USA,Getting Crafty,NA
2015,Canoe,X12,oc2cruisermix,4,32525,680,671,55,47,4,47,susquehanna70,NA,NA,Erik Warner,Warner Erik,Philadelphia,PA,USA,NA,NA
2015,Canoe,X12,oc2cruisermix,4,32525,680,671,55,47,4,47,susquehanna70,NA,sutterre01,Rebecca Sutter,Sutter Rebecca,Saranac Lake,NY,USA,NA,NA
2018,Canoe,X10,oc2cruisermix,7,32529,681,672,56,82,7,82,susquehanna70,NA,collieer01,Erica Collier,Collier Erica,Cooperstown,NY,USA,NA,NA
2018,Canoe,X10,oc2cruisermix,7,32529,681,672,56,82,7,82,susquehanna70,NA,colliejo01,John Collier,Collier John,Richmondville,NY,USA,NA,NA
2016,Canoe,T3,oc2cruiser,8,32531,682,673,49,71,8,69,susquehanna70,NA,thielra01,Raymond Thiel,Thiel Raymond,Voluntown,CT,USA,NA,NA
2016,Canoe,T3,oc2cruiser,8,32531,682,673,49,71,8,69,susquehanna70,NA,kenyonte03,Ted Kenyon III,Kenyon III Ted,Montville,CT,USA,NA,NA
2016,Canoe,S4,oc1pro,5,32546,683,674,47,72,5,70,susquehanna70,NA,millerst01,Stephen Miller,Miller Stephen,Groton,MA,USA,NA,NA
2017,Canoe,B2,oc4stock,7,32551,684,675,40,79,7,79,susquehanna70,NA,mcmahojo01,John McMahon,McMahon John,Rome,NY,USA,NA,NA
2017,Canoe,B2,oc4stock,7,32551,684,675,40,79,7,79,susquehanna70,NA,keanmi01,Mike Kean,Kean Mike,Rome,NY,USA,NA,NA
2017,Canoe,B2,oc4stock,7,32551,684,675,40,79,7,79,susquehanna70,NA,olneyma01,Mark Olney,Olney Mark,Westernville,NY,USA,NA,NA
2017,Canoe,B2,oc4stock,7,32551,684,675,40,79,7,79,susquehanna70,NA,NA,Mike Pocchairi,Pocchairi Mike,Ava,NY,USA,NA,NA
2024,Canoe,P21,oc2pro,34,32553,685,676,365,42,34,42,susquehanna70,NA,trudelsh01,Shirley Trudel,Trudel Shirley,Shawinigan,QC,CAN,NA,NA
2024,Canoe,P21,oc2pro,34,32553,685,676,365,42,34,42,susquehanna70,NA,lefebvlo01,Louis Lefebvre,Lefebvre Louis,Shawinigan,QC,CAN,NA,NA
2022,Canoe,P47,oc2pro,36,32565,686,677,366,46,36,46,susquehanna70,NA,flageore01,Renaud Flageole,Flageole Renaud,Shawinigan,QC,CAN,NA,NA
2022,Canoe,P47,oc2pro,36,32565,686,677,366,46,36,46,susquehanna70,NA,NA,Dave Flageole,Flageole Dave,Shawinigan,QC,CAN,NA,NA
2016,Canoe,P31,oc2pro,42,32570,687,678,367,73,42,71,susquehanna70,Mens Under 50,plourdga01,Gaetan Plourde,Plourde Gaetan,Kanata,ON,CAN,NA,NA
2016,Canoe,P31,oc2pro,42,32570,687,678,367,73,42,71,susquehanna70,Mens Under 50,brainaje01,Jeff Brainard,Brainard Jeff,Roslin,ON,CAN,NA,NA
2014,Canoe,A7,oc2stockalum,1,32574,688,679,2,105,1,103,susquehanna70,NA,walleybi01,Bill Walley,Walley Bill,Walton,NY,USA,NA,NA
2014,Canoe,A7,oc2stockalum,1,32574,688,679,2,105,1,103,susquehanna70,NA,walleybr01,Brian Walley,Walley Brian,Walton,NY,USA,NA,NA
2019,Canoe,E11,oc2stock,8,32615,689,680,27,103,8,99,susquehanna70,NA,bachorst01,Steve Bachorik Jr.,Bachorik Jr. Steve,Hartwick,NY,USA,NA,NA
2019,Canoe,E11,oc2stock,8,32615,689,680,27,103,8,99,susquehanna70,NA,obrienpa01,Pat O'Brien,O'Brien Pat,Hartwick,NY,USA,NA,NA
2023,Canoe,P4,oc2pro,21,32615,690,681,368,25,21,25,susquehanna70,NA,NA,Jackson Tucker,Tucker Jackson,Grand Rapids ,MI,USA,Billy Goat Boats,NA
2023,Canoe,P4,oc2pro,21,32615,690,681,368,25,21,25,susquehanna70,NA,kirkdy01,Dylan Kirk,Kirk Dylan,Jacks Reef,NY,USA,Billy Goat Boats,NA
2015,Canoe,P5,oc2pro,31,32617,691,682,369,48,31,48,susquehanna70,Mens Under 50,NA,Pascal Lampron,Lampron Pascal,Notre-Dame Du Mont Carmel,QC,CAN,NA,NA
2015,Canoe,P5,oc2pro,31,32617,691,682,369,48,31,48,susquehanna70,Mens Under 50,lacombsi01,Simon-Pier Lacombe,Lacombe Simon-Pier,Shawinigan,QC,CAN,NA,NA
2014,Canoe,L2,oc1master,8,32621,692,683,15,106,8,104,susquehanna70,NA,jordanji01,Jim Jordan,Jordan Jim,Otegp,NY,USA,NA,NA
2024,Canoe,P3,oc2pro,35,32621,693,684,370,43,35,43,susquehanna70,NA,NA,Jonathan George,George Jonathan,Churubusco,IN,USA,Semper Fi,NA
2024,Canoe,P3,oc2pro,35,32621,693,684,370,43,35,43,susquehanna70,NA,martinbr01,Bryce Martin,Martin Bryce,Grayling,MI,USA,Semper Fi,NA
2015,Canoe,X5,oc2cruisermix,5,32622,694,685,57,49,5,49,susquehanna70,NA,armstrda01,David Armstrong,Armstrong David,Rockville,MD,USA,NA,NA
2015,Canoe,X5,oc2cruisermix,5,32622,694,685,57,49,5,49,susquehanna70,NA,febeyka01,Karen Febey,Febey Karen,Rockville,MD,USA,NA,NA
2016,Canoe,X20,oc2cruisermix,7,32623,695,686,58,74,7,72,susquehanna70,NA,reeseph01,Phoebe Reese,Reese Phoebe,Oneonta,NY,USA,NA,NA
2016,Canoe,X20,oc2cruisermix,7,32623,695,686,58,74,7,72,susquehanna70,NA,fisherro01,Robert Fisher,Fisher Robert,Delhi,NY,USA,NA,NA
2015,Canoe,P35,oc2pro,32,32633,696,687,371,50,32,50,susquehanna70,Mixed,mattinhy01,Hype Mattingly,Mattingly Hype,Carneys Point,NJ,USA,NA,NA
2015,Canoe,P35,oc2pro,32,32633,696,687,371,50,32,50,susquehanna70,Mixed,NA,John Edwards,Edwards John,St. Petersburg,FL,USA,NA,NA
2016,Canoe,Y4,oc2cruiserwomen,3,32633,697,688,14,75,3,73,susquehanna70,NA,johnsoem01,Emily Johnson,Johnson Emily,St Paul,MN,USA,NA,NA
2016,Canoe,Y4,oc2cruiserwomen,3,32633,697,688,14,75,3,73,susquehanna70,NA,schillma01,Maria Schilling,Schilling Maria,Minneapolis,MN,USA,NA,NA
2022,Canoe,X6,oc2cruisermix,2,32657,698,689,59,47,2,47,susquehanna70,NA,rossem01,Emma Ellsworth,Ellsworth Emma,Orange,MA,USA,Racing for our Dads,NA
2022,Canoe,X6,oc2cruisermix,2,32657,698,689,59,47,2,47,susquehanna70,NA,ellswoth01,Thomas Ellsworth,Ellsworth Thomas,Orange,MA,USA,Racing for our Dads,NA
2023,Canoe,P15,oc2pro,22,32659,699,690,372,26,22,26,susquehanna70,NA,flageore01,Renaud Flageole,Flageole Renaud,Shawinigan,QC,CAN,Father & Son,NA
2023,Canoe,P15,oc2pro,22,32659,699,690,372,26,22,26,susquehanna70,NA,NA,Dave Flageole,Flageole Dave,Shawinigan G0X2V0,QC,CAN,Father & Son,NA
2019,Canoe,F2,oc2stockmix,3,32662,700,691,4,104,3,100,susquehanna70,NA,zophygr01,Greg Zophy,Zophy Greg,St. Paul,MN,USA,NA,NA
2019,Canoe,F2,oc2stockmix,3,32662,700,691,4,104,3,100,susquehanna70,NA,NA,Rebecca Pohlman,Pohlman Rebecca,Coon Rapids,MN,USA,NA,NA
2022,Canoe,P21,oc2pro,37,32667,701,692,373,48,37,48,susquehanna70,NA,wisseas01,Ashley Wisse,Wisse Ashley,Oneonta,NY,USA,NA,NA
2022,Canoe,P21,oc2pro,37,32667,701,692,373,48,37,48,susquehanna70,NA,wissebo01,Bob Wisse,Wisse Bob,Oneonta,NY,USA,NA,NA
2025,Kayak,KL1,k1unlimited,2,32678,702,8,8,89,2,2,susquehanna70,NA,zoubakan01,Andrei Zoubakine,Zoubakine Andrei,Richmond Hill,ON,CAN,AZ,NA
2017,Canoe,X6,oc2cruisermix,10,32680,703,693,60,80,10,80,susquehanna70,NA,caryas01,Ashley Cary,Cary Ashley,Syracuse,NY,USA,NA,NA
2017,Canoe,X6,oc2cruisermix,10,32680,703,693,60,80,10,80,susquehanna70,NA,sennetda01,David Sennett,Sennett David,Auburn,NY,USA,NA,NA
2023,Canoe,P21,oc2pro,23,32682,704,694,374,27,23,27,susquehanna70,NA,schlimjo01,Joe Schlimmer,Schlimmer Joe,Ithaca,NY,USA,Phoebe and Joe,NA
2023,Canoe,P21,oc2pro,23,32682,704,694,374,27,23,27,susquehanna70,NA,reeseph01,Phoebe Reese,Reese Phoebe,Oneonta,NY,USA,Phoebe and Joe,NA
2017,Canoe,V6,oc2cruisermaster,4,32691,705,695,26,81,4,81,susquehanna70,NA,anderswi01,William Anderson,Anderson William,Morrill,ME,USA,NA,NA
2017,Canoe,V6,oc2cruisermaster,4,32691,705,695,26,81,4,81,susquehanna70,NA,rancoma01,Mark Ranco,Ranco Mark,Bangor,ME,USA,NA,NA
2024,Canoe,T2,oc2cruiser,2,32706,706,696,50,44,2,44,susquehanna70,NA,kingma01,Matt King,King Matt,Athol,MA,USA,King Morse,NA
2024,Canoe,T2,oc2cruiser,2,32706,706,696,50,44,2,44,susquehanna70,NA,NA,Jack Morse,Morse Jack,Cummington,MA,USA,King Morse,NA
2022,Canoe,P2,oc2pro,38,32708,707,697,375,49,38,49,susquehanna70,NA,schillma01,Maria Schilling,Schilling Maria,Minneapolis,MN,USA,NA,NA
2022,Canoe,P2,oc2pro,38,32708,707,697,375,49,38,49,susquehanna70,NA,zophygr01,Greg Zophy,Zophy Greg,St. Paul,MN,USA,NA,NA
2024,Canoe,P2,oc2pro,36,32708,708,698,376,45,36,45,susquehanna70,NA,bradleba01,Barb Bradley,Bradley Barb,Wausau,WI,USA,Al and Barb,NA
2024,Canoe,P2,oc2pro,36,32708,708,698,376,45,36,45,susquehanna70,NA,limberal01,Allen Limberg,Limberg Allen,Wausau,WI,USA,Al and Barb,NA
2015,Canoe,S6,oc1pro,4,32711,709,699,48,51,4,51,susquehanna70,NA,olneypa01,Paul Olney,Olney Paul,Westernville,NY,USA,NA,NA
2022,Canoe,P17,oc2pro,39,32716,710,700,377,50,39,50,susquehanna70,NA,mynarka01,Kaitlin Mynar,Mynar Kaitlin,San Marcos,TX,USA,NA,NA
2022,Canoe,P17,oc2pro,39,32716,710,700,377,50,39,50,susquehanna70,NA,buggece01,Cecili Bugge,Bugge Cecili,Buffalo Gap,TX,USA,NA,NA
2017,Canoe,J1,oc1,1,32729,711,701,7,82,1,82,susquehanna70,NA,corbetst01,Steve Corbett,Corbett Steve,New Market,MD,USA,NA,NA
2019,Canoe,E20,oc2stock,9,32737,712,702,28,105,9,101,susquehanna70,NA,codingbr01,Bruce Codington,Codington Bruce,Sidney,NY,USA,NA,NA
2019,Canoe,E20,oc2stock,9,32737,712,702,28,105,9,101,susquehanna70,NA,primmemi01,Michael Primmer,Primmer Michael,Oneonta,NY,USA,NA,NA
2015,Canoe,X14,oc2cruisermix,6,32742,713,703,61,52,6,52,susquehanna70,NA,johnsoem01,Emily Johnson,Johnson Emily,St Paul,MN,USA,NA,NA
2015,Canoe,X14,oc2cruisermix,6,32742,713,703,61,52,6,52,susquehanna70,NA,defeoje01,Jeff Defeo,Defeo Jeff,Chester,MA,USA,NA,NA
2025,Canoe,F2,oc2stockmix,2,32745,714,704,5,90,2,88,susquehanna70,NA,herrmast01,Steve Herrmann,Herrmann Steve,West Oneonta,NY,USA,Herrmannator,NA
2025,Canoe,F2,oc2stockmix,2,32745,714,704,5,90,2,88,susquehanna70,NA,NA,Julie Burkholder,Burkholder Julie,Niskayuna,NY,USA,Herrmannator,NA
2025,Canoe,T3,oc2cruiser,2,32749,715,705,51,91,2,89,susquehanna70,NA,snyderja01,Jake Snyder,Snyder Jake,Ithaca,NY,USA,Team Big Snyde,NA
2025,Canoe,T3,oc2cruiser,2,32749,715,705,51,91,2,89,susquehanna70,NA,NA,Artie Bigsby,Bigsby Artie,Cazenovia,NY,USA,Team Big Snyde,NA
2017,Canoe,E20,oc2stock,3,32752,716,706,29,83,3,83,susquehanna70,NA,phillito01,Tom Phillips,Phillips Tom,Ottawa,ON,CAN,NA,NA
2017,Canoe,E20,oc2stock,3,32752,716,706,29,83,3,83,susquehanna70,NA,NA,De Abreu Mike,Mike De Abreu,Arnprior,ON,CAN,NA,NA
2016,Canoe,X3,oc2cruisermix,8,32761,717,707,62,76,8,74,susquehanna70,NA,braxde01,Debbie Brax,Brax Debbie,Bay Village,OH,USA,NA,NA
2016,Canoe,X3,oc2cruisermix,8,32761,717,707,62,76,8,74,susquehanna70,NA,strebke01,Ken Streb,Streb Ken,Rochester,NY,USA,NA,NA
2018,Canoe,Y1,oc2cruiserwomen,1,32767,718,708,15,83,1,83,susquehanna70,NA,harrissa01,Sandy Harris,Harris Sandy,Spofford,NH,USA,NA,NA
2018,Canoe,Y1,oc2cruiserwomen,1,32767,718,708,15,83,1,83,susquehanna70,NA,cumminvi01,Vicki Cummings,Cummings Vicki,Meriden,CT,USA,NA,NA
2019,Canoe,V1,oc2cruisermaster,3,32767,719,709,27,106,3,102,susquehanna70,NA,mallerti01,Tim Mallery,Mallery Tim,South Williamsport,PA,USA,NA,NA
2019,Canoe,V1,oc2cruisermaster,3,32767,719,709,27,106,3,102,susquehanna70,NA,breenge01,Gerry Breen,Breen Gerry,Brooklyn,NY,USA,NA,NA
2017,Canoe,U10,oc2cruisersenior,4,32768,720,710,14,84,4,84,susquehanna70,NA,davisal01,Alec Davis,Davis Alec,Ballston Lake,NY,USA,NA,NA
2017,Canoe,U10,oc2cruisersenior,4,32768,720,710,14,84,4,84,susquehanna70,NA,henryro01,Roger Henry,Henry Roger,Rexford,NY,USA,NA,NA
2023,Canoe,P19,oc2pro,24,32776,721,711,378,28,24,28,susquehanna70,NA,watsonca01,Caleb Watson,Watson Caleb,Oscoda,MI,USA,Hacked,NA
2023,Canoe,P19,oc2pro,24,32776,721,711,378,28,24,28,susquehanna70,NA,webbjo01,Jon Webb,Webb Jon,Mio,MI,USA,Hacked,NA
2016,Canoe,V7,oc2cruisermaster,4,32801,722,712,28,77,4,75,susquehanna70,NA,vandorda01,David Vandorpe,Vandorpe David,Needham,MA,USA,NA,NA
2016,Canoe,V7,oc2cruisermaster,4,32801,722,712,28,77,4,75,susquehanna70,NA,bosske01,Kevin Boss,Boss Kevin,Swansea,MA,USA,NA,NA
2016,Canoe,X21,oc2cruisermix,9,32811,723,713,63,78,9,76,susquehanna70,NA,reedbr01,Brooks Reed,Reed Brooks,Unadilla,NY,USA,NA,NA
2016,Canoe,X21,oc2cruisermix,9,32811,723,713,63,78,9,76,susquehanna70,NA,NA,Tanner Reed,Reed Tanner,Unadilla,NY,USA,NA,NA
2023,Canoe,P18,oc2pro,25,32818,724,714,379,29,25,29,susquehanna70,NA,lamontgu01,Guillaume Lamontagne,Lamontagne Guillaume,St-Etienne-Des-Gres,QC,CAN,Clan Lamont,NA
2023,Canoe,P18,oc2pro,25,32818,724,714,379,29,25,29,susquehanna70,NA,lamontjo01,Joel Lamontagne,Lamontagne Joel,Trois Rivieres,QC,CAN,Clan Lamont,NA
2018,Canoe,B3,oc4stock,7,32822,725,715,41,84,7,84,susquehanna70,NA,owensni01,Nicole Owens,Owens Nicole,Frederic,MI,USA,NA,NA
2018,Canoe,B3,oc4stock,7,32822,725,715,41,84,7,84,susquehanna70,NA,armstrda01,David Armstrong,Armstrong David,Silver Spring,MD,USA,NA,NA
2018,Canoe,B3,oc4stock,7,32822,725,715,41,84,7,84,susquehanna70,NA,koptala01,Lauraellen Kopta,Kopta Lauraellen,Clymer,NY,USA,NA,NA
2018,Canoe,B3,oc4stock,7,32822,725,715,41,84,7,84,susquehanna70,NA,lenschli01,Linda Lensch,Lensch Linda,Tinton Falls,NJ,USA,NA,NA
2018,Canoe,T8,oc2cruiser,7,32827,726,716,52,85,7,85,susquehanna70,NA,mclainru01,Rusty McLain,McLain Rusty,Chesapeake,VA,USA,NA,NA
2018,Canoe,T8,oc2cruiser,7,32827,726,716,52,85,7,85,susquehanna70,NA,mclainky01,Kyle McLain,McLain Kyle,Chesapeake,VA,USA,NA,NA
2019,Unknown,G4,opentour,3,32843,727,3,3,107,3,3,susquehanna70,NA,herrmast01,Steve Herrmann,Herrmann Steve,West Oneonta,NY,USA,NA,NA
2019,Unknown,G4,opentour,3,32843,727,3,3,107,3,3,susquehanna70,NA,NA,Julie Burkholder,Burkholder Julie,Niskayuna,NY,USA,NA,NA
2016,Canoe,X12,oc2cruisermix,10,32847,728,717,64,79,10,77,susquehanna70,NA,defeoje01,Jeff Defeo,Defeo Jeff,Chester,MA,USA,NA,NA
2016,Canoe,X12,oc2cruisermix,10,32847,728,717,64,79,10,77,susquehanna70,NA,harrissa01,Sandy Harris,Harris Sandy,Spofford,NH,USA,NA,NA
2017,Canoe,X12,oc2cruisermix,11,32850,729,718,65,85,11,85,susquehanna70,NA,fisherro01,Robert Fisher,Fisher Robert,Delhi,NY,USA,NA,NA
2017,Canoe,X12,oc2cruisermix,11,32850,729,718,65,85,11,85,susquehanna70,NA,reeseph01,Phoebe Reese,Reese Phoebe,Oneonta,NY,USA,NA,NA
2024,Canoe,P14,oc2pro,37,32852,730,719,380,46,37,46,susquehanna70,NA,rhodeske01,Kelly Rhodes,Rhodes Kelly,Silver Spring,MD,USA,WCC,NA
2024,Canoe,P14,oc2pro,37,32852,730,719,380,46,37,46,susquehanna70,NA,lowenfma01,Martin Lowenfish,Lowenfish Martin,Washington,DC,USA,WCC,NA
2023,Canoe,P29,oc2pro,26,32894,731,720,381,30,26,30,susquehanna70,NA,reedbr01,Brooks Reed,Reed Brooks,Unadilla,NY,USA,NA,NA
2023,Canoe,P29,oc2pro,26,32894,731,720,381,30,26,30,susquehanna70,NA,personda01,Dale Persons,Persons Dale,Bainbridge ,NY,USA,NA,NA
2014,Canoe,G15,open,3,32895,732,721,3,107,3,105,susquehanna70,NA,mcduffly01,Lynne McDuffie,McDuffie Lynne,Robbins,NC,USA,NA,NA
2014,Canoe,G15,open,3,32895,732,721,3,107,3,105,susquehanna70,NA,mcduffwi01,William McDuffie,McDuffie William,Robbins,NC,USA,NA,NA
2019,Canoe,L4,oc1master,3,32895,733,722,16,108,3,103,susquehanna70,NA,armstrda01,David Armstrong,Armstrong David,Silver Spring,MD,USA,NA,NA
2018,Canoe,L2,oc1master,1,32900,734,723,17,86,1,86,susquehanna70,NA,owenje01,Jeff Owen,Owen Jeff,Orono,ME,USA,NA,NA
2017,Canoe,U5,oc2cruisersenior,5,32902,735,724,15,86,5,86,susquehanna70,NA,hansenfr01,Fritz Hansen,Hansen Fritz,Burlington,WI,USA,NA,NA
2017,Canoe,U5,oc2cruisersenior,5,32902,735,724,15,86,5,86,susquehanna70,NA,braigji01,Jim Braig,Braig Jim,Dubuque,IA,USA,NA,NA
2024,Canoe,U2,oc2cruisersenior,2,32903,736,725,16,47,2,47,susquehanna70,NA,cumminvi01,Vicki Cummings,Cummings Vicki,Meriden,CT,USA,Mudpuppies,NA
2024,Canoe,U2,oc2cruisersenior,2,32903,736,725,16,47,2,47,susquehanna70,NA,cumminde01,Del Cummings,Cummings Del,Meriden,CT,USA,Mudpuppies,NA
2015,Canoe,S3,oc1pro,5,32919,737,726,49,53,5,53,susquehanna70,NA,wiesnene01,Neil Wiesner-Hanks,Wiesner-Hanks Neil,Mequon,WI,USA,NA,NA
2025,Canoe,F4,oc2stockmix,3,32920,738,727,6,92,3,90,susquehanna70,NA,risingma01,Mark Risinger,Risinger Mark,Levant,ME,USA,Risinger River Rats,NA
2025,Canoe,F4,oc2stockmix,3,32920,738,727,6,92,3,90,susquehanna70,NA,risingal01,Allisen Risinger,Risinger Allisen,Levant,ME,USA,Risinger River Rats,NA
2024,Canoe,V1,oc2cruisermaster,1,32921,739,728,29,48,1,48,susquehanna70,NA,millerse01,Seth Miller,Miller Seth,Norwood,MA,USA,Miller Allen,NA
2024,Canoe,V1,oc2cruisermaster,1,32921,739,728,29,48,1,48,susquehanna70,NA,allenti01,Timothy Allen,Allen Timothy,Westfield,MA,USA,Miller Allen,NA
2019,Canoe,T10,oc2cruiser,10,32921,740,729,53,109,10,104,susquehanna70,NA,allenbo01,Bob Allen,Allen Bob,Westfield,MA,USA,NA,NA
2019,Canoe,T10,oc2cruiser,10,32921,740,729,53,109,10,104,susquehanna70,NA,allenti01,Tim Allen,Allen Tim,Westfield,MA,USA,NA,NA
2019,Canoe,E19,oc2stock,10,32934,741,730,30,110,10,105,susquehanna70,NA,NA,Brian Loskamp,Loskamp Brian,Seattle,WA,AUS,NA,NA
2019,Canoe,E19,oc2stock,10,32934,741,730,30,110,10,105,susquehanna70,NA,buchhoge01,George Buchholz,Buchholz George,Ithaca,NY,USA,NA,NA
2015,Canoe,X3,oc2cruisermix,7,32934,742,731,66,54,7,54,susquehanna70,NA,colego01,Gord Cole,Cole Gord,Parry Sound,ON,CAN,NA,NA
2015,Canoe,X3,oc2cruisermix,7,32934,742,731,66,54,7,54,susquehanna70,NA,simpsoka01,Karen Simpson,Simpson Karen,Mississauga,ON,CAN,NA,NA
2023,Canoe,P46,oc2pro,27,32936,743,732,382,31,27,31,susquehanna70,NA,bachorst01,Steve Bachorik,Bachorik Steve,Hartwick,NY,USA,NA,NA
2023,Canoe,P46,oc2pro,27,32936,743,732,382,31,27,31,susquehanna70,NA,allisojo01,Joseph Allison,Allison Joseph,Morris,NY,USA,NA,NA
2016,Canoe,U4,oc2cruisersenior,1,32939,744,733,17,80,1,78,susquehanna70,NA,davisal01,Alec Davis,Davis Alec,Ballston Lake,NY,USA,NA,NA
2016,Canoe,U4,oc2cruisersenior,1,32939,744,733,17,80,1,78,susquehanna70,NA,henryro01,Roger Henry,Henry Roger,Rexford,NY,USA,NA,NA
2015,Canoe,T2,oc2cruiser,5,32943,745,734,54,55,5,55,susquehanna70,NA,pedersje01,Jeff Pedersen,Pedersen Jeff,Gilbertsville,NY,USA,NA,NA
2015,Canoe,T2,oc2cruiser,5,32943,745,734,54,55,5,55,susquehanna70,NA,lefevesh01,Shawn Lefever,Lefever Shawn,Unadilla,NY,USA,NA,NA
2016,Canoe,X6,oc2cruisermix,11,32956,746,735,67,81,11,79,susquehanna70,NA,solakam01,Amy Solak,Solak Amy,Traverse City,MI,USA,NA,NA
2016,Canoe,X6,oc2cruisermix,11,32956,746,735,67,81,11,79,susquehanna70,NA,novakda01,Daniel Novak,Novak Daniel,Traverse City,MI,USA,NA,NA
2014,Canoe,L10,oc1master,9,32960,747,736,18,108,9,106,susquehanna70,NA,stonemdo01,Don Stoneman,Stoneman Don,Cambridge,ON,CAN,NA,NA
2018,Canoe,U3,oc2cruisersenior,4,32974,748,737,18,87,4,87,susquehanna70,NA,davisal01,Alec Davis,Davis Alec,Ballston Lake,NY,USA,NA,NA
2018,Canoe,U3,oc2cruisersenior,4,32974,748,737,18,87,4,87,susquehanna70,NA,henryro01,Roger Henry,Henry Roger,Rexford,NY,USA,NA,NA
2022,Canoe,S3,oc1pro,3,32975,749,738,50,51,3,51,susquehanna70,NA,webbjo01,Jon Webb,Webb Jon,Mio,MI,USA,NA,NA
2022,Kayak,KL2,k1unlimited,1,32976,750,9,9,52,1,1,susquehanna70,NA,gloverda01,Dale Glover,Glover Dale,Montgomery,PA,USA,Susquehanna Kayaks,NA
2023,Canoe,P31,oc2pro,28,32977,751,739,383,32,28,32,susquehanna70,NA,hallan01,Andy Hall,Hall Andy,Arlington,MA,USA,LiberTea Bell,NA
2023,Canoe,P31,oc2pro,28,32977,751,739,383,32,28,32,susquehanna70,NA,peckka01,Katie Peck,Peck Katie,New York,NY,USA,LiberTea Bell,NA
2015,Canoe,T14,oc2cruiser,6,32986,752,740,55,56,6,56,susquehanna70,NA,mclainga01,Gary McLain,McLain Gary,Ballston Spa,NY,USA,NA,NA
2015,Canoe,T14,oc2cruiser,6,32986,752,740,55,56,6,56,susquehanna70,NA,olsonri01,Richard Olson,Olson Richard,Mohawk,NY,USA,NA,NA
2014,Canoe,F2,oc2stockmix,1,33004,753,741,7,109,1,107,susquehanna70,NA,NA,Elizabeth Peterson,Peterson Elizabeth,Franklin,NY,USA,NA,NA
2014,Canoe,F2,oc2stockmix,1,33004,753,741,7,109,1,107,susquehanna70,NA,petersjo01,John Peterson,Peterson John,Franklin,NY,USA,NA,NA
2024,Canoe,P28,oc2pro,38,33005,754,742,384,49,38,49,susquehanna70,NA,meckleda01,Dan Mecklenburg,Mecklenburg Dan,Columbus,OH,USA,NA,NA
2024,Canoe,P28,oc2pro,38,33005,754,742,384,49,38,49,susquehanna70,NA,heedpe01,Peter Heed,Heed Peter,Keene,NH,USA,NA,NA
2022,Canoe,B4,oc4stock,1,33020,755,743,42,53,1,52,susquehanna70,NA,vermiljo01,Jon Vermilyea,Vermilyea Jon,Baldwinsville ,NY,USA,NA,NA
2022,Canoe,B4,oc4stock,1,33020,755,743,42,53,1,52,susquehanna70,NA,berlke01,Kevin Berl,Berl Kevin,Macedon,NY,USA,NA,NA
2022,Canoe,B4,oc4stock,1,33020,755,743,42,53,1,52,susquehanna70,NA,buttsri01,Richard Butts,Butts Richard,Rochester,NY,USA,NA,NA
2022,Canoe,B4,oc4stock,1,33020,755,743,42,53,1,52,susquehanna70,NA,kirkdy01,Dylan Kirk,Kirk Dylan,Ray Brook,NY,USA,NA,NA
2017,Canoe,E2,oc2stock,4,33031,756,744,31,87,4,87,susquehanna70,NA,birdsaro01,Rob Birdsall,Birdsall Rob,Unadilla,NY,USA,NA,NA
2017,Canoe,E2,oc2stock,4,33031,756,744,31,87,4,87,susquehanna70,NA,birdsabr01,Bryan Birdsall,Birdsall Bryan,Unadilla,NY,USA,NA,NA
2022,Canoe,L5,oc1master,1,33031,757,745,19,54,1,53,susquehanna70,NA,kenyonte01,Ted Kenyon,Kenyon Ted,Montville,CT,USA,Ted Kenyon,NA
2018,Canoe,V8,oc2cruisermaster,5,33033,758,746,30,88,5,88,susquehanna70,NA,sandne01,Neal Sand,Sand Neal,Milton,VT,USA,NA,NA
2018,Canoe,V8,oc2cruisermaster,5,33033,758,746,30,88,5,88,susquehanna70,NA,mcandrma01,Mark McAndrew,McAndrew Mark,East Hardwick,VT,USA,NA,NA
2017,Canoe,T16,oc2cruiser,12,33044,759,747,56,88,12,88,susquehanna70,NA,buckleda01,David Buckley,Buckley David,Morris,IL,USA,NA,NA
2017,Canoe,T16,oc2cruiser,12,33044,759,747,56,88,12,88,susquehanna70,NA,hillri01,Rick Hill,Hill Rick,Iowa City,IA,USA,NA,NA
2016,Canoe,S2,oc1pro,6,33052,760,748,51,82,6,80,susquehanna70,NA,packarmi01,Mike Packard,Packard Mike,Oneonta,NY,USA,NA,NA
2024,Canoe,X9,oc2cruisermix,1,33062,761,749,68,50,1,50,susquehanna70,NA,braxde01,Debbie Brax,Brax Debbie,Deruyter,NY,USA,Brax/Zophy,NA
2024,Canoe,X9,oc2cruisermix,1,33062,761,749,68,50,1,50,susquehanna70,NA,zophygr01,Greg Zophy,Zophy Greg,St. Paul,MN,USA,Brax/Zophy,NA
2014,Canoe,L6,oc1master,10,33066,762,750,20,110,10,108,susquehanna70,NA,stenslmi01,Mike Stensland,Stensland Mike,South New Berlin,NY,USA,NA,NA
2018,Canoe,E7,oc2stock,5,33071,763,751,32,89,5,89,susquehanna70,NA,zophygr01,Greg Zophy,Zophy Greg,St. Paul,MN,USA,NA,NA
2018,Canoe,E7,oc2stock,5,33071,763,751,32,89,5,89,susquehanna70,NA,bergdo01,Doug Berg,Berg Doug,Excelsior,MN,USA,NA,NA
2019,Canoe,T8,oc2cruiser,11,33072,764,752,57,111,11,106,susquehanna70,NA,NA,Wayne Duncan,Duncan Wayne,Ivor,VA,USA,NA,NA
2019,Canoe,T8,oc2cruiser,11,33072,764,752,57,111,11,106,susquehanna70,NA,daymi01,Mike Day,Day Mike,Ivor,VA,USA,NA,NA
2014,Canoe,L17,oc1master,11,33074,765,753,21,111,11,109,susquehanna70,NA,fisherro01,Robert Fisher,Fisher Robert,Delhi,NY,USA,NA,NA
2025,Canoe,T1,oc2cruiser,3,33101,766,754,58,93,3,91,susquehanna70,NA,NA,Dan Woughter,Woughter Dan,Belgrade,MA,USA,Green Mountain Boys,NA
2025,Canoe,T1,oc2cruiser,3,33101,766,754,58,93,3,91,susquehanna70,NA,NA,Nate Atkinson,Atkinson Nate,Saranac Lake,NY,USA,Green Mountain Boys,NA
2025,Canoe,V1,oc2cruisermaster,3,33115,767,755,31,94,3,92,susquehanna70,NA,jordansc01,Scott Jordan,Jordan Scott,Otego,NY,USA,Jordan and Himes,NA
2025,Canoe,V1,oc2cruisermaster,3,33115,767,755,31,94,3,92,susquehanna70,NA,NA,Michael Himes,Himes Michael,Otego,NY,USA,Jordan and Himes,NA
2015,Canoe,V2,oc2cruisermaster,2,33117,768,756,32,57,2,57,susquehanna70,NA,mcandrma01,Mark McAndrew,McAndrew Mark,East Hardwick,VT,USA,NA,NA
2015,Canoe,V2,oc2cruisermaster,2,33117,768,756,32,57,2,57,susquehanna70,NA,sandne01,Neal Sand,Sand Neal,Milton,VT,USA,NA,NA
2015,Canoe,S10,oc1pro,6,33134,769,757,52,58,6,58,susquehanna70,NA,NA,Kenneth Kolonich,Kolonich Kenneth,Eaton Rapids,MI,USA,NA,NA
2018,Canoe,V5,oc2cruisermaster,6,33146,770,758,33,90,6,90,susquehanna70,NA,rosspe01,Peter Ross,Ross Peter,Ontario,NY,USA,NA,NA
2018,Canoe,V5,oc2cruisermaster,6,33146,770,758,33,90,6,90,susquehanna70,NA,henninti01,Tim Henning,Henning Tim,Marion,NY,USA,NA,NA
2024,Canoe,P47,oc2pro,39,33148,771,759,385,51,39,51,susquehanna70,NA,malenfjo01,Joel Malenfant,Malenfant Joel,Shawinigan,QC,CAN,Kruger Packaging,NA
2024,Canoe,P47,oc2pro,39,33148,771,759,385,51,39,51,susquehanna70,NA,NA,David Dion,Dion David,Île D'Orléans,QC,CAN,Kruger Packaging,NA
2014,Canoe,X17,oc2cruisermix,16,33151,772,760,69,112,16,110,susquehanna70,NA,johnstbr01,Brian Johnston,Johnston Brian,Hopkinton,MA,USA,NA,NA
2014,Canoe,X17,oc2cruisermix,16,33151,772,760,69,112,16,110,susquehanna70,NA,NA,Debbie Johnston,Johnston Debbie,Hopkinton,MA,USA,NA,NA
2024,Canoe,P29,oc2pro,40,33170,773,761,386,52,40,52,susquehanna70,NA,bosske01,Kevin Boss,Boss Kevin,Swansea,MA,USA,Brouillette HVAC,NA
2024,Canoe,P29,oc2pro,40,33170,773,761,386,52,40,52,susquehanna70,NA,wilsonch01,Christina Wilson,Wilson Christina,Durham,NH,USA,Brouillette HVAC,NA
2015,Canoe,T13,oc2cruiser,7,33193,774,762,59,59,7,59,susquehanna70,NA,coddinbr01,Bruce Coddington,Coddington Bruce,Sidney,NY,USA,NA,NA
2015,Canoe,T13,oc2cruiser,7,33193,774,762,59,59,7,59,susquehanna70,NA,maddenpa01,Pat Madden,Madden Pat,Scotia,NY,USA,NA,NA
2018,Canoe,X11,oc2cruisermix,8,33214,775,763,70,91,8,91,susquehanna70,NA,NA,Alexia Lopez,Lopez Alexia,Kailua,HI,USA,NA,NA
2018,Canoe,X11,oc2cruisermix,8,33214,775,763,70,91,8,91,susquehanna70,NA,NA,Edmund Joy,Joy Edmund,High Springs,FL,USA,NA,NA
2019,Canoe,J4,oc1,3,33217,776,764,8,112,3,107,susquehanna70,NA,breierky01,Kyle Breier,Breier Kyle,Oneonta,NY,USA,NA,NA
2023,Canoe,V2,oc2cruisermaster,1,33218,777,765,34,33,1,33,susquehanna70,NA,millerse01,Seth Miller,Miller Seth,Norwood,MA,USA,NA,NA
2023,Canoe,V2,oc2cruisermaster,1,33218,777,765,34,33,1,33,susquehanna70,NA,millerst01,Stephen Miller,Miller Stephen,Groton,MA,USA,NA,NA
2019,Canoe,E14,oc2stock,11,33258,778,766,33,113,11,108,susquehanna70,NA,neugebri01,Richard Neugebauer,Neugebauer Richard,Skaneateles,NY,USA,NA,NA
2019,Canoe,E14,oc2stock,11,33258,778,766,33,113,11,108,susquehanna70,NA,NA,Lincoln Fancher,Fancher Lincoln,Lacona,NY,USA,NA,NA
2018,Canoe,P38,oc2pro,47,33296,779,767,387,92,47,92,susquehanna70,NA,jolyre01,René Joly,Joly René,Shawinigan,QC,CAN,NA,NA
2018,Canoe,P38,oc2pro,47,33296,779,767,387,92,47,92,susquehanna70,NA,NA,Jérémie Fortin,Fortin Jérémie,Shawinigan,QC,CAN,NA,NA
2017,Canoe,L6,oc1master,3,33304,780,768,22,89,3,89,susquehanna70,NA,anusiest01,Stan Anusiewicz,Anusiewicz Stan,Brights Grove,ON,CAN,NA,NA
2015,Canoe,P17,oc2pro,33,33307,781,769,388,60,33,60,susquehanna70,Mens 50 & Over,fairchmi01,Michael Fairchild,Fairchild Michael,Battleboro,VT,USA,NA,NA
2015,Canoe,P17,oc2pro,33,33307,781,769,388,60,33,60,susquehanna70,Mens 50 & Over,heedpe01,Peter Heed,Heed Peter,Keene,NH,USA,NA,NA
2016,Canoe,T1,oc2cruiser,9,33312,782,770,60,83,9,81,susquehanna70,NA,allenbo01,Bob Allen,Allen Bob,Westfield,MA,USA,NA,NA
2016,Canoe,T1,oc2cruiser,9,33312,782,770,60,83,9,81,susquehanna70,NA,allenti01,Tim Allen,Allen Tim,Westfield,MA,USA,NA,NA
2023,Canoe,P41,oc2pro,29,33328,783,771,389,34,29,34,susquehanna70,NA,hillza01,Zak Hill,Hill Zak,Saratoga Springs,NY,USA,Team Hill,NA
2023,Canoe,P41,oc2pro,29,33328,783,771,389,34,29,34,susquehanna70,NA,hillta01,Tad Hill,Hill Tad,Livonia,MI,USA,Team Hill,NA
2018,Canoe,J4,oc1,1,33330,784,772,9,93,1,93,susquehanna70,NA,doyleke01,Kellen Doyle,Doyle Kellen,Orono,ME,USA,NA,NA
2022,Canoe,V9,oc2cruisermaster,4,33332,785,773,35,55,4,54,susquehanna70,NA,vincenbo01,Bob Vincent,Vincent Bob,Huntsville,ON,CAN,NA,NA
2022,Canoe,V9,oc2cruisermaster,4,33332,785,773,35,55,4,54,susquehanna70,NA,vincenmi01,Mike Vincent,Vincent Mike,Regina,SK,CAN,NA,NA
2015,Canoe,J1,oc1,1,33347,786,774,10,61,1,61,susquehanna70,NA,olsonke01,Kevin Olson,Olson Kevin,Lafayette,NY,USA,NA,NA
2022,Canoe,P33,oc2pro,40,33362,787,775,390,56,40,55,susquehanna70,NA,malenfjo01,Joel Malenfant,Malenfant Joel,Shawinigan,QC,CAN,The Ledg of Clan Lamont,NA
2022,Canoe,P33,oc2pro,40,33362,787,775,390,56,40,55,susquehanna70,NA,lamontal01,Alain Lamontagne,Lamontagne Alain,Shawinigan,QC,CAN,The Ledg of Clan Lamont,NA
2019,Canoe,U6,oc2cruisersenior,4,33367,788,776,19,114,4,109,susquehanna70,NA,rouxcl01,claude roux,roux claude,Vaudreuil-Dorion,QC,CAN,NA,NA
2019,Canoe,U6,oc2cruisersenior,4,33367,788,776,19,114,4,109,susquehanna70,NA,pinardpi01,Pierre Pinard,Pinard Pierre,L Orignal,ON,CAN,NA,NA
2023,Canoe,S3,oc1pro,2,33372,789,777,53,35,2,35,susquehanna70,NA,hatfieja01,Jason Hatfield,Hatfield Jason,Grayling,MI,USA,Hatfield,NA
2016,Canoe,T13,oc2cruiser,10,33372,790,778,61,84,10,82,susquehanna70,NA,jordanji01,Jim Jordan,Jordan Jim,Otegp,NY,USA,NA,NA
2016,Canoe,T13,oc2cruiser,10,33372,790,778,61,84,10,82,susquehanna70,NA,jordansc01,Scott Jordan,Jordan Scott,Otego,NY,USA,NA,NA
2018,Canoe,E18,oc2stock,6,33374,791,779,34,94,6,94,susquehanna70,NA,koptama01,Mark Kopta,Kopta Mark,Clymer,NY,USA,NA,NA
2018,Canoe,E18,oc2stock,6,33374,791,779,34,94,6,94,susquehanna70,NA,codingbr01,Bruce Codington,Codington Bruce,Sidney,NY,USA,NA,NA
2014,Canoe,R7,oc1stock,2,33375,792,780,2,113,2,111,susquehanna70,NA,jeraulsc01,Scott Jerauld,Jerauld Scott,Bainbridge,NY,USA,NA,NA
2017,Canoe,U4,oc2cruisersenior,6,33380,793,781,20,90,6,90,susquehanna70,NA,vincenbo01,Bob Vincent,Vincent Bob,Dorchester,ON,CAN,NA,NA
2017,Canoe,U4,oc2cruisersenior,6,33380,793,781,20,90,6,90,susquehanna70,NA,haymangw01,Gwyn Hayman,Hayman Gwyn,London,ON,CAN,NA,NA
2014,Canoe,G25,open,4,33387,794,782,4,114,4,112,susquehanna70,NA,burnetbi01,Bill Burnett,Burnett Bill,Dubois,PA,USA,NA,NA
2017,Canoe,U8,oc2cruisersenior,7,33406,795,783,21,91,7,91,susquehanna70,NA,NA,Glen Cooley,Cooley Glen,Scotia,NY,USA,NA,NA
2017,Canoe,U8,oc2cruisersenior,7,33406,795,783,21,91,7,91,susquehanna70,NA,cooleyli01,Linda Cooley,Cooley Linda,Scotia,NY,USA,NA,NA
2016,Canoe,U7,oc2cruisersenior,2,33412,796,784,22,85,2,83,susquehanna70,NA,dugasda01,David Dugas,Dugas David,Athol,MA,USA,NA,NA
2016,Canoe,U7,oc2cruisersenior,2,33412,796,784,22,85,2,83,susquehanna70,NA,casalejo01,John Casale,Casale John,Southampton,MA,USA,NA,NA
2016,Canoe,B6,oc4stock,6,33422,797,785,43,86,6,84,susquehanna70,NA,deighabi01,Bill Deighan,Deighan Bill,Newburgh,ME,USA,NA,NA
2016,Canoe,B6,oc4stock,6,33422,797,785,43,86,6,84,susquehanna70,NA,loringch01,Chip Loring,Loring Chip,Old Town,ME,USA,NA,NA
2016,Canoe,B6,oc4stock,6,33422,797,785,43,86,6,84,susquehanna70,NA,rancoma01,Mark Ranco,Ranco Mark,Bangor,ME,USA,NA,NA
2016,Canoe,B6,oc4stock,6,33422,797,785,43,86,6,84,susquehanna70,NA,wescotte01,Terry Wescott,Wescott Terry,Thorndike,ME,USA,NA,NA
2019,Canoe,E10,oc2stock,12,33423,798,786,35,115,12,110,susquehanna70,NA,NA,Michael Hamilton Sr.,Hamilton Sr. Michael,Yaphank,NY,USA,NA,NA
2019,Canoe,E10,oc2stock,12,33423,798,786,35,115,12,110,susquehanna70,NA,NA,Michael Hamilton Jr.,Hamilton Jr. Michael,Oneonta,NY,USA,NA,NA
2018,Canoe,E1,oc2stock,7,33424,799,787,36,95,7,95,susquehanna70,NA,phillito01,Tom Phillips,Phillips Tom,Ottawa,ON,CAN,NA,NA
2018,Canoe,E1,oc2stock,7,33424,799,787,36,95,7,95,susquehanna70,NA,deabrmi01,Mike De Abreu,De Abreu Mike,Arnprior,ON,CAN,NA,NA
2016,Canoe,B1,oc4stock,7,33426,800,788,44,87,7,85,susquehanna70,NA,chungban01,Anthony Chungbin,Chungbin Anthony,East Amherst,NY,USA,NA,NA
2016,Canoe,B1,oc4stock,7,33426,800,788,44,87,7,85,susquehanna70,NA,NA,Christopher Chungbin,Chungbin Christopher,East Amherst,NY,USA,NA,NA
2016,Canoe,B1,oc4stock,7,33426,800,788,44,87,7,85,susquehanna70,NA,NA,Jared Callahan,Callahan Jared,Amherst,NY,USA,NA,NA
2016,Canoe,B1,oc4stock,7,33426,800,788,44,87,7,85,susquehanna70,NA,NA,Mark Kogutowski,Kogutowski Mark,Buffalo,NY,USA,NA,NA
2024,Canoe,X7,oc2cruisermix,2,33429,801,789,71,53,2,53,susquehanna70,NA,fitzgepa01,Pam Fitzgerald,Fitzgerald Pam,Scotia,NY,USA,NA,NA
2024,Canoe,X7,oc2cruisermix,2,33429,801,789,71,53,2,53,susquehanna70,NA,wallsdo01,Don Walls,Walls Don,Beaver,PA,USA,NA,NA
2024,Canoe,V3,oc2cruisermaster,2,33436,802,790,36,54,2,54,susquehanna70,NA,jordansc01,Scott Jordan,Jordan Scott,Otego,NY,USA,Jordan-Himes,NA
2024,Canoe,V3,oc2cruisermaster,2,33436,802,790,36,54,2,54,susquehanna70,NA,NA,Michael Himes,Himes Michael,Otego,NY,USA,Jordan-Himes,NA
2018,Canoe,L11,oc1master,2,33442,803,791,23,96,2,96,susquehanna70,NA,wingal01,Alex Wing,Wing Alex,Morris,NY,USA,NA,NA
2022,Canoe,P26,oc2pro,41,33450,804,792,391,57,41,56,susquehanna70,NA,robilllu01,Luc Robillard,Robillard Luc,Waitsfield,VT,USA,Excelsior,NA
2022,Canoe,P26,oc2pro,41,33450,804,792,391,57,41,56,susquehanna70,NA,henryda01,Dana Henry,Henry Dana,Plymouth,MN,USA,Excelsior,NA
2017,Canoe,B11,oc4stock,8,33451,805,793,45,92,8,92,susquehanna70,NA,NA,Timothy Muhich,Muhich Timothy,Silver Spring,MD,USA,NA,NA
2017,Canoe,B11,oc4stock,8,33451,805,793,45,92,8,92,susquehanna70,NA,dillerjo01,John Diller,Diller John,Oakland,MD,USA,NA,NA
2017,Canoe,B11,oc4stock,8,33451,805,793,45,92,8,92,susquehanna70,NA,NA,Dale Waldo,Waldo Dale,White Lake,MI,USA,NA,NA
2017,Canoe,B11,oc4stock,8,33451,805,793,45,92,8,92,susquehanna70,NA,NA,Colin Bright,Bright Colin,Greenwood,IN,USA,NA,NA
2015,Canoe,Y2,oc2cruiserwomen,1,33466,806,794,16,62,1,62,susquehanna70,NA,rhodeske01,Kelly Rhodes,Rhodes Kelly,Silver Spring,MD,USA,NA,NA
2015,Canoe,Y2,oc2cruiserwomen,1,33466,806,794,16,62,1,62,susquehanna70,NA,botelepa01,Pam Boteler,Boteler Pam,Alexandria,VA,USA,NA,NA
2024,Canoe,V4,oc2cruisermaster,3,33479,807,795,37,55,3,55,susquehanna70,NA,careyde01,Dennis Carey,Carey Dennis,Orange,MA,USA,The 80 percenters,NA
2024,Canoe,V4,oc2cruisermaster,3,33479,807,795,37,55,3,55,susquehanna70,NA,lyesiuni01,Nick Lyesiuk,Lyesiuk Nick,Orange,MA,USA,The 80 percenters,NA
2018,Canoe,E3,oc2stock,8,33487,808,796,37,97,8,97,susquehanna70,NA,NA,William Whiting,Whiting William,Fultonville,NY,USA,NA,NA
2018,Canoe,E3,oc2stock,8,33487,808,796,37,97,8,97,susquehanna70,NA,whitiner01,Erik Whiting,Whiting Erik,Ledyard,CT,USA,NA,NA
2016,Canoe,E5,oc2stock,1,33488,809,797,38,88,1,86,susquehanna70,NA,birdsabr01,Bryan Birdsall,Birdsall Bryan,Unadilla,NY,USA,NA,NA
2016,Canoe,E5,oc2stock,1,33488,809,797,38,88,1,86,susquehanna70,NA,birdsaro01,Rob Birdsall,Birdsall Rob,Unadilla,NY,USA,NA,NA
2017,Canoe,E3,oc2stock,5,33504,810,798,39,93,5,93,susquehanna70,NA,knappda01,Dave Knapp,Knapp Dave,Oneonta,NY,USA,NA,NA
2017,Canoe,E3,oc2stock,5,33504,810,798,39,93,5,93,susquehanna70,NA,NA,Nathan Derr,Derr Nathan,Unadilla,NY,USA,NA,NA
2019,Canoe,F7,oc2stockmix,4,33512,811,799,8,116,4,111,susquehanna70,NA,coupalso01,Sophie Coupal,Coupal Sophie,Cantley,QC,CAN,NA,NA
2019,Canoe,F7,oc2stockmix,4,33512,811,799,8,116,4,111,susquehanna70,NA,lukensa01,Sandra Luken,Luken Sandra,Ottawa,QC,CAN,NA,NA
2015,Canoe,T9,oc2cruiser,8,33512,812,800,62,63,8,63,susquehanna70,NA,NA,Doug Leveile,Leveile Doug,Unadilla,NY,USA,NA,NA
2015,Canoe,T9,oc2cruiser,8,33512,812,800,62,63,8,63,susquehanna70,NA,jordansc01,Scott Jordan,Jordan Scott,Otego,NY,USA,NA,NA
2018,Canoe,V2,oc2cruisermaster,7,33521,813,801,38,98,7,98,susquehanna70,NA,mallerti01,Tim Mallery,Mallery Tim,South Williamsport,PA,USA,NA,NA
2018,Canoe,V2,oc2cruisermaster,7,33521,813,801,38,98,7,98,susquehanna70,NA,breenge01,Gerry Breen,Breen Gerry,Brooklyn,NY,USA,NA,NA
2017,Canoe,S6,oc1pro,9,33521,814,802,54,94,9,94,susquehanna70,NA,robertri01,River Robertson,Robertson River,Old Town,ME,USA,NA,NA
2018,Canoe,G1,opentour,1,33529,815,803,4,99,1,99,susquehanna70,NA,beckwida01,Dale Beckwith,Beckwith Dale,Sidney,NY,USA,NA,NA
2018,Canoe,G1,opentour,1,33529,815,803,4,99,1,99,susquehanna70,NA,bagleyje01,Jeff Bagley,Bagley Jeff,Sidney,NY,USA,NA,NA
2014,Canoe,G11,open,5,33558,816,804,5,115,5,113,susquehanna70,NA,fisherbu01,Buddy Fisher,Fisher Buddy,Bainbridge,NY,USA,NA,NA
2014,Canoe,G11,open,5,33558,816,804,5,115,5,113,susquehanna70,NA,fisherdu01,Duke Fisher,Fisher Duke,Bainbridge,NY,USA,NA,NA
2019,Canoe,R3,oc1stock,1,33561,817,805,3,117,1,112,susquehanna70,NA,nearch01,Chris Near,Near Chris,Huntsville,ON,CAN,NA,NA
2017,Canoe,L17,oc1master,4,33563,818,806,24,95,4,95,susquehanna70,NA,lyesiuni01,Nick Lyesiuk,Lyesiuk Nick,Orange,MA,USA,NA,NA
2024,Canoe,T1,oc2cruiser,3,33564,819,807,63,56,3,56,susquehanna70,NA,kenyonth01,Theo Kenyon,Kenyon Theo,Montville,CT,USA,Kenyon,NA
2024,Canoe,T1,oc2cruiser,3,33564,819,807,63,56,3,56,susquehanna70,NA,NA,Ted Kenyon,Kenyon Ted,Montville,CT,USA,Kenyon,NA
2014,Canoe,L4,oc1master,12,33568,820,808,25,116,12,114,susquehanna70,NA,foxda01,Dale Fox,Fox Dale,Bainbridge,NY,USA,NA,NA
2023,Canoe,P34,oc2pro,30,33571,821,809,392,36,30,36,susquehanna70,NA,bradleba01,Barbara Bradley,Bradley Barbara,Wausau,WI,USA,Barb and Al,NA
2023,Canoe,P34,oc2pro,30,33571,821,809,392,36,30,36,susquehanna70,NA,limberal01,Allen Limberg,Limberg Allen,Wausau,WI,USA,Barb and Al,NA
2018,Canoe,L5,oc1master,3,33575,822,810,26,100,3,100,susquehanna70,NA,lyesiuni01,Nick Lyesiuk,Lyesiuk Nick,Orange,MA,USA,NA,NA
2023,Canoe,P7,oc2pro,31,33586,823,811,393,37,31,37,susquehanna70,NA,huelskly01,Lydia Huelskamp,Huelskamp Lydia,Austin,TX,USA,That Don't Impress Us Much,NA
2023,Canoe,P7,oc2pro,31,33586,823,811,393,37,31,37,susquehanna70,NA,buggece01,Cecili Bugge,Bugge Cecili,Homer,MI,USA,That Don't Impress Us Much,NA
2024,Canoe,P31,oc2pro,41,33592,824,812,394,57,41,57,susquehanna70,NA,fisheran01,Anthony Fisher,Fisher Anthony,Grayling ,MI,USA,NA,NA
2024,Canoe,P31,oc2pro,41,33592,824,812,394,57,41,57,susquehanna70,NA,NA,Tucker Mertes,Mertes Tucker,Fredric ,MI,USA,NA,NA
2024,Canoe,P38,oc2pro,42,33604,825,813,395,58,42,58,susquehanna70,NA,dufourth01,Thierry Dufour,Dufour Thierry,Trois Rivieres,QC,CAN,The new stern,NA
2024,Canoe,P38,oc2pro,42,33604,825,813,395,58,42,58,susquehanna70,NA,NA,Dave Flageole,Flageole Dave,Shawinigan G0X2V0,QC,CAN,The new stern,NA
2017,Canoe,G2,open,1,33604,826,814,6,96,1,96,susquehanna70,NA,NA,Torey McLaren,McLaren Torey,Uncasville,CT,USA,NA,NA
2017,Canoe,G2,open,1,33604,826,814,6,96,1,96,susquehanna70,NA,robinsmi02,Miranda Robinson,Robinson Miranda,Otego,NY,USA,NA,NA
2018,Canoe,G11,opentour,2,33608,827,815,5,101,2,101,susquehanna70,NA,wisseas01,Ashley Wisse,Wisse Ashley,Oneonta,NY,USA,NA,NA
2018,Canoe,G11,opentour,2,33608,827,815,5,101,2,101,susquehanna70,NA,robinsmi02,Miranda Robinson,Robinson Miranda,Otego,NY,USA,NA,NA
2017,Canoe,J3,oc1,2,33612,828,816,11,97,2,97,susquehanna70,NA,palmerbr01,Brayton Palmer,Palmer Brayton,Morris,NY,USA,NA,NA
2024,Canoe,S8,oc1pro,3,33613,829,817,55,59,3,59,susquehanna70,NA,NA,Douglas Dalman,Dalman Douglas,Coopersville,MI,USA,NA,NA
2019,Canoe,E2,oc2stock,13,33620,830,818,40,118,13,113,susquehanna70,NA,whitinwi01,Will Whiting,Whiting Will,Fultonville,NY,USA,NA,NA
2019,Canoe,E2,oc2stock,13,33620,830,818,40,118,13,113,susquehanna70,NA,whitiner01,Erik Whiting,Whiting Erik,Ledyard,CT,USA,NA,NA
2024,Canoe,P1,oc2pro,43,33633,831,819,396,60,43,60,susquehanna70,NA,NA,Augustin Roy,Roy Augustin,Saint Georges,QC,CAN,Coffee Addict and the Black Jarret,NA
2024,Canoe,P1,oc2pro,43,33633,831,819,396,60,43,60,susquehanna70,NA,phamth01,Thina Pham,Pham Thina,Saint Georges,QC,CAN,Coffee Addict and the Black Jarret,NA
2023,Canoe,P40,oc2pro,32,33635,832,820,397,38,32,38,susquehanna70,NA,johnstke01,Keir Johnston,Johnston Keir,Strathroy,ON,CAN,Ziibi Honey,NA
2023,Canoe,P40,oc2pro,32,33635,832,820,397,38,32,38,susquehanna70,NA,johnstda01,Dave Johnston,Johnston Dave,Sarnia,ON,CAN,Ziibi Honey,NA
2017,Canoe,X20,oc2cruisermix,12,33644,833,821,72,98,12,98,susquehanna70,NA,NA,Kate Mooney,Mooney Kate,Arlington,VA,USA,NA,NA
2017,Canoe,X20,oc2cruisermix,12,33644,833,821,72,98,12,98,susquehanna70,NA,NA,Luke Rhodes,Rhodes Luke,Columbia,MD,USA,NA,NA
2023,Canoe,P17,oc2pro,33,33663,834,822,398,39,33,39,susquehanna70,NA,dumasma01,Mathieu Dumas,Dumas Mathieu,Quebec,QC,CAN,Bourassa/Dumas,NA
2023,Canoe,P17,oc2pro,33,33663,834,822,398,39,33,39,susquehanna70,NA,NA,Philippe Bourassa,Bourassa Philippe,Charette,QC,CAN,Bourassa/Dumas,NA
2015,Canoe,S8,oc1pro,7,33664,835,823,56,64,7,64,susquehanna70,NA,ellswoth01,Thomas Ellsworth,Ellsworth Thomas,Orange,MA,USA,NA,NA
2022,Canoe,S5,oc1pro,4,33666,836,824,57,58,4,57,susquehanna70,NA,chapplti01,Tim Chapple,Chapple Tim,Interlochen,MI,USA,NA,NA
2025,Canoe,P45,oc2pro,56,33670,837,825,399,95,56,93,susquehanna70,NA,NA,Jolene Tcatci,Tcatci Jolene,Obedjiwan,NA,NA,Tcatci & Turcotte,NA
2025,Canoe,P45,oc2pro,56,33670,837,825,399,95,56,93,susquehanna70,NA,NA,Jessica Turcotte,Turcotte Jessica,Shawinigan,QC,CAN,Tcatci & Turcotte,NA
2016,Canoe,E7,oc2stock,2,33673,838,826,41,89,2,87,susquehanna70,NA,bergdo01,Doug Berg,Berg Doug,Excelsior,MN,USA,NA,NA
2016,Canoe,E7,oc2stock,2,33673,838,826,41,89,2,87,susquehanna70,NA,zophygr01,Greg Zophy,Zophy Greg,St. Paul,MN,USA,NA,NA
2016,Canoe,V6,oc2cruisermaster,5,33680,839,827,39,90,5,88,susquehanna70,NA,mclainga01,Gary McLain,McLain Gary,Ballston Spa,NY,USA,NA,NA
2016,Canoe,V6,oc2cruisermaster,5,33680,839,827,39,90,5,88,susquehanna70,NA,sherwosc01,Scott Sherwood,Sherwood Scott,Liverpool,NY,USA,NA,NA
2017,Canoe,Y5,oc2cruiserwomen,4,33695,840,828,17,99,4,99,susquehanna70,NA,zookch01,Cheryl Zook,Zook Cheryl,Washington,DC,USA,NA,NA
2017,Canoe,Y5,oc2cruiserwomen,4,33695,840,828,17,99,4,99,susquehanna70,NA,NA,Becca Pinkus,Pinkus Becca,Arlington,VA,USA,NA,NA
2017,Canoe,F1,oc2stockmix,1,33708,841,829,9,100,1,100,susquehanna70,NA,grohosni01,Nicole Grohoski,Grohoski Nicole,Ellsworth,ME,USA,NA,NA
2017,Canoe,F1,oc2stockmix,1,33708,841,829,9,100,1,100,susquehanna70,NA,burkesh01,Shawn Burke,Burke Shawn,Andover,MA,USA,NA,NA
2025,Canoe,E13,oc2stock,5,33715,842,830,42,96,5,94,susquehanna70,NA,meaderbe01,Benjamin Meader,Meader Benjamin,South Bristol,ME,USA,The Nimzo-Larsen Attack,NA
2025,Canoe,E13,oc2stock,5,33715,842,830,42,96,5,94,susquehanna70,NA,NA,Sam Mathes,Mathes Sam,New Portland,ME,USA,The Nimzo-Larsen Attack,NA
2019,Canoe,F10,oc2stockmix,5,33721,843,831,10,119,5,114,susquehanna70,NA,plourdtr01,Tracy Plourde,Plourde Tracy,North Gower,ON,CAN,NA,NA
2019,Canoe,F10,oc2stockmix,5,33721,843,831,10,119,5,114,susquehanna70,NA,plourdga01,Gaetan Plourde,Plourde Gaetan,North Gower,ON,CAN,NA,NA
2018,Canoe,E12,oc2stock,9,33728,844,832,43,102,9,102,susquehanna70,NA,woolfrad01,Adam Woolfrey,Woolfrey Adam,Tweed,ON,CAN,NA,NA
2018,Canoe,E12,oc2stock,9,33728,844,832,43,102,9,102,susquehanna70,NA,reynolsc01,Scott Reynolds,Reynolds Scott,Madoc,ON,CAN,NA,NA
2017,Canoe,P17,oc2pro,32,33737,845,833,400,101,32,101,susquehanna70,NA,mahaffbi01,Bill Mahaffy,Mahaffy Bill,Grayling,MI,USA,NA,NA
2017,Canoe,P17,oc2pro,32,33737,845,833,400,101,32,101,susquehanna70,NA,somerojo01,Joseph Somero,Somero Joseph,Grayling,MI,USA,NA,NA
2016,Canoe,L8,oc1master,1,33752,846,834,27,91,1,89,susquehanna70,NA,NA,Arthur Walker-Jones,Walker-Jones Arthur,Winnipeg,MB,CAN,NA,NA
2016,Canoe,L9,oc1master,2,33760,847,835,28,92,2,90,susquehanna70,NA,anusiest01,Stan Anusiewicz,Anusiewicz Stan,Brights Grove,ON,CAN,NA,NA
2019,Unknown,G13,opentour,4,33761,848,4,6,120,4,4,susquehanna70,NA,bilsbari01,Richard Bilsback,Bilsback Richard,Webster,NY,USA,NA,NA
2019,Unknown,G13,opentour,4,33761,848,4,6,120,4,4,susquehanna70,NA,bilsbade01,Denise Bilsback,Bilsback Denise,Webster,NY,USA,NA,NA
2023,Canoe,P23,oc2pro,34,33765,849,836,401,40,34,40,susquehanna70,NA,bordelal01,Alex Bordeleau,Bordeleau Alex,Trois-Rivieres,QC,CAN,Dufour/Bordeleau,NA
2023,Canoe,P23,oc2pro,34,33765,849,836,401,40,34,40,susquehanna70,NA,dufourth01,Thierry Dufour,Dufour Thierry,Trois Rivieres,QC,CAN,Dufour/Bordeleau,NA
2023,Canoe,P22,oc2pro,35,33771,850,837,402,41,35,41,susquehanna70,NA,olneyjo01,Joann Olney,Olney Joann,Westernville,NY,USA,Delta Force,NA
2023,Canoe,P22,oc2pro,35,33771,850,837,402,41,35,41,susquehanna70,NA,olneypa01,Paul Olney,Olney Paul,Westernville,NY,USA,Delta Force,NA
2023,Canoe,P38,oc2pro,36,33773,851,838,403,42,36,42,susquehanna70,NA,putnamaa01,Aaron Putnam,Putnam Aaron,Clifford,MI,USA,APRS,NA
2023,Canoe,P38,oc2pro,36,33773,851,838,403,42,36,42,susquehanna70,NA,shadlero01,Robert Shadley,Shadley Robert,Cass City ,MI,USA,APRS,NA
2017,Canoe,A6,oc2stockalum,1,33781,852,839,3,102,1,102,susquehanna70,NA,walleybi01,Bill Walley,Walley Bill,Walton,NY,USA,NA,NA
2017,Canoe,A6,oc2stockalum,1,33781,852,839,3,102,1,102,susquehanna70,NA,walleybr01,Brian Walley,Walley Brian,Walton,NY,USA,NA,NA
2019,Canoe,U8,oc2cruisersenior,5,33804,853,840,23,121,5,115,susquehanna70,NA,vandorda01,David Vandorpe,Vandorpe David,Weston,MA,USA,NA,NA
2019,Canoe,U8,oc2cruisersenior,5,33804,853,840,23,121,5,115,susquehanna70,NA,lyesiuni01,Nick Lyesiuk,Lyesiuk Nick,Orange,MA,USA,NA,NA
2017,Canoe,X15,oc2cruisermix,13,33807,854,841,73,103,13,103,susquehanna70,NA,hesslebo01,Bob Hessler,Hessler Bob,Ellsworth,ME,USA,NA,NA
2017,Canoe,X15,oc2cruisermix,13,33807,854,841,73,103,13,103,susquehanna70,NA,thebauan01,Ander Thebaud,Thebaud Ander,Mount Desert,ME,USA,NA,NA
2018,Canoe,L8,oc1master,4,33810,855,842,29,103,4,103,susquehanna70,NA,anusiest01,Stan Anusiewicz,Anusiewicz Stan,Brights Grove,ON,CAN,NA,NA
2017,Canoe,X22,oc2cruisermix,14,33811,856,843,74,104,14,104,susquehanna70,NA,zweerero01,Roy Zweeres,Zweeres Roy,Port Richey,FL,USA,NA,NA
2017,Canoe,X22,oc2cruisermix,14,33811,856,843,74,104,14,104,susquehanna70,NA,NA,Deborah Zweeres,Zweeres Deborah,Port Richey,FL,USA,NA,NA
2016,Canoe,U2,oc2cruisersenior,3,33816,857,844,24,93,3,91,susquehanna70,NA,hansenfr01,Fritz Hansen,Hansen Fritz,Burlington,WI,USA,NA,NA
2016,Canoe,U2,oc2cruisersenior,3,33816,857,844,24,93,3,91,susquehanna70,NA,braigji01,Jim Braig,Braig Jim,Dubuque,IA,USA,NA,NA
2025,Canoe,U1,oc2cruisersenior,4,33827,858,845,25,97,4,95,susquehanna70,NA,NA,Jean-Pierre Drouin,Drouin Jean-Pierre,St-Georges,QC,CAN,B & D. Team,NA
2025,Canoe,U1,oc2cruisersenior,4,33827,858,845,25,97,4,95,susquehanna70,NA,NA,Nicole Boutin,Boutin Nicole,Saint-Georges,QC,CAN,B & D. Team,NA
2023,Canoe,P47,oc2pro,37,33834,859,846,404,43,37,43,susquehanna70,NA,millspan01,Andrew Millspaugh,Millspaugh Andrew,Niskayuna,NY,USA,Flaming-O Racing,NA
2023,Canoe,P47,oc2pro,37,33834,859,846,404,43,37,43,susquehanna70,NA,millspph01,Philip Millspaugh,Millspaugh Philip,Farmington,NY,USA,Flaming-O Racing,NA
2015,Canoe,B6,oc4stock,6,33834,860,847,46,65,6,65,susquehanna70,NA,berlke01,Kevin Berl,Berl Kevin,Macedon,NY,USA,NA,NA
2015,Canoe,B6,oc4stock,6,33834,860,847,46,65,6,65,susquehanna70,NA,coulomra01,Ray Coulombe,Coulombe Ray,Sodus,NY,USA,NA,NA
2015,Canoe,B6,oc4stock,6,33834,860,847,46,65,6,65,susquehanna70,NA,dempstro01,Rodger Dempster,Dempster Rodger,Saranac Lake,NY,USA,NA,NA
2015,Canoe,B6,oc4stock,6,33834,860,847,46,65,6,65,susquehanna70,NA,henninti01,Tim Henning,Henning Tim,Marion,NY,USA,NA,NA
2017,Canoe,X25,oc2cruisermix,15,33840,861,848,75,105,15,105,susquehanna70,NA,ellswowi01,William Ellsworth,Ellsworth William,Orange,MA,USA,NA,NA
2017,Canoe,X25,oc2cruisermix,15,33840,861,848,75,105,15,105,susquehanna70,NA,dugasdi01,Dianna Dugas,Dugas Dianna,Orange,MA,USA,NA,NA
2022,Canoe,P20,oc2pro,42,33845,862,849,405,59,42,58,susquehanna70,NA,deabrmi01,Michael De Abreu,De Abreu Michael,Arnprior,ON,CAN,Planned Grit,NA
2022,Canoe,P20,oc2pro,42,33845,862,849,405,59,42,58,susquehanna70,NA,coupalso01,Sophie Coupal,Coupal Sophie,Cantley,QC,CAN,Planned Grit,NA
2022,Canoe,P13,oc2pro,43,33852,863,850,406,60,43,59,susquehanna70,NA,romanjo01,Joseph Roman,Roman Joseph,Royal Oak,MI,USA,NA,NA
2022,Canoe,P13,oc2pro,43,33852,863,850,406,60,43,59,susquehanna70,NA,putnamal01,Alan Putnam,Putnam Alan,Linden,MI,USA,NA,NA
2023,Canoe,T7,oc2cruiser,1,33858,864,851,64,44,1,44,susquehanna70,NA,lamasa01,Sajan Lama,Lama Sajan,Philadelphia,PA,USA,Philly Yutes,NA
2023,Canoe,T7,oc2cruiser,1,33858,864,851,64,44,1,44,susquehanna70,NA,NA,Quinn Richmond,Richmond Quinn,Wayne,PA,USA,Philly Yutes,NA
2022,Canoe,U6,oc2cruisersenior,1,33861,865,852,26,61,1,60,susquehanna70,NA,pedersje01,Jeff Pedersen,Pedersen Jeff,Gilbertsville,NY,USA,NA,NA
2022,Canoe,U6,oc2cruisersenior,1,33861,865,852,26,61,1,60,susquehanna70,NA,wagnered01,Ed Wagner,Wagner Ed,Auburn,NY,USA,NA,NA
2023,Canoe,X4,oc2cruisermix,1,33868,866,853,76,45,1,45,susquehanna70,NA,rhodeske01,Kelly Rhodes,Rhodes Kelly,Silver Spring,MD,USA,NA,NA
2023,Canoe,X4,oc2cruisermix,1,33868,866,853,76,45,1,45,susquehanna70,NA,lowenfma01,Martin Lowenfish,Lowenfish Martin,Washington,DC,USA,NA,NA
2024,Canoe,P49,oc2pro,44,33869,867,854,407,61,44,61,susquehanna70,NA,NA,Owen Triebold,Triebold Owen,Grayling,MI,USA,Triebold,NA
2024,Canoe,P49,oc2pro,44,33869,867,854,407,61,44,61,susquehanna70,NA,NA,Jacob Hartman,Hartman Jacob,Grayling,MI,USA,Triebold,NA
2022,Canoe,P32,oc2pro,44,33874,868,855,408,62,44,61,susquehanna70,NA,millspem01,Emma Millspaugh,Millspaugh Emma,Niskayuna ,NY,USA,Flaming-O's,NA
2022,Canoe,P32,oc2pro,44,33874,868,855,408,62,44,61,susquehanna70,NA,millspph01,Philip Millspaugh,Millspaugh Philip,Farmington,NY,USA,Flaming-O's,NA
2023,Canoe,P45,oc2pro,38,33879,869,856,409,46,38,46,susquehanna70,NA,lamontal01,Alain Lamontagne,Lamontagne Alain,Shawinigan,QC,CAN,JomAl Team,NA
2023,Canoe,P45,oc2pro,38,33879,869,856,409,46,38,46,susquehanna70,NA,malenfjo01,Joel Malenfant,Malenfant Joel,Shawinigan,QC,CAN,JomAl Team,NA
2019,Unknown,G5,opentour,5,33881,870,5,7,122,5,5,susquehanna70,NA,bauerlpe01,Peter Bauerle,Bauerle Peter,Bainbridge,NY,USA,NA,NA
2019,Unknown,G5,opentour,5,33881,870,5,7,122,5,5,susquehanna70,NA,lewisjo01,John Lewis,Lewis John,Bainbridge,NY,USA,NA,NA
2022,Canoe,X1,oc2cruisermix,3,33894,871,857,77,63,3,62,susquehanna70,NA,defeoje01,Jeff Defeo,Defeo Jeff,Huntington,MA,USA,NA,NA
2022,Canoe,X1,oc2cruisermix,3,33894,871,857,77,63,3,62,susquehanna70,NA,NA,Jo Hamlin,Hamlin Jo,Roscommou,MI,USA,NA,NA
2018,Canoe,B11,oc4stock,8,33914,872,858,47,104,8,104,susquehanna70,NA,NA,Nick Petrutoni,Petrutoni Nick,NA,NA,NA,NA,NA
2018,Canoe,B11,oc4stock,8,33914,872,858,47,104,8,104,susquehanna70,NA,rabuckca01,Carol Rabuck,Rabuck Carol,Philadelphia,PA,USA,NA,NA
2018,Canoe,B11,oc4stock,8,33914,872,858,47,104,8,104,susquehanna70,NA,gilesam01,Amber Giles,Giles Amber,Sidney,NY,USA,NA,NA
2018,Canoe,B11,oc4stock,8,33914,872,858,47,104,8,104,susquehanna70,NA,fisherdu01,Duke Fisher,Fisher Duke,Bainbridge,NY,USA,NA,NA
2014,Canoe,J4,oc1,4,33925,873,859,12,117,4,115,susquehanna70,NA,breierky01,Kyle Breier,Breier Kyle,Oneonta,NY,USA,NA,NA
2016,Canoe,J1,oc1,1,33936,874,860,13,94,1,92,susquehanna70,NA,corbetst01,Steve Corbett,Corbett Steve,New Market,MD,USA,NA,NA
2014,Canoe,E2,oc2stock,10,33939,875,861,44,118,10,116,susquehanna70,NA,stenbesc01,Scott Stenberg,Stenberg Scott,Moravia,NY,USA,NA,NA
2014,Canoe,E2,oc2stock,10,33939,875,861,44,118,10,116,susquehanna70,NA,ierardto01,Tom Ierardi,Ierardi Tom,Skaneateles,NY,USA,NA,NA
2024,Canoe,P23,oc2pro,45,33943,876,862,410,62,45,62,susquehanna70,NA,NA,Eric Vaugeois,Vaugeois Eric,Trois-Rivieres,QC,CAN,NA,NA
2024,Canoe,P23,oc2pro,45,33943,876,862,410,62,45,62,susquehanna70,NA,NA,David Bournival,Bournival David,Shawinigan ,QC,CAN,NA,NA
2022,Canoe,B3,oc4stock,2,33950,877,863,48,64,2,63,susquehanna70,NA,mclainru01,Rusty McLain,McLain Rusty,Chesapeake,VA,USA,Have a Mike Day,NA
2022,Canoe,B3,oc4stock,2,33950,877,863,48,64,2,63,susquehanna70,NA,mclainky01,Kyle McLain,McLain Kyle,Chesapeake,VA,USA,Have a Mike Day,NA
2022,Canoe,B3,oc4stock,2,33950,877,863,48,64,2,63,susquehanna70,NA,NA,Wayne Duncan,Duncan Wayne,Ivor,VA,USA,Have a Mike Day,NA
2022,Canoe,B3,oc4stock,2,33950,877,863,48,64,2,63,susquehanna70,NA,perryji01,Jim Perry,Perry Jim,Lanexa,VA,USA,Have a Mike Day,NA
2016,Canoe,U1,oc2cruisersenior,4,33964,878,864,27,95,4,93,susquehanna70,NA,NA,Glen Cooley,Cooley Glen,Scotia,NY,USA,NA,NA
2016,Canoe,U1,oc2cruisersenior,4,33964,878,864,27,95,4,93,susquehanna70,NA,cooleyli01,Linda Cooley,Cooley Linda,Scotia,NY,USA,NA,NA
2018,Canoe,T4,oc2cruiser,8,33968,879,865,65,105,8,105,susquehanna70,NA,allenti01,Tim Allen,Allen Tim,Westfield,MA,USA,NA,NA
2018,Canoe,T4,oc2cruiser,8,33968,879,865,65,105,8,105,susquehanna70,NA,allenbo01,Bob Allen,Allen Bob,Westfield,MA,USA,NA,NA
2023,Canoe,P20,oc2pro,39,33979,880,866,411,47,39,47,susquehanna70,NA,nadeausy01,Sylvie Nadeau,Nadeau Sylvie,St Jerome,QC,CAN,NA,NA
2023,Canoe,P20,oc2pro,39,33979,880,866,411,47,39,47,susquehanna70,NA,lapradmi01,Michelle Laprade,Laprade Michelle,Cantley,QC,CAN,NA,NA
2018,Canoe,P6,oc2pro,48,34001,882,868,413,106,48,106,susquehanna70,NA,raybe01,Betsy Ray,Ray Betsy,New York,NY,USA,NA,NA
2018,Canoe,P6,oc2pro,48,34001,882,868,413,106,48,106,susquehanna70,NA,peckka01,Katie Peck,Peck Katie,New York,NY,USA,NA,NA
2017,Canoe,L16,oc1master,5,34002,883,869,30,106,5,106,susquehanna70,NA,wingal01,Alex Wing,Wing Alex,Morris,NY,USA,NA,NA
2014,Canoe,V8,oc2cruisermaster,8,34028,884,870,40,119,8,117,susquehanna70,NA,buchhobl01,Blair Buchholz,Buchholz Blair,Wellsville,NY,USA,NA,NA
2014,Canoe,V8,oc2cruisermaster,8,34028,884,870,40,119,8,117,susquehanna70,NA,nicoloja01,James Nicoloff,Nicoloff James,Hornell,NY,USA,NA,NA
2024,Canoe,F1,oc2stockmix,1,34031,885,871,11,64,1,64,susquehanna70,NA,NA,Trina Ross,Ross Trina,Winnipeg,MB,CAN,Ripple FX / H2O,NA
2024,Canoe,F1,oc2stockmix,1,34031,885,871,11,64,1,64,susquehanna70,NA,praterch01,Chris Prater,Prater Chris,London,ON,CAN,Ripple FX / H2O,NA
2024,Canoe,V2,oc2cruisermaster,4,34039,886,872,41,65,4,65,susquehanna70,NA,sandne01,Neal Sand,Sand Neal,Milton,VT,USA,NA,NA
2024,Canoe,V2,oc2cruisermaster,4,34039,886,872,41,65,4,65,susquehanna70,NA,mcandrma01,Mark McAndrew,McAndrew Mark,East Hardwick,VT,USA,NA,NA
2023,Canoe,P16,oc2pro,40,34044,887,873,414,48,40,48,susquehanna70,NA,careyde01,Dennis Carey,Carey Dennis,Orange,MA,USA,lyesiuk/carey,NA
2023,Canoe,P16,oc2pro,40,34044,887,873,414,48,40,48,susquehanna70,NA,lyesiubr01,Brent Lyesiuk,Lyesiuk Brent,Orange,MA,USA,lyesiuk/carey,NA
2022,Canoe,E4,oc2stock,1,34044,888,874,45,65,1,64,susquehanna70,NA,menkje01,Jeremiah Menk,Menk Jeremiah,Shoreview,MN,USA,Engelhof Racing,NA
2022,Canoe,E4,oc2stock,1,34044,888,874,45,65,1,64,susquehanna70,NA,NA,Steven Menk,Menk Steven,Hayward,WI,USA,Engelhof Racing,NA
2015,Canoe,L6,oc1master,1,34057,889,875,31,66,1,66,susquehanna70,NA,winterma01,Mark Winter,Winter Mark,Bloomingdale,NY,USA,NA,NA
2018,Canoe,E9,oc2stock,10,34058,890,876,46,107,10,107,susquehanna70,NA,bechtegr01,Greg Bechtel,Bechtel Greg,Cincinnati,OH,USA,NA,NA
2018,Canoe,E9,oc2stock,10,34058,890,876,46,107,10,107,susquehanna70,NA,NA,Bernard Moller,Moller Bernard,Cincinnati,OH,USA,NA,NA
2019,Canoe,U2,oc2cruisersenior,6,34080,891,877,28,123,6,116,susquehanna70,NA,hillri01,Rick Hill,Hill Rick,Iowa City,IA,USA,NA,NA
2019,Canoe,U2,oc2cruisersenior,6,34080,891,877,28,123,6,116,susquehanna70,NA,lancasja01,Jay Lancaster,Lancaster Jay,Darlington,WI,USA,NA,NA
2025,Canoe,F7,oc2stockmix,4,34080,892,878,12,98,4,96,susquehanna70,NA,joneser01,Eric Jones,Jones Eric,Granby,CT,USA,SYOTR,NA
2025,Canoe,F7,oc2stockmix,4,34080,892,878,12,98,4,96,susquehanna70,NA,thorntam01,Amy Thornton,Thornton Amy,Florence,MA,USA,SYOTR,NA
2015,Canoe,E19,oc2stock,1,34091,893,879,47,67,1,67,susquehanna70,NA,plourdga01,Gaetan Plourde,Plourde Gaetan,Kanata,ON,CAN,NA,NA
2015,Canoe,E19,oc2stock,1,34091,893,879,47,67,1,67,susquehanna70,NA,brainaje01,Jeff Brainard,Brainard Jeff,Roslin,ON,CAN,NA,NA
2019,Canoe,J8,oc1,4,34099,894,880,14,124,4,117,susquehanna70,NA,NA,Gregory Peters,Peters Gregory,Beckley,WV,USA,NA,NA
2014,Canoe,C6,oc2rec,2,34104,895,881,2,120,2,118,susquehanna70,NA,duboisda01,Daniel Dubois,Dubois Daniel,Punta Gorda,FL,USA,NA,NA
2014,Canoe,C6,oc2rec,2,34104,895,881,2,120,2,118,susquehanna70,NA,harriske01,Ken Harris,Harris Ken,Earlville,NY,USA,NA,NA
2018,Canoe,T10,oc2cruiser,9,34121,896,882,66,108,9,108,susquehanna70,NA,rancoma01,Mark Ranco,Ranco Mark,Bangor,ME,USA,NA,NA
2018,Canoe,T10,oc2cruiser,9,34121,896,882,66,108,9,108,susquehanna70,NA,harttda01,Dale Hartt,Hartt Dale,Veazie,ME,USA,NA,NA
2016,Canoe,E15,oc2stock,3,34124,897,883,48,96,3,94,susquehanna70,NA,bachmami01,Mike Bachman,Bachman Mike,Bainbridge,NY,USA,NA,NA
2016,Canoe,E15,oc2stock,3,34124,897,883,48,96,3,94,susquehanna70,NA,hallri01,Rich Hall,Hall Rich,Gilbertsville,NY,USA,NA,NA
2022,Canoe,T5,oc2cruiser,2,34131,898,884,67,66,2,65,susquehanna70,NA,sandne01,Neal Sand,Sand Neal,Milton,VT,USA,Green Mt boys,NA
2022,Canoe,T5,oc2cruiser,2,34131,898,884,67,66,2,65,susquehanna70,NA,mcandrma01,Mark McAndrew,McAndrew Mark,East Hardwick,VT,USA,Green Mt boys,NA
2014,Canoe,R4,oc1stock,3,34144,899,885,4,121,3,119,susquehanna70,NA,cartermi01,Mike Carter,Carter Mike,Schuylkill Haven,PA,USA,NA,NA
2018,Canoe,A5,oc2stockalum,1,34144,900,886,4,109,1,109,susquehanna70,NA,walleybi01,Bill Walley,Walley Bill,Walton,NY,USA,NA,NA
2018,Canoe,A5,oc2stockalum,1,34144,900,886,4,109,1,109,susquehanna70,NA,NA,Lucas Walley,Walley Lucas,Walton,NY,USA,NA,NA
2025,Unknown,G13,opentour,1,34163,901,6,8,99,1,1,susquehanna70,NA,mcduffri01,River McDuffie,McDuffie River,Robbins,NC,USA,McSetliffs,NA
2025,Unknown,G13,opentour,1,34163,901,6,8,99,1,1,susquehanna70,NA,NA,William McDuffie,McDuffie William,Robbins,NC,USA,McSetliffs,NA
2023,Canoe,T2,oc2cruiser,2,34188,902,887,68,49,2,49,susquehanna70,NA,praterch01,Chris Prater,Prater Chris,London,ON,CAN,Ripple FX,NA
2023,Canoe,T2,oc2cruiser,2,34188,902,887,68,49,2,49,susquehanna70,NA,mcmillol01,Oliver McMillan,McMillan Oliver,London,ON,CAN,Ripple FX,NA
2018,Canoe,F1,oc2stockmix,1,34189,903,888,13,110,1,110,susquehanna70,NA,murphysh01,Shauna Murphy,Murphy Shauna,Franklin,NY,USA,NA,NA
2018,Canoe,F1,oc2stockmix,1,34189,903,888,13,110,1,110,susquehanna70,NA,NA,Christopher Murphy,Murphy Christopher,Franklin,NY,USA,NA,NA
2015,Canoe,V3,oc2cruisermaster,3,34191,904,889,42,68,3,68,susquehanna70,NA,dugasda01,David Dugas,Dugas David,Athol,MA,USA,NA,NA
2015,Canoe,V3,oc2cruisermaster,3,34191,904,889,42,68,3,68,susquehanna70,NA,casalejo01,John Casale,Casale John,Southampton,MA,USA,NA,NA
2024,Canoe,E9,oc2stock,1,34195,905,890,49,66,1,66,susquehanna70,NA,bachorst01,Steve Bachorik,Bachorik Steve,Hartwick,NY,USA,NA,NA
2024,Canoe,E9,oc2stock,1,34195,905,890,49,66,1,66,susquehanna70,NA,newmanje01,Jeff Newman,Newman Jeff,Unadilla,NY,USA,NA,NA
2023,Canoe,S2,oc1pro,3,34201,906,891,58,50,3,50,susquehanna70,NA,lowrygr01,Greg Lowry,Lowry Greg,Denville,NJ,USA,WAR,NA
2016,Canoe,V3,oc2cruisermaster,6,34207,907,892,43,97,6,95,susquehanna70,NA,menardda01,Daniel Menard,Menard Daniel,Mont-Laurier,QC,CAN,NA,NA
2016,Canoe,V3,oc2cruisermaster,6,34207,907,892,43,97,6,95,susquehanna70,NA,NA,Jacques Supper,Supper Jacques,Lac Des Ecorces,QC,CAN,NA,NA
2015,Canoe,V7,oc2cruisermaster,4,34226,908,893,44,69,4,69,susquehanna70,NA,vandorda01,David Vandorpe,Vandorpe David,Watertown,MA,USA,NA,NA
2015,Canoe,V7,oc2cruisermaster,4,34226,908,893,44,69,4,69,susquehanna70,NA,bosske01,Kevin Boss,Boss Kevin,Swansea,MA,USA,NA,NA
2017,Canoe,E5,oc2stock,6,34231,909,894,50,107,6,107,susquehanna70,NA,NA,Lincoln Fancher,Fancher Lincoln,Lacona,NY,USA,NA,NA
2017,Canoe,E5,oc2stock,6,34231,909,894,50,107,6,107,susquehanna70,NA,neugebri01,Richard Neugebauer,Neugebauer Richard,Skaneateles,NY,USA,NA,NA
2024,Canoe,E11,oc2stock,2,34236,910,895,51,67,2,67,susquehanna70,NA,gauseri01,Rick Gause,Gause Rick,North Yarmouth,ME,USA,AndersonGause,NA
2024,Canoe,E11,oc2stock,2,34236,910,895,51,67,2,67,susquehanna70,NA,anderswi01,William Anderson,Anderson William,Thorndike,ME,USA,AndersonGause,NA
2024,Canoe,U6,oc2cruisersenior,3,34238,911,896,29,68,3,68,susquehanna70,NA,pedersje01,Jeff Pedersen,Pedersen Jeff,Gilbertsville,NY,USA,NA,NA
2024,Canoe,U6,oc2cruisersenior,3,34238,911,896,29,68,3,68,susquehanna70,NA,wagnered01,Ed Wagner,Wagner Ed,Auburn,NY,USA,NA,NA
2015,Canoe,V5,oc2cruisermaster,5,34246,912,897,45,70,5,70,susquehanna70,NA,davisal01,Alec Davis,Davis Alec,Ballston Lake,NY,USA,NA,NA
2015,Canoe,V5,oc2cruisermaster,5,34246,912,897,45,70,5,70,susquehanna70,NA,henryro01,Roger Henry,Henry Roger,Rexford,NY,USA,NA,NA
2023,Canoe,U3,oc2cruisersenior,1,34255,913,898,30,51,1,51,susquehanna70,NA,cumminvi01,Vicki Cummings,Cummings Vicki,Meriden,CT,USA,Mud Puppies,NA
2023,Canoe,U3,oc2cruisersenior,1,34255,913,898,30,51,1,51,susquehanna70,NA,cumminde01,Del Cummings,Cummings Del,Meriden,CT,USA,Mud Puppies,NA
2022,Canoe,U4,oc2cruisersenior,2,34263,914,899,31,67,2,66,susquehanna70,NA,heedpe01,Peter Heed,Heed Peter,Keene,NH,USA,Prodigal Old Guys,NA
2022,Canoe,U4,oc2cruisersenior,2,34263,914,899,31,67,2,66,susquehanna70,NA,lyesiuni01,Nick Lyesiuk,Lyesiuk Nick,Orange,MA,USA,Prodigal Old Guys,NA
2018,Canoe,C5,oc2rec,1,34263,915,900,3,111,1,111,susquehanna70,NA,allisojo01,Joseph Allison,Allison Joseph,Morris,NY,USA,NA,NA
2018,Canoe,C5,oc2rec,1,34263,915,900,3,111,1,111,susquehanna70,NA,NA,Andrew Rickard,Rickard Andrew,Hartwick,NY,USA,NA,NA
2017,Canoe,X17,oc2cruisermix,16,34286,916,901,78,108,16,108,susquehanna70,NA,mclainle01,Leza McLain,McLain Leza,Chesapeake,VA,USA,NA,NA
2017,Canoe,X17,oc2cruisermix,16,34286,916,901,78,108,16,108,susquehanna70,NA,mclainru01,Rusty McLain,McLain Rusty,Chesapeake,VA,USA,NA,NA
2015,Canoe,V1,oc2cruisermaster,6,34288,917,902,46,71,6,71,susquehanna70,NA,ulbricdi01,Dick Ulbrich,Ulbrich Dick,Weston,MA,USA,NA,NA
2015,Canoe,V1,oc2cruisermaster,6,34288,917,902,46,71,6,71,susquehanna70,NA,warnerto01,Tom Warner,Warner Tom,Westmoreland,NH,USA,NA,NA
2019,Canoe,X14,oc2cruisermix,10,34289,918,903,79,125,10,118,susquehanna70,NA,staubach01,Chad Staubach,Staubach Chad,Altamont,NY,USA,NA,NA
2019,Canoe,X14,oc2cruisermix,10,34289,918,903,79,125,10,118,susquehanna70,NA,staubasa01,Samantha Staubach,Staubach Samantha,Altamont,NY,USA,NA,NA
2016,Canoe,X13,oc2cruisermix,12,34292,919,904,80,98,12,96,susquehanna70,NA,dugasdi01,Dianna Dugas,Dugas Dianna,Orange,MA,USA,NA,NA
2016,Canoe,X13,oc2cruisermix,12,34292,919,904,80,98,12,96,susquehanna70,NA,ellswowi01,William Ellsworth,Ellsworth William,Orange,MA,USA,NA,NA
2022,Canoe,Y1,oc2cruiserwomen,1,34292,920,905,18,68,1,67,susquehanna70,NA,cumminvi01,Vicki Cummings,Cummings Vicki,Meriden,CT,USA,NA,NA
2022,Canoe,Y1,oc2cruiserwomen,1,34292,920,905,18,68,1,67,susquehanna70,NA,fitzgepa01,Pam Fitzgerald,Fitzgerald Pam,Scotia,NY,USA,NA,NA
2022,Canoe,P44,oc2pro,45,34317,921,906,415,69,45,68,susquehanna70,NA,zieglega01,Garrett Ziegler,Ziegler Garrett,Grand Rapids,MI,USA,West Michigan Paddle Club,NA
2022,Canoe,P44,oc2pro,45,34317,921,906,415,69,45,68,susquehanna70,NA,NA,Jackson Tucker,Tucker Jackson,Grand Rapids ,MI,USA,West Michigan Paddle Club,NA
2025,Canoe,J3,oc1,2,34327,922,907,15,100,2,97,susquehanna70,NA,NA,Gareth Austin,Austin Gareth,Portlandville,NY,USA,Canoe & Kayak,NA
2017,Canoe,B1,oc4stock,9,34335,923,908,49,109,9,109,susquehanna70,NA,vermiljo01,Jon Vermilyea,Vermilyea Jon,Syracuse,NY,USA,NA,NA
2017,Canoe,B1,oc4stock,9,34335,923,908,49,109,9,109,susquehanna70,NA,crouchho01,Holly Crouch,Crouch Holly,Sherburne,NY,USA,NA,NA
2017,Canoe,B1,oc4stock,9,34335,923,908,49,109,9,109,susquehanna70,NA,repakpa01,Paul Repak,Repak Paul,Boonsville,NY,USA,NA,NA
2017,Canoe,B1,oc4stock,9,34335,923,908,49,109,9,109,susquehanna70,NA,NA,Francis Soenen,Soenen Francis,Roeselare,NA,NA,NA,NA
2019,Canoe,E15,oc2stock,14,34345,924,909,52,126,14,119,susquehanna70,NA,NA,Jason Sarsfield,Sarsfield Jason,Harrison,MI,USA,NA,NA
2019,Canoe,E15,oc2stock,14,34345,924,909,52,126,14,119,susquehanna70,NA,NA,Jordon Sarsfield,Sarsfield Jordon,Grayling,MI,USA,NA,NA
2023,Canoe,P3,oc2pro,41,34353,925,910,416,52,41,52,susquehanna70,NA,zophygr01,Greg Zophy,Zophy Greg,St. Paul,MN,USA,Zophy/Brax,NA
2023,Canoe,P3,oc2pro,41,34353,925,910,416,52,41,52,susquehanna70,NA,braxde01,Debbie Brax,Brax Debbie,Deruyter,NY,USA,Zophy/Brax,NA
2015,Canoe,T7,oc2cruiser,9,34355,926,911,69,72,9,72,susquehanna70,NA,thielra01,Raymond Thiel Jr.,Thiel Jr. Raymond,Voluntown,CT,USA,NA,NA
2015,Canoe,T7,oc2cruiser,9,34355,926,911,69,72,9,72,susquehanna70,NA,kenyonte03,Ted Kenyon III,Kenyon III Ted,Waterford,CT,USA,NA,NA
2014,Canoe,J5,oc1,5,34360,927,912,16,122,5,120,susquehanna70,NA,loeffltr01,Tres Loeffler,Loeffler Tres,Milford,NY,USA,NA,NA
2023,Canoe,U5,oc2cruisersenior,2,34362,928,913,32,53,2,53,susquehanna70,NA,pedersje01,Jeff Pedersen,Pedersen Jeff,Gilbertsville,NY,USA,NA,NA
2023,Canoe,U5,oc2cruisersenior,2,34362,928,913,32,53,2,53,susquehanna70,NA,wagnered01,Ed Wagner,Wagner Ed,Auburn,NY,USA,NA,NA
2014,Canoe,E6,oc2stock,11,34363,929,914,53,123,11,121,susquehanna70,NA,NA,Doug Brooks,Brooks Doug,Washington,DC,USA,NA,NA
2014,Canoe,E6,oc2stock,11,34363,929,914,53,123,11,121,susquehanna70,NA,NA,William Bechtold,Bechtold William,Chester,MD,USA,NA,NA
2015,Canoe,E5,oc2stock,2,34369,930,915,54,73,2,73,susquehanna70,NA,NA,Jamie Doucett,Doucett Jamie,Andover,MA,USA,NA,NA
2015,Canoe,E5,oc2stock,2,34369,930,915,54,73,2,73,susquehanna70,NA,burkesh01,Shawn Burke,Burke Shawn,Andover,MA,USA,NA,NA
2023,Canoe,T3,oc2cruiser,3,34370,931,916,70,54,3,54,susquehanna70,NA,galipeda01,Damon Galipeau,Galipeau Damon,Indian Island,ME,USA,Team Wabanaki,NA
2023,Canoe,T3,oc2cruiser,3,34370,931,916,70,54,3,54,susquehanna70,NA,galipebe01,"Apemesim ""Bem"" Galipeau",Galipeau Apemesim,Indian Island ,ME,USA,Team Wabanaki,NA
2022,Canoe,P4,oc2pro,46,34371,932,917,417,70,46,69,susquehanna70,NA,phamth01,Thina Pham,Pham Thina,Saint Georges,QC,CAN,NA,NA
2022,Canoe,P4,oc2pro,46,34371,932,917,417,70,46,69,susquehanna70,NA,NA,Caroline Fortin,Fortin Caroline,Saint-Georges,QC,CAN,NA,NA
2018,Kayak,KL3,k1unlimited,1,34373,933,10,10,112,1,1,susquehanna70,NA,visserei01,Eileen Visser,Visser Eileen,Potsdam,NY,USA,NA,NA
2017,Canoe,E11,oc2stock,7,34377,934,918,55,110,7,110,susquehanna70,NA,leetda01,Dana Leet,Leet Dana,Smethport,PA,USA,NA,NA
2017,Canoe,E11,oc2stock,7,34377,934,918,55,110,7,110,susquehanna70,NA,goocheji01,Jim Goochee,Goochee Jim,Port Allegany,PA,USA,NA,NA
2014,Canoe,E9,oc2stock,12,34391,935,919,56,124,12,122,susquehanna70,NA,fande01,Desmond Fan,Fan Desmond,Scarborough,ON,CAN,NA,NA
2014,Canoe,E9,oc2stock,12,34391,935,919,56,124,12,122,susquehanna70,NA,mokansma01,Matthew Mokanski,Mokanski Matthew,North York,ON,CAN,NA,NA
2016,Canoe,T8,oc2cruiser,11,34392,936,920,71,99,11,97,susquehanna70,NA,colliejo01,John Collier,Collier John,Richmondville,NY,USA,NA,NA
2016,Canoe,T8,oc2cruiser,11,34392,936,920,71,99,11,97,susquehanna70,NA,colliest01,Steven Collier,Collier Steven,Cooperstown,NY,USA,NA,NA
2014,Canoe,D4,oc2recmix,1,34406,937,921,1,125,1,123,susquehanna70,NA,linklabo01,Bonnie Linklater,Linklater Bonnie,Nelson House,MB,CAN,NA,NA
2014,Canoe,D4,oc2recmix,1,34406,937,921,1,125,1,123,susquehanna70,NA,NA,Richard Bunn,Bunn Richard,Nelson House,MB,CAN,NA,NA
2015,Kayak,KL8,k1unlimited,1,34406,938,11,11,74,1,1,susquehanna70,NA,wilteyda01,David Wiltey,Wiltey David,Johnstown,NY,USA,NA,NA
2014,Canoe,F1,oc2stockmix,2,34427,939,922,14,126,2,124,susquehanna70,NA,paradial01,Alan Paradise,Paradise Alan,Pittsfield,NH,USA,NA,NA
2014,Canoe,F1,oc2stockmix,2,34427,939,922,14,126,2,124,susquehanna70,NA,paradish01,Shelby Paradise,Paradise Shelby,Pittsfield,NH,USA,NA,NA
2023,Canoe,T8,oc2cruiser,4,34433,940,923,72,55,4,55,susquehanna70,NA,kingma01,Matt King,King Matt,Athol,MA,USA,NA,NA
2023,Canoe,T8,oc2cruiser,4,34433,940,923,72,55,4,55,susquehanna70,NA,heedpe01,Peter Heed,Heed Peter,Keene,NH,USA,NA,NA
2015,Canoe,S2,oc1pro,8,34436,941,924,59,75,8,74,susquehanna70,NA,youngjo01,John Young,Young John,Portlandville,NY,USA,NA,NA
2024,Canoe,X5,oc2cruisermix,3,34445,942,925,81,69,3,69,susquehanna70,NA,defeoje01,Jeff Defeo,Defeo Jeff,Montgomery,MA,USA,NA,NA
2024,Canoe,X5,oc2cruisermix,3,34445,942,925,81,69,3,69,susquehanna70,NA,NA,Brigid Deleo,Deleo Brigid,Gaylord,MI,USA,NA,NA
2022,Canoe,X3,oc2cruisermix,4,34445,943,926,82,71,4,70,susquehanna70,NA,collieer01,Erica Collier,Collier Erica,Cooperstown,NY,USA,Collier kids,NA
2022,Canoe,X3,oc2cruisermix,4,34445,943,926,82,71,4,70,susquehanna70,NA,colliejo01,John Collier,Collier John,Richmondville,NY,USA,Collier kids,NA
2016,Canoe,X7,oc2cruisermix,13,34458,944,927,83,100,13,98,susquehanna70,NA,boogemre01,Rene Boogemans,Boogemans Rene,Hensall,ON,CAN,NA,NA
2016,Canoe,X7,oc2cruisermix,13,34458,944,927,83,100,13,98,susquehanna70,NA,NA,Sharilynn Johnston,Johnston Sharilynn,Sarnia,ON,CAN,NA,NA
2015,Canoe,X7,oc2cruisermix,8,34464,945,928,84,76,8,75,susquehanna70,NA,careyde01,Dennis Carey,Carey Dennis,Orange,MA,USA,NA,NA
2015,Canoe,X7,oc2cruisermix,8,34464,945,928,84,76,8,75,susquehanna70,NA,warnerkr01,Kristen Warner,Warner Kristen,Westmoreland,NH,USA,NA,NA
2014,Canoe,G7,open,6,34479,946,929,7,127,6,125,susquehanna70,NA,watsonbr01,Brian Watson,Watson Brian,Watertown,NY,USA,NA,NA
2014,Canoe,G7,open,6,34479,946,929,7,127,6,125,susquehanna70,NA,NA,Charles Goodnough,Goodnough Charles,Theresa,NY,USA,NA,NA
2016,Canoe,U5,oc2cruisersenior,5,34490,947,930,33,101,5,99,susquehanna70,NA,ulbricdi01,Dick Ulbrich,Ulbrich Dick,Weston,MA,USA,NA,NA
2016,Canoe,U5,oc2cruisersenior,5,34490,947,930,33,101,5,99,susquehanna70,NA,warnerto01,Tom Warner,Warner Tom,Westmoreland,NH,USA,NA,NA
2017,Canoe,V2,oc2cruisermaster,5,34491,948,931,47,111,5,111,susquehanna70,NA,lewisjo01,John Lewis,Lewis John,Bainbridge,NY,USA,NA,NA
2017,Canoe,V2,oc2cruisermaster,5,34491,948,931,47,111,5,111,susquehanna70,NA,bauerlpe01,Peter Bauerle,Bauerle Peter,Bainbridge,NY,USA,NA,NA
2015,Canoe,X11,oc2cruisermix,9,34495,949,932,85,77,9,76,susquehanna70,NA,collieer01,Erica Collier,Collier Erica,Cooperstown,NY,USA,NA,NA
2015,Canoe,X11,oc2cruisermix,9,34495,949,932,85,77,9,76,susquehanna70,NA,colliejo01,John Collier,Collier John,Richmondville,NY,USA,NA,NA
2022,Canoe,T3,oc2cruiser,3,34523,950,933,73,72,3,71,susquehanna70,NA,bramanbr01,Bruce Braman,Braman Bruce,Greene,NY,USA,Braman Canoe Team,NA
2022,Canoe,T3,oc2cruiser,3,34523,950,933,73,72,3,71,susquehanna70,NA,bramanma02,Matthew Braman,Braman Matthew,Greene,NY,USA,Braman Canoe Team,NA
2025,Unknown,G6,opentour,2,34524,951,7,9,101,2,2,susquehanna70,NA,gilesam01,Amber Giles,Giles Amber,Bainbridge ,NY,USA,NA,NA
2025,Unknown,G6,opentour,2,34524,951,7,9,101,2,2,susquehanna70,NA,fisherdu01,Duke Fisher,Fisher Duke,Bainbridge,NY,USA,NA,NA
2018,Canoe,X3,oc2cruisermix,9,34528,952,934,86,113,9,112,susquehanna70,NA,rabinkda01,Daniel Rabinkin,Rabinkin Daniel,Lexington,MA,USA,NA,NA
2018,Canoe,X3,oc2cruisermix,9,34528,952,934,86,113,9,112,susquehanna70,NA,reinerpr01,Priscilla Reinertsen,Reinertsen Priscilla,Contoocook,NH,USA,NA,NA
2015,Canoe,X4,oc2cruisermix,10,34529,953,935,87,78,10,77,susquehanna70,NA,vincenbo01,Bob Vincent,Vincent Bob,Dorchester,ON,CAN,NA,NA
2015,Canoe,X4,oc2cruisermix,10,34529,953,935,87,78,10,77,susquehanna70,NA,haymangw01,Gwyn Hayman,Hayman Gwyn,London,ON,CAN,NA,NA
2016,Canoe,X10,oc2cruisermix,14,34532,954,936,88,102,14,100,susquehanna70,NA,mclainle01,Leza McLain,McLain Leza,Chesapeake,VA,USA,NA,NA
2016,Canoe,X10,oc2cruisermix,14,34532,954,936,88,102,14,100,susquehanna70,NA,mclainru01,Rusty McLain,McLain Rusty,Chesapeake,VA,USA,NA,NA
2019,Canoe,L2,oc1master,4,34560,955,937,32,127,4,120,susquehanna70,NA,creighcr01,Craig Creighton,Creighton Craig,East Lindsay,ON,CAN,NA,NA
2018,Canoe,F5,oc2stockmix,2,34573,956,938,15,114,2,113,susquehanna70,NA,petersjo01,John Peterson,Peterson John,Franklin,NY,USA,NA,NA
2018,Canoe,F5,oc2stockmix,2,34573,956,938,15,114,2,113,susquehanna70,NA,NA,Elizabeth Peterson,Peterson Elizabeth,Franklin,NY,USA,NA,NA
2016,Canoe,B10,oc4stock,8,34576,957,939,50,103,8,101,susquehanna70,NA,culberca01,Carol Culbertson,Culbertson Carol,Exeter,NH,USA,NA,NA
2016,Canoe,B10,oc4stock,8,34576,957,939,50,103,8,101,susquehanna70,NA,jeanesju01,Judy Jeanes,Jeanes Judy,Devon,PA,USA,NA,NA
2016,Canoe,B10,oc4stock,8,34576,957,939,50,103,8,101,susquehanna70,NA,ewingju01,Julia Ewing,Ewing Julia,Pottstown,PA,USA,NA,NA
2016,Canoe,B10,oc4stock,8,34576,957,939,50,103,8,101,susquehanna70,NA,eatonma01,Marilyn Eaton,Eaton Marilyn,Pottstown,PA,USA,NA,NA
2017,Kayak,KL8,k1unlimited,1,34578,958,12,12,112,1,1,susquehanna70,NA,wilteyda01,David Wiltey,Wiltey David,Johnstown,NY,USA,NA,NA
2016,Canoe,A5,oc2stockalum,1,34613,959,940,5,104,1,102,susquehanna70,NA,walleybi01,Bill Walley,Walley Bill,Walton,NY,USA,NA,NA
2016,Canoe,A5,oc2stockalum,1,34613,959,940,5,104,1,102,susquehanna70,NA,walleybr01,Brian Walley,Walley Brian,Walton,NY,USA,NA,NA
2017,Canoe,E10,oc2stock,8,34619,960,941,57,113,8,112,susquehanna70,NA,sherwobr01,Brett Sherwood,Sherwood Brett,Morris,NY,USA,NA,NA
2017,Canoe,E10,oc2stock,8,34619,960,941,57,113,8,112,susquehanna70,NA,lullna01,Nate Lull,Lull Nate,Gilbertsville,NY,USA,NA,NA
2019,Canoe,F3,oc2stockmix,6,34635,961,942,16,128,6,121,susquehanna70,NA,gergke01,Ken Gerg,Gerg Ken,Emporium,PA,USA,NA,NA
2019,Canoe,F3,oc2stockmix,6,34635,961,942,16,128,6,121,susquehanna70,NA,jeanesju01,Judy Jeanes,Jeanes Judy,Wayne,PA,USA,NA,NA
2014,Canoe,T6,oc2cruiser,9,34640,962,943,74,128,9,126,susquehanna70,NA,danforbr01,Brian Danforth,Danforth Brian,Unadilla,NY,USA,NA,NA
2014,Canoe,T6,oc2cruiser,9,34640,962,943,74,128,9,126,susquehanna70,NA,buelky01,Kyle Buel,Buel Kyle,Franklin,NY,USA,NA,NA
2023,Canoe,T5,oc2cruiser,5,34661,963,944,75,56,5,56,susquehanna70,NA,jordansc01,Scott Jordan,Jordan Scott,Otego,NY,USA,Jordan-Himes,NA
2023,Canoe,T5,oc2cruiser,5,34661,963,944,75,56,5,56,susquehanna70,NA,NA,Michael Himes,Himes Michael,Otego,NY,USA,Jordan-Himes,NA
2015,Canoe,X8,oc2cruisermix,11,34669,964,945,89,79,11,78,susquehanna70,NA,boogemre01,Rene Boogemans,Boogemans Rene,Hensall,ON,CAN,NA,NA
2015,Canoe,X8,oc2cruisermix,11,34669,964,945,89,79,11,78,susquehanna70,NA,NA,Sharilynn Johnston,Johnston Sharilynn,Sarnia,ON,CAN,NA,NA
2017,Canoe,J2,oc1,3,34670,965,946,17,114,3,113,susquehanna70,NA,swislobo01,Bob Swislosky,Swislosky Bob,Knoxville,TN,USA,NA,NA
2022,Canoe,V5,oc2cruisermaster,5,34679,966,947,48,73,5,72,susquehanna70,NA,mallerti01,Tim Mallery,Mallery Tim,South Williamsport,PA,USA,Delhi Badbunch,NA
2022,Canoe,V5,oc2cruisermaster,5,34679,966,947,48,73,5,72,susquehanna70,NA,breenge01,Gerry Breen,Breen Gerry,Brooklyn,NY,USA,Delhi Badbunch,NA
2018,Canoe,T7,oc2cruiser,10,34681,967,948,76,115,10,114,susquehanna70,NA,daviauya01,yannick daviault,daviault yannick,trois-rivieres,QC,CAN,NA,NA
2018,Canoe,T7,oc2cruiser,10,34681,967,948,76,115,10,114,susquehanna70,NA,daviauga01,Gaetan daviault,daviault Gaetan,trois-riviieres,QC,CAN,NA,NA
2022,Canoe,T7,oc2cruiser,4,34685,968,949,77,74,4,73,susquehanna70,NA,vandorda01,David Vandorpe,Vandorpe David,Haverhill,MA,USA,Team Hartt & Ranco,NA
2022,Canoe,T7,oc2cruiser,4,34685,968,949,77,74,4,73,susquehanna70,NA,rancoma01,Mark Ranco,Ranco Mark,Bangor,ME,USA,Team Hartt & Ranco,NA
2024,Canoe,S7,oc1pro,4,34694,969,950,60,70,4,70,susquehanna70,NA,chapplti01,Tim Chapple,Chapple Tim,Interlochen,MI,USA,NA,NA
2022,Canoe,V7,oc2cruisermaster,6,34695,970,951,49,75,6,74,susquehanna70,NA,anderswi01,William Anderson,Anderson William,Thorndike,ME,USA,NA,NA
2022,Canoe,V7,oc2cruisermaster,6,34695,970,951,49,75,6,74,susquehanna70,NA,gauseri01,Rick Gause,Gause Rick,North Yarmouth,ME,USA,NA,NA
2024,Canoe,L3,oc1master,1,34697,971,952,33,71,1,71,susquehanna70,NA,corbetst01,Steve Corbett,Corbett Steve,New Market,MD,USA,NA,NA
2017,Canoe,X23,oc2cruisermix,17,34703,972,953,90,115,17,114,susquehanna70,NA,adamsksh01,Sharon Adamski,Adamski Sharon,Norristown,PA,USA,NA,NA
2017,Canoe,X23,oc2cruisermix,17,34703,972,953,90,115,17,114,susquehanna70,NA,NA,Richard Leone,Leone Richard,Elverson,PA,USA,NA,NA
2025,Canoe,E10,oc2stock,6,34722,973,954,58,102,6,98,susquehanna70,NA,NA,Zachary Wheeler,Wheeler Zachary,Sidney,NY,USA,TFI 2,NA
2025,Canoe,E10,oc2stock,6,34722,973,954,58,102,6,98,susquehanna70,NA,NA,Gunner Ives,Ives Gunner,Bainbridge ,NY,USA,TFI 2,NA
2023,Canoe,P2,oc2pro,42,34727,974,955,418,57,42,57,susquehanna70,NA,schillma01,Maria Schilling,Schilling Maria,Minneapolis,MN,USA,Schilling/Wilson,NA
2023,Canoe,P2,oc2pro,42,34727,974,955,418,57,42,57,susquehanna70,NA,wilsonch01,Christina Wilson,Wilson Christina,Durham,NH,USA,Schilling/Wilson,NA
2017,Canoe,Y4,oc2cruiserwomen,5,34731,975,956,19,116,5,115,susquehanna70,NA,jeanesju01,Judy Jeanes,Jeanes Judy,Wayne,PA,USA,NA,NA
2017,Canoe,Y4,oc2cruiserwomen,5,34731,975,956,19,116,5,115,susquehanna70,NA,ewingju01,Julia Ewing,Ewing Julia,Philadelphia,PA,USA,NA,NA
2015,Canoe,L2,oc1master,2,34741,976,957,34,80,2,79,susquehanna70,NA,frederla01,Larry Frederick,Frederick Larry,Dunnellon,FL,USA,NA,NA
2015,Kayak,KL7,k1unlimited,2,34749,977,13,13,81,2,2,susquehanna70,NA,nugentbo01,Bob Nugent,Nugent Bob,Binghamton,NY,USA,NA,NA
2018,Canoe,F2,oc2stockmix,3,34767,978,958,17,116,3,115,susquehanna70,NA,gallaner01,Eric Gallandt,Gallandt Eric,Orono,ME,USA,NA,NA
2018,Canoe,F2,oc2stockmix,3,34767,978,958,17,116,3,115,susquehanna70,NA,rubinha01,Hannah Rubin,Rubin Hannah,NA,NA,NA,NA,NA
2017,Canoe,T10,oc2cruiser,13,34773,979,959,78,117,13,116,susquehanna70,NA,ralstowi01,William Ralston,Ralston William,Cooperstown,NY,USA,NA,NA
2017,Canoe,T10,oc2cruiser,13,34773,979,959,78,117,13,116,susquehanna70,NA,NA,Daniel Ralston,Ralston Daniel,Cooperstown,NY,USA,NA,NA
2017,Canoe,F4,oc2stockmix,2,34776,980,960,18,118,2,117,susquehanna70,NA,soccian01,Annie Socci,Socci Annie,Saegertown,PA,USA,NA,NA
2017,Canoe,F4,oc2stockmix,2,34776,980,960,18,118,2,117,susquehanna70,NA,NA,Patrick Maloney,Maloney Patrick,Venango,PA,USA,NA,NA
2016,Canoe,E3,oc2stock,4,34794,981,961,59,105,4,103,susquehanna70,NA,whitiner01,Erik Whiting,Whiting Erik,Ledyard,CT,USA,NA,NA
2016,Canoe,E3,oc2stock,4,34794,981,961,59,105,4,103,susquehanna70,NA,NA,William Whiting,Whiting William,Fultonville,NY,USA,NA,NA
2025,Canoe,B1,oc4stock,4,34800,982,962,51,103,4,99,susquehanna70,NA,NA,William Parry,Parry William,Morrisville,NY,USA,DriftWood,NA
2025,Canoe,B1,oc4stock,4,34800,982,962,51,103,4,99,susquehanna70,NA,NA,Squiggy Hagan,Hagan Squiggy,Cazenoiva,NY,USA,DriftWood,NA
2025,Canoe,B1,oc4stock,4,34800,982,962,51,103,4,99,susquehanna70,NA,NA,Erick Schwartz,Schwartz Erick,Cazenovia,NY,USA,DriftWood,NA
2025,Canoe,B1,oc4stock,4,34800,982,962,51,103,4,99,susquehanna70,NA,NA,Tim Aubertine,Aubertine Tim,Manlius,NY,USA,DriftWood,NA
2025,Canoe,X5,oc2cruisermix,6,34807,983,963,91,104,6,100,susquehanna70,NA,colliest01,Steve Collier,Collier Steve,Cooperstown,NY,USA,Collier Family,NA
2025,Canoe,X5,oc2cruisermix,6,34807,983,963,91,104,6,100,susquehanna70,NA,NA,Erin Collier,Collier Erin,Cooperstown,NY,USA,Collier Family,NA
2024,Canoe,B2,oc4stock,1,34813,984,964,52,72,1,72,susquehanna70,NA,NA,Artie Bigsby,Bigsby Artie,Cazenovia,NY,USA,Team NRS,NA
2024,Canoe,B2,oc4stock,1,34813,984,964,52,72,1,72,susquehanna70,NA,snyderja01,Jake Snyder,Snyder Jake,Ithaca,NY,USA,Team NRS,NA
2024,Canoe,B2,oc4stock,1,34813,984,964,52,72,1,72,susquehanna70,NA,gianfaan01,Tony Gianfagna,Gianfagna Tony,Evans Mills,NY,USA,Team NRS,NA
2024,Canoe,B2,oc4stock,1,34813,984,964,52,72,1,72,susquehanna70,NA,gianfach01,Chip Gianfagna,Gianfagna Chip,Watertown,NY,USA,Team NRS,NA
2014,Canoe,C2,oc2rec,3,34822,985,965,4,129,3,127,susquehanna70,NA,joyge01,Gerard Joy,Joy Gerard,Morris,NY,USA,NA,NA
2014,Canoe,C2,oc2rec,3,34822,985,965,4,129,3,127,susquehanna70,NA,NA,John Bugyi,Bugyi John,New Lisbon,NY,USA,NA,NA
2018,Canoe,L7,oc1master,5,34824,986,966,35,117,5,116,susquehanna70,NA,siegfrwi01,Will Siegfried,Siegfried Will,Potsdam,NY,USA,NA,NA
2019,Canoe,C1,oc2rec,1,34840,987,967,5,129,1,122,susquehanna70,NA,vanderri01,Rik Vandermeulen,Vandermeulen Rik,Unadilla,NY,USA,NA,NA
2019,Canoe,C1,oc2rec,1,34840,987,967,5,129,1,122,susquehanna70,NA,bonnaral01,Alex Bonnar,Bonnar Alex,Burlington,MA,USA,NA,NA
2022,Canoe,V8,oc2cruisermaster,7,34845,988,968,50,76,7,75,susquehanna70,NA,idesc01,Scott Ide,Ide Scott,Framingham ,MA,USA,We Love Bob Allen,NA
2022,Canoe,V8,oc2cruisermaster,7,34845,988,968,50,76,7,75,susquehanna70,NA,allenti01,Tim Allen,Allen Tim,Westfield,MA,USA,We Love Bob Allen,NA
2016,Canoe,E16,oc2stock,5,34859,989,969,60,106,5,104,susquehanna70,NA,deabrmi01,Mike De Abreu,De Abreu Mike,Arnprior,ON,CAN,NA,NA
2016,Canoe,E16,oc2stock,5,34859,989,969,60,106,5,104,susquehanna70,NA,phillito01,Tom Phillips,Phillips Tom,Gloucester,ON,CAN,NA,NA
2018,Canoe,V6,oc2cruisermaster,8,34869,990,970,51,118,8,117,susquehanna70,NA,danforbr01,Brian Danforth,Danforth Brian,Unadilla,NY,USA,NA,NA
2018,Canoe,V6,oc2cruisermaster,8,34869,990,970,51,118,8,117,susquehanna70,NA,buelky01,Kyle Buel,Buel Kyle,Unadilla,NY,USA,NA,NA
2018,Canoe,L10,oc1master,6,34891,991,971,36,119,6,118,susquehanna70,NA,anderswi01,William Anderson,Anderson William,Morrill,ME,USA,NA,NA
2015,Canoe,X1,oc2cruisermix,12,34899,992,972,92,82,12,80,susquehanna70,NA,NA,Glen Cooley,Cooley Glen,Scotia,NY,USA,NA,NA
2015,Canoe,X1,oc2cruisermix,12,34899,992,972,92,82,12,80,susquehanna70,NA,cooleyli01,Linda Cooley,Cooley Linda,Scotia,NY,USA,NA,NA
2024,Canoe,L1,oc1master,2,34900,993,973,37,73,2,73,susquehanna70,NA,hainesru01,Russel Haines,Haines Russel,Corsica,PA,USA,NA,NA
2016,Canoe,L15,oc1master,3,34903,994,974,38,107,3,105,susquehanna70,NA,anderswi01,William Anderson,Anderson William,Morrill,ME,USA,NA,NA
2017,Canoe,L10,oc1master,6,34909,995,975,39,119,6,118,susquehanna70,NA,allenbo01,Bob Allen,Allen Bob,Westfield,MA,USA,NA,NA
2017,Canoe,E14,oc2stock,9,34925,996,976,61,120,9,119,susquehanna70,NA,whitiner01,Erik Whiting,Whiting Erik,Ledyard,CT,USA,NA,NA
2017,Canoe,E14,oc2stock,9,34925,996,976,61,120,9,119,susquehanna70,NA,NA,William Whiting,Whiting William,Fultonville,NY,USA,NA,NA
2018,Canoe,B10,oc4stock,9,34935,997,977,53,120,9,119,susquehanna70,NA,neugebri01,Richard Neugebauer,Neugebauer Richard,Skaneateles,NY,USA,NA,NA
2018,Canoe,B10,oc4stock,9,34935,997,977,53,120,9,119,susquehanna70,NA,NA,Lincoln Fancher,Fancher Lincoln,Lacona,NY,USA,NA,NA
2018,Canoe,B10,oc4stock,9,34935,997,977,53,120,9,119,susquehanna70,NA,crouchho01,Holly Crouch,Crouch Holly,Sherburne,NY,USA,NA,NA
2018,Canoe,B10,oc4stock,9,34935,997,977,53,120,9,119,susquehanna70,NA,mcintysu01,Sue McIntyre,McIntyre Sue,Mount Upton,NY,USA,NA,NA
2014,Canoe,A2,oc2stockalum,2,34939,998,978,6,130,2,128,susquehanna70,NA,bannerlu01,Luke Banner,Banner Luke,Cooperstown,NY,USA,NA,NA
2014,Canoe,A2,oc2stockalum,2,34939,998,978,6,130,2,128,susquehanna70,NA,collieto01,Todd Collier,Collier Todd,Cooperstown,NY,USA,NA,NA
2016,Canoe,V2,oc2cruisermaster,7,34943,999,979,52,108,7,106,susquehanna70,NA,lewisjo01,John Lewis,Lewis John,Bainbridge,NY,USA,NA,NA
2016,Canoe,V2,oc2cruisermaster,7,34943,999,979,52,108,7,106,susquehanna70,NA,bauerlpe01,Peter Bauerle,Bauerle Peter,Bainbridge,NY,USA,NA,NA
2024,Canoe,X10,oc2cruisermix,4,34950,1000,980,93,74,4,74,susquehanna70,NA,siegfrwi01,Will Siegfried,Siegfried Will,Potsdam,NY,USA,SLVP,NA
2024,Canoe,X10,oc2cruisermix,4,34950,1000,980,93,74,4,74,susquehanna70,NA,visserei01,Eileen Visser,Visser Eileen,Potsdam,NY,USA,SLVP,NA
2014,Kayak,KL6,k1unlimited,3,34952,1001,14,14,131,3,3,susquehanna70,NA,mcconado01,Don McConaghy,McConaghy Don,Haddon Twp,NJ,USA,NA,NA
2016,Canoe,X2,oc2cruisermix,15,34970,1002,981,94,109,15,107,susquehanna70,NA,rossgi01,Gil Ross,Ross Gil,Staten Island,NY,USA,NA,NA
2016,Canoe,X2,oc2cruisermix,15,34970,1002,981,94,109,15,107,susquehanna70,NA,lenschli01,Linda Lensch,Lensch Linda,Tinton Falls,NJ,USA,NA,NA
2014,Canoe,R2,oc1stock,4,34976,1003,982,5,132,4,129,susquehanna70,NA,gallaner01,Eric Gallandt,Gallandt Eric,Orono,ME,USA,NA,NA
2022,Canoe,J4,oc1,1,34989,1004,983,18,77,1,76,susquehanna70,NA,plourdga01,Gaetan Plourde,Plourde Gaetan,North Gower,ON,CAN,Perfect Storm,NA
2017,Canoe,L8,oc1master,7,34998,1005,984,40,121,7,120,susquehanna70,NA,frederla01,Larry Frederick,Frederick Larry,Dunnellon,FL,USA,NA,NA
2018,Canoe,E5,oc2stock,11,35002,1006,985,62,121,11,120,susquehanna70,NA,herrmast01,Steve Herrmann,Herrmann Steve,West Oneonta,NY,USA,NA,NA
2018,Canoe,E5,oc2stock,11,35002,1006,985,62,121,11,120,susquehanna70,NA,birdsajo01,John Birdsall,Birdsall John,Gilbertsville,NY,USA,NA,NA
2019,Canoe,E18,oc2stock,15,35004,1007,986,63,130,15,123,susquehanna70,NA,sherwobr01,Brett Sherwood,Sherwood Brett,Morris,NY,USA,NA,NA
2019,Canoe,E18,oc2stock,15,35004,1007,986,63,130,15,123,susquehanna70,NA,stittda01,Dave Stitt,Stitt Dave,Boonville,NY,USA,NA,NA
2016,Canoe,L3,oc1master,4,35017,1008,987,41,110,4,108,susquehanna70,NA,frederla01,Larry Frederick,Frederick Larry,Dunnellon,FL,USA,NA,NA
2022,Canoe,U3,oc2cruisersenior,3,35023,1009,988,34,78,3,77,susquehanna70,NA,casalejo01,John Casale,Casale John,Southampton ,MA,USA,NA,NA
2022,Canoe,U3,oc2cruisersenior,3,35023,1009,988,34,78,3,77,susquehanna70,NA,dugasda01,David Dugas,Dugas David,Orange,MA,USA,NA,NA
2022,Canoe,P28,oc2pro,47,35024,1010,989,419,79,47,78,susquehanna70,NA,killinje01,Jerry Killingbeck,Killingbeck Jerry,East Tawas,NA,NA,Wojahn-Killingbeck,NA
2022,Canoe,P28,oc2pro,47,35024,1010,989,419,79,47,78,susquehanna70,NA,wojahnke01,Keith Wojahn,Wojahn Keith,Tawas City,MI,USA,Wojahn-Killingbeck,NA
2018,Canoe,X4,oc2cruisermix,10,35031,1011,990,95,122,10,121,susquehanna70,NA,evenjo01,Joan Even,Even Joan,Cedar Rapids,IA,USA,NA,NA
2018,Canoe,X4,oc2cruisermix,10,35031,1011,990,95,122,10,121,susquehanna70,NA,hansenfr01,Fritz Hansen,Hansen Fritz,Burlington,WI,USA,NA,NA
2016,Unknown,G12,open,1,35032,1012,8,8,111,1,1,susquehanna70,NA,robinsmi02,Miranda Robinson,Robinson Miranda,Highland Falls,NY,USA,NA,NA
2016,Unknown,G12,open,1,35032,1012,8,8,111,1,1,susquehanna70,NA,robinsro01,Rodney Robinson,Robinson Rodney,Otego,NY,USA,NA,NA
2022,Canoe,V10,oc2cruisermaster,8,35039,1013,991,53,80,8,79,susquehanna70,NA,newmanje01,Jeff Newman,Newman Jeff,Unadilla,NY,USA,NA,NA
2022,Canoe,V10,oc2cruisermaster,8,35039,1013,991,53,80,8,79,susquehanna70,NA,maierjo01,John Maier,Maier John,Otego,NY,USA,NA,NA
2016,Canoe,F4,oc2stockmix,1,35039,1014,992,19,112,1,109,susquehanna70,NA,visserei01,Eileen Visser,Visser Eileen,Potsdam,NY,USA,NA,NA
2016,Canoe,F4,oc2stockmix,1,35039,1014,992,19,112,1,109,susquehanna70,NA,siegfrwi01,Will Siegfried,Siegfried Will,Potsdam,NY,USA,NA,NA
2022,Canoe,E5,oc2stock,2,35042,1015,993,64,81,2,80,susquehanna70,NA,mclainga01,Gary McLain,McLain Gary,Ballston Spa,NY,USA,Patâ€™s Team,NA
2022,Canoe,E5,oc2stock,2,35042,1015,993,64,81,2,80,susquehanna70,NA,amellji01,Jim Amell,Amell Jim,Gansevoort,NY,USA,Patâ€™s Team,NA
2025,Unknown,G1,opentour,3,35071,1016,9,10,105,3,3,susquehanna70,NA,ciampaal01,Alex Ciampa,Ciampa Alex,Methuen,MA,USA,Straight outta rehab,NA
2023,Canoe,S4,oc1pro,4,35074,1017,994,61,58,4,58,susquehanna70,NA,martinca01,Carlos Martinez,Martinez Carlos,Montreal,QC,CAN,I love tacos,NA
2017,Canoe,F6,oc2stockmix,3,35079,1018,995,20,122,3,121,susquehanna70,NA,lafeveja01,Jim LaFever,LaFever Jim,Unadilla,NY,USA,NA,NA
2017,Canoe,F6,oc2stockmix,3,35079,1018,995,20,122,3,121,susquehanna70,NA,lafeveam01,Amy Lafever,Lafever Amy,Unadilla,NY,USA,NA,NA
2019,Canoe,E7,oc2stock,16,35097,1019,996,65,131,16,124,susquehanna70,NA,nicoloja01,James Nicoloff,Nicoloff James,Hornell,NY,USA,NA,NA
2019,Canoe,E7,oc2stock,16,35097,1019,996,65,131,16,124,susquehanna70,NA,buchhobl01,Blair Buchholz,Buchholz Blair,Wellsville,NY,USA,NA,NA
2015,Canoe,E15,oc2stock,3,35113,1020,997,66,83,3,81,susquehanna70,NA,bergdo01,Doug Berg,Berg Doug,Excelsior,MN,USA,NA,NA
2015,Canoe,E15,oc2stock,3,35113,1020,997,66,83,3,81,susquehanna70,NA,zophygr01,Greg Zophy,Zophy Greg,St. Paul,MN,USA,NA,NA
2017,Canoe,F5,oc2stockmix,4,35114,1021,998,21,123,4,122,susquehanna70,NA,petersjo01,John Peterson,Peterson John,Franklin,NY,USA,NA,NA
2017,Canoe,F5,oc2stockmix,4,35114,1021,998,21,123,4,122,susquehanna70,NA,NA,Elizabeth Peterson,Peterson Elizabeth,Franklin,NY,USA,NA,NA
2018,Canoe,J5,oc1,2,35117,1022,999,19,123,2,122,susquehanna70,NA,breierky01,Kyle Breier,Breier Kyle,Oneonta,NY,USA,NA,NA
2014,Canoe,G8,open,7,35119,1023,1000,9,133,7,130,susquehanna70,NA,bonnaral01,Alex Bonnar,Bonnar Alex,Burlington,MA,USA,NA,NA
2014,Canoe,G8,open,7,35119,1023,1000,9,133,7,130,susquehanna70,NA,vanderri01,Rik Vandermeulen,Vandermeulen Rik,Unadilla,NY,USA,NA,NA
2018,Canoe,G13,opentour,3,35142,1024,1001,11,124,3,123,susquehanna70,NA,mcduffri01,River McDuffie,McDuffie River,Robbins,NC,USA,NA,NA
2018,Canoe,G13,opentour,3,35142,1024,1001,11,124,3,123,susquehanna70,NA,mcduffwi01,William McDuffie,McDuffie William,Robbins,NC,USA,NA,NA
2023,Canoe,V1,oc2cruisermaster,2,35164,1025,1002,54,59,2,59,susquehanna70,NA,lyesiuni01,Nick Lyesiuk,Lyesiuk Nick,Orange,MA,USA,Brouillette HVAC,NA
2023,Canoe,V1,oc2cruisermaster,2,35164,1025,1002,54,59,2,59,susquehanna70,NA,bosske01,Kevin Boss,Boss Kevin,Swansea,MA,USA,Brouillette HVAC,NA
2018,Canoe,V3,oc2cruisermaster,9,35164,1026,1003,55,125,9,124,susquehanna70,NA,bauerlpe01,Peter Bauerle,Bauerle Peter,Bainbridge,NY,USA,NA,NA
2018,Canoe,V3,oc2cruisermaster,9,35164,1026,1003,55,125,9,124,susquehanna70,NA,lewisjo01,John Lewis,Lewis John,Bainbridge,NY,USA,NA,NA
2022,Canoe,L7,oc1master,2,35165,1027,1004,42,82,2,81,susquehanna70,NA,palmerbr01,Brayton Palmer,Palmer Brayton,Media,PA,USA,NA,NA
2015,Canoe,P34,oc2pro,34,35168,1028,1005,420,84,34,82,susquehanna70,Mens 50 & Over,gagnean01,Andre Gagne,Gagne Andre,La Tuque,QC,CAN,NA,NA
2015,Canoe,P34,oc2pro,34,35168,1028,1005,420,84,34,82,susquehanna70,Mens 50 & Over,greffayv01,Yves Greffard,Greffard Yves,La Tuque,QC,CAN,NA,NA
2019,Canoe,X12,oc2cruisermix,11,35169,1029,1006,96,132,11,125,susquehanna70,NA,walleybr01,Brian Walley,Walley Brian,Walton,NY,USA,NA,NA
2019,Canoe,X12,oc2cruisermix,11,35169,1029,1006,96,132,11,125,susquehanna70,NA,NA,Emma Walley,Walley Emma,Walton,NY,USA,NA,NA
2023,Canoe,S8,oc1pro,5,35173,1030,1007,62,60,5,60,susquehanna70,NA,chapplti01,Tim Chapple,Chapple Tim,Interlochen,MI,USA,NA,NA
2015,Canoe,L8,oc1master,3,35225,1031,1008,43,85,3,83,susquehanna70,NA,kostrabi01,Bill Kostra,Kostra Bill,Transfer,PA,USA,NA,NA
2015,Canoe,U1,oc2cruiserjrsr,1,35227,1032,1009,1,86,1,84,susquehanna70,NA,fitzgebr01,Briana Fitzgerald,Fitzgerald Briana,Scotia,NY,USA,NA,NA
2015,Canoe,U1,oc2cruiserjrsr,1,35227,1032,1009,1,86,1,84,susquehanna70,NA,fitzgepa01,Pam Fitzgerald,Fitzgerald Pam,Scotia,NY,USA,NA,NA
2024,Canoe,X11,oc2cruisermix,5,35230,1033,1010,97,75,5,75,susquehanna70,NA,trudelfr01,Francis Trudel,Trudel Francis,Shawinigan,QC,CAN,NA,NA
2024,Canoe,X11,oc2cruisermix,5,35230,1033,1010,97,75,5,75,susquehanna70,NA,NA,Émilie Lapointe,Lapointe Émilie,Shawinigan,QC,CAN,NA,NA
2015,Canoe,X2,oc2cruisermix,13,35235,1034,1011,98,87,13,85,susquehanna70,NA,schnelje01,Jeff Schnelle,Schnelle Jeff,Irma,WI,USA,NA,NA
2015,Canoe,X2,oc2cruisermix,13,35235,1034,1011,98,87,13,85,susquehanna70,NA,reinerpr01,Priscilla Reinertsen,Reinertsen Priscilla,Contoocook,NH,USA,NA,NA
2014,Canoe,Y5,oc2cruiserwomen,4,35235,1035,1012,20,134,4,131,susquehanna70,NA,rabuckca01,Carol Rabuck,Rabuck Carol,Philadelphia,PA,USA,NA,NA
2014,Canoe,Y5,oc2cruiserwomen,4,35235,1035,1012,20,134,4,131,susquehanna70,NA,williasu01,Susan Williams,Williams Susan,Secane,PA,USA,NA,NA
2015,Canoe,J2,oc1,2,35242,1036,1013,20,88,2,86,susquehanna70,NA,donovada01,Dan Donovan,Donovan Dan,Rochester,NY,USA,NA,NA
2019,Canoe,A3,oc2stockalum,2,35274,1037,1014,7,133,2,126,susquehanna70,NA,bannerlu01,Luke Banner,Banner Luke,Milford,NY,USA,NA,NA
2019,Canoe,A3,oc2stockalum,2,35274,1037,1014,7,133,2,126,susquehanna70,NA,collieto01,Todd Collier,Collier Todd,Cooperstown,NY,USA,NA,NA
2017,Canoe,T15,oc2cruiser,14,35276,1038,1015,79,124,14,123,susquehanna70,NA,danforbr01,Brian Danforth,Danforth Brian,Unadilla,NY,USA,NA,NA
2017,Canoe,T15,oc2cruiser,14,35276,1038,1015,79,124,14,123,susquehanna70,NA,buelky01,Kyle Buel,Buel Kyle,Unadilla,NY,USA,NA,NA
2023,Canoe,P37,oc2pro,43,35281,1039,1016,421,61,43,61,susquehanna70,NA,landicst01,Steve Landick,Landick Steve,Marquette,MI,USA,NA,NA
2023,Canoe,P37,oc2pro,43,35281,1039,1016,421,61,43,61,susquehanna70,NA,landicco01,Connor Landick,Landick Connor,Marquette,MI,USA,NA,NA
2024,Canoe,X2,oc2cruisermix,6,35299,1040,1017,99,76,6,76,susquehanna70,NA,NA,David Johnston,Johnston David,Sarnia,ON,CAN,Ziibi honey #1,NA
2024,Canoe,X2,oc2cruisermix,6,35299,1040,1017,99,76,6,76,susquehanna70,NA,NA,Sharilyn Johnston,Johnston Sharilyn,Sarnia,ON,CAN,Ziibi honey #1,NA
2023,Canoe,V4,oc2cruisermaster,3,35303,1041,1018,56,62,3,62,susquehanna70,NA,sandne01,Neal Sand,Sand Neal,Milton,VT,USA,Green Mountain Boys,NA
2023,Canoe,V4,oc2cruisermaster,3,35303,1041,1018,56,62,3,62,susquehanna70,NA,mcandrma01,Mark McAndrew,McAndrew Mark,East Hardwick,VT,USA,Green Mountain Boys,NA
2024,Canoe,S4,oc1pro,5,35305,1042,1019,63,77,5,77,susquehanna70,NA,leebr01,Bruce Lee,Lee Bruce,Port Crane,NY,USA,NA,NA
2016,Canoe,L13,oc1master,5,35321,1043,1020,44,113,5,110,susquehanna70,NA,armstrda01,David Armstrong,Armstrong David,Rockville,MD,USA,NA,NA
2019,Canoe,D2,oc2recmix,1,35365,1044,1021,2,134,1,127,susquehanna70,NA,NA,Gwen Ketchum,Ketchum Gwen,Mt Upton,NY,USA,NA,NA
2019,Canoe,D2,oc2recmix,1,35365,1044,1021,2,134,1,127,susquehanna70,NA,lafevedo01,Don LaFever,LaFever Don,Norwich,NY,USA,NA,NA
2025,Canoe,R3,oc1stock,1,35401,1045,1022,6,106,1,101,susquehanna70,NA,henninti01,Tim Henning,Henning Tim,Marion,NY,USA,NA,NA
2016,Canoe,E13,oc2stock,6,35412,1046,1023,67,114,6,111,susquehanna70,NA,birdsajo01,John Birdsall,Birdsall John,Gilbertsville,NY,USA,NA,NA
2016,Canoe,E13,oc2stock,6,35412,1046,1023,67,114,6,111,susquehanna70,NA,herrmast01,Steve Herrmann,Herrmann Steve,West Oneonta,NY,USA,NA,NA
2023,Canoe,E8,oc2stock,1,35438,1047,1024,68,63,1,63,susquehanna70,NA,macartse01,Seth Macarthur,Macarthur Seth,Staten Island,NY,USA,Larry's Heirs,NA
2023,Canoe,E8,oc2stock,1,35438,1047,1024,68,63,1,63,susquehanna70,NA,NA,Austin Henchey,Henchey Austin,Otego,NY,USA,Larry's Heirs,NA
2018,Canoe,G6,opentour,4,35451,1048,1025,12,126,4,125,susquehanna70,NA,bilsbari01,Richard Bilsback,Bilsback Richard,Webster,NY,USA,NA,NA
2018,Canoe,G6,opentour,4,35451,1048,1025,12,126,4,125,susquehanna70,NA,bilsbade01,Denise Bilsback,Bilsback Denise,Webster,NY,USA,NA,NA
2015,Canoe,T11,oc2cruiser,10,35457,1049,1026,80,89,10,87,susquehanna70,NA,allenbo01,Bob Allen,Allen Bob,Westfield,MA,USA,NA,NA
2015,Canoe,T11,oc2cruiser,10,35457,1049,1026,80,89,10,87,susquehanna70,NA,allenti01,Tim Allen,Allen Tim,Westfield,MA,USA,NA,NA
2015,Canoe,L3,oc1master,4,35463,1050,1027,45,90,4,88,susquehanna70,NA,ellswowi01,William Ellsworth,Ellsworth William,Orange,MA,USA,NA,NA
2025,Canoe,X8,oc2cruisermix,7,35472,1051,1028,100,107,7,102,susquehanna70,NA,NA,Claire Blaudeau,Blaudeau Claire,Herndon,VA,USA,Roro and the chicken,NA
2025,Canoe,X8,oc2cruisermix,7,35472,1051,1028,100,107,7,102,susquehanna70,NA,NA,Roan Chadsey,Chadsey Roan,Washington ,DC,USA,Roro and the chicken,NA
2018,Canoe,E15,oc2stock,12,35474,1052,1029,69,127,12,126,susquehanna70,NA,galipeda01,Damon Galipeau,Galipeau Damon,Indian Island,ME,USA,NA,NA
2018,Canoe,E15,oc2stock,12,35474,1052,1029,69,127,12,126,susquehanna70,NA,fremouke01,Kell Fremouw,Fremouw Kell,Orono,ME,USA,NA,NA
2023,Kayak,KL3,k1unlimited,1,35481,1053,15,15,64,1,1,susquehanna70,NA,gloverda01,Dale Glover,Glover Dale,Montgomery,PA,USA,NA,NA
2022,Canoe,F3,oc2stockmix,1,35498,1054,1030,22,83,1,82,susquehanna70,NA,visserei01,Eileen Visser,Visser Eileen,Potsdam,NY,USA,SLVP,NA
2022,Canoe,F3,oc2stockmix,1,35498,1054,1030,22,83,1,82,susquehanna70,NA,siegfrwi01,Will Siegfried,Siegfried Will,Potsdam,NY,USA,SLVP,NA
2018,Canoe,E14,oc2stock,13,35500,1055,1031,70,128,13,127,susquehanna70,NA,pinardpi01,Pierre Pinard,Pinard Pierre,L'Orignal,ON,CAN,NA,NA
2018,Canoe,E14,oc2stock,13,35500,1055,1031,70,128,13,127,susquehanna70,NA,rouxcl01,Claude Roux,Roux Claude,Vandreuil-Dorion,QC,CAN,NA,NA
2015,Canoe,E3,oc2stock,4,35516,1056,1032,71,91,4,89,susquehanna70,NA,whitiner01,Erik Whiting,Whiting Erik,Ledyard,CT,USA,NA,NA
2015,Canoe,E3,oc2stock,4,35516,1056,1032,71,91,4,89,susquehanna70,NA,NA,William Whiting,Whiting William,Fultonville,NY,USA,NA,NA
2023,Canoe,T10,oc2cruiser,6,35518,1057,1033,81,65,6,64,susquehanna70,NA,broderch01,Chris Broderson,Broderson Chris,Maple Grove,MN,USA,Broderson,NA
2023,Canoe,T10,oc2cruiser,6,35518,1057,1033,81,65,6,64,susquehanna70,NA,NA,Matthew Broderson,Broderson Matthew,Maple Grove,MN,USA,Broderson,NA
2023,Canoe,S10,oc1pro,6,35521,1058,1034,64,66,6,65,susquehanna70,NA,wernerer01,Erik Werner,Werner Erik,Philadelphia,PA,USA,Mighty Mouse Racing,NA
2017,Canoe,E7,oc2stock,10,35527,1059,1035,72,125,10,124,susquehanna70,NA,pinardpi01,Pierre Pinard,Pinard Pierre,L'Orignal,ON,CAN,NA,NA
2017,Canoe,E7,oc2stock,10,35527,1059,1035,72,125,10,124,susquehanna70,NA,gergke01,Ken Gerg,Gerg Ken,Emporium,PA,USA,NA,NA
2023,Canoe,X9,oc2cruisermix,2,35529,1060,1036,101,67,2,66,susquehanna70,NA,defeoje01,Jeff Defeo,Defeo Jeff,Huntington,MA,USA,NA,NA
2023,Canoe,X9,oc2cruisermix,2,35529,1060,1036,101,67,2,66,susquehanna70,NA,solakam01,Amy Solak,Solak Amy,Traverse City,MI,USA,NA,NA
2016,Canoe,X9,oc2cruisermix,16,35532,1061,1037,102,115,16,112,susquehanna70,NA,johnstbr01,Brian Johnston,Johnston Brian,Hopkinton,MA,USA,NA,NA
2016,Canoe,X9,oc2cruisermix,16,35532,1061,1037,102,115,16,112,susquehanna70,NA,NA,Debbie Johnston,Johnston Debbie,Hopkinton,MA,USA,NA,NA
2023,Canoe,X5,oc2cruisermix,3,35555,1062,1038,103,68,3,67,susquehanna70,NA,levittka01,Karen Pleasant,Pleasant Karen,Greenfield,MA,USA,NA,NA
2023,Canoe,X5,oc2cruisermix,3,35555,1062,1038,103,68,3,67,susquehanna70,NA,vandorda01,Dave Vandorpe,Vandorpe Dave,Haverhill,MA,USA,NA,NA
2017,Canoe,Y9,oc2cruiserwomen,6,35577,1063,1039,21,126,6,125,susquehanna70,NA,reinerpr01,Priscilla Reinertsen,Reinertsen Priscilla,Contoocook,NH,USA,NA,NA
2017,Canoe,Y9,oc2cruiserwomen,6,35577,1063,1039,21,126,6,125,susquehanna70,NA,perrinja01,Jan Perrin,Perrin Jan,Janesville,WI,USA,NA,NA
2025,Canoe,E4,oc2stock,7,35578,1064,1040,73,108,7,103,susquehanna70,NA,buchhoge01,George Buchholz,Buchholz George,Ithaca,NY,USA,Last but not least,NA
2025,Canoe,E4,oc2stock,7,35578,1064,1040,73,108,7,103,susquehanna70,NA,NA,Brian Loskamp,Loskamp Brian,San Mateo,CA,USA,Last but not least,NA
2023,Canoe,T9,oc2cruiser,7,35608,1065,1041,82,69,7,68,susquehanna70,NA,NA,Gaétan Daviault,Daviault Gaétan,Trois-Rivières,QC,CAN,Les Daviault,NA
2023,Canoe,T9,oc2cruiser,7,35608,1065,1041,82,69,7,68,susquehanna70,NA,daviauya01,Yannick Daviault,Daviault Yannick,Trois-Rivieres,QC,CAN,Les Daviault,NA
2022,Canoe,E14,oc2stock,3,35623,1066,1042,74,84,3,83,susquehanna70,NA,risingma01,Mark Risinger,Risinger Mark,Saco,ME,USA,Lookfar,NA
2022,Canoe,E14,oc2stock,3,35623,1066,1042,74,84,3,83,susquehanna70,NA,reddinde01,Dean Redding,Redding Dean,Bangor ,ME,USA,Lookfar,NA
2019,Canoe,E4,oc2stock,17,35627,1067,1043,75,135,17,128,susquehanna70,NA,goocheji01,Jim Goochee,Goochee Jim,Port Allegany,PA,USA,NA,NA
2019,Canoe,E4,oc2stock,17,35627,1067,1043,75,135,17,128,susquehanna70,NA,snookro01,Robert Snook,Snook Robert,Montoursville,PA,USA,NA,NA
2015,Canoe,L7,oc1master,5,35643,1068,1044,46,92,5,90,susquehanna70,NA,stenslmi01,Mike Stensland,Stensland Mike,South New Berlin,NY,USA,NA,NA
2024,Canoe,F6,oc2stockmix,2,35646,1069,1045,23,78,2,78,susquehanna70,NA,reedbr01,Brooks Reed,Reed Brooks,Unadilla,NY,USA,Team Reediculousness,NA
2024,Canoe,F6,oc2stockmix,2,35646,1069,1045,23,78,2,78,susquehanna70,NA,NA,Taylor Reed,Reed Taylor,Unadilla ,NY,USA,Team Reediculousness,NA
2017,Canoe,X26,oc2cruisermix,18,35672,1070,1046,104,127,18,126,susquehanna70,NA,NA,Jimmy Dangl,Dangl Jimmy,Cooperstown,NY,USA,NA,NA
2017,Canoe,X26,oc2cruisermix,18,35672,1070,1046,104,127,18,126,susquehanna70,NA,NA,Susan Clark,Clark Susan,Cooperstown,NY,USA,NA,NA
2022,Canoe,V1,oc2cruisermaster,9,35686,1071,1047,57,85,9,84,susquehanna70,NA,sennetda01,David Sennett,Sennett David,Auburn,NY,USA,NA,NA
2022,Canoe,V1,oc2cruisermaster,9,35686,1071,1047,57,85,9,84,susquehanna70,NA,henninti01,Tim Henning,Henning Tim,Marion,NY,USA,NA,NA
2024,Canoe,X3,oc2cruisermix,7,35690,1072,1048,105,79,7,79,susquehanna70,NA,NA,Janique Robillard,Robillard Janique,Waitsfield,VT,USA,Chez Robillard,NA
2024,Canoe,X3,oc2cruisermix,7,35690,1072,1048,105,79,7,79,susquehanna70,NA,robilllu01,Luc Robillard,Robillard Luc,Waitsfield,VT,USA,Chez Robillard,NA
2022,Canoe,T6,oc2cruiser,5,35693,1073,1049,83,86,5,85,susquehanna70,NA,daviauga01,Gaetan Daviault,Daviault Gaetan,Trois-Rivieres,QC,CAN,Les Daviault,NA
2022,Canoe,T6,oc2cruiser,5,35693,1073,1049,83,86,5,85,susquehanna70,NA,daviauya01,Yannick Daviault,Daviault Yannick,Trois-Rivieres,QC,CAN,Les Daviault,NA
2024,Canoe,U4,oc2cruisersenior,4,35727,1074,1050,35,80,4,80,susquehanna70,NA,dugasda01,David Dugas,Dugas David,Orange,MA,USA,NA,NA
2024,Canoe,U4,oc2cruisersenior,4,35727,1074,1050,35,80,4,80,susquehanna70,NA,casalejo01,John Casale,Casale John,Southampton ,MA,USA,NA,NA
2022,Canoe,P8,oc2pro,48,35728,1075,1051,422,87,48,86,susquehanna70,NA,NA,Nickie Owens,Owens Nickie,Frederic,MI,USA,Nikki Sixx,NA
2022,Canoe,P8,oc2pro,48,35728,1075,1051,422,87,48,86,susquehanna70,NA,martinbr01,Bryce Martin,Martin Bryce,Kawkawlin,MI,USA,Nikki Sixx,NA
2023,Canoe,P5,oc2pro,44,35735,1076,1052,423,70,44,69,susquehanna70,NA,phamth01,Thina Pham,Pham Thina,Saint Georges,QC,CAN,Caro & Thina,NA
2023,Canoe,P5,oc2pro,44,35735,1076,1052,423,70,44,69,susquehanna70,NA,NA,Caroline Fortin,Fortin Caroline,Saint-Georges,QC,CAN,Caro & Thina,NA
2017,Canoe,C9,oc2rec,1,35738,1077,1053,6,128,1,127,susquehanna70,NA,lafevedo01,Don LaFever,LaFever Don,Norwich,NY,USA,NA,NA
2017,Canoe,C9,oc2rec,1,35738,1077,1053,6,128,1,127,susquehanna70,NA,hallri01,Rich Hall,Hall Rich,Gilbertsville,NY,USA,NA,NA
2016,Canoe,B8,oc4stock,9,35747,1078,1054,54,116,9,113,susquehanna70,NA,crouchho01,Holly Crouch,Crouch Holly,Sherburne,NY,USA,NA,NA
2016,Canoe,B8,oc4stock,9,35747,1078,1054,54,116,9,113,susquehanna70,NA,vermiljo01,Jon Vermilyea,Vermilyea Jon,Syracuse,NY,USA,NA,NA
2016,Canoe,B8,oc4stock,9,35747,1078,1054,54,116,9,113,susquehanna70,NA,trumpmi01,Mike Trump,Trump Mike,York,PA,USA,NA,NA
2016,Canoe,B8,oc4stock,9,35747,1078,1054,54,116,9,113,susquehanna70,NA,repakpa01,Paul Repak,Repak Paul,Boonsville,NY,USA,NA,NA
2016,Unknown,G22,open,2,35763,1079,10,10,117,2,2,susquehanna70,NA,keanmi01,Michael Kean,Kean Michael,Rome,NY,USA,NA,NA
2016,Unknown,G22,open,2,35763,1079,10,10,117,2,2,susquehanna70,NA,NA,Michael Pocchairi,Pocchairi Michael,Ava,NY,USA,NA,NA
2019,Canoe,E17,oc2stock,18,35765,1080,1055,76,136,18,129,susquehanna70,NA,mokansma01,Matthew Mokanski,Mokanski Matthew,Oshawa,ON,CAN,NA,NA
2019,Canoe,E17,oc2stock,18,35765,1080,1055,76,136,18,129,susquehanna70,NA,fande01,Desmond Fan,Fan Desmond,Holland Landing,ON,CAN,NA,NA
2016,Canoe,E12,oc2stock,7,35769,1081,1056,77,118,7,114,susquehanna70,NA,joyge01,Gerard Joy,Joy Gerard,Morris,NY,USA,NA,NA
2016,Canoe,E12,oc2stock,7,35769,1081,1056,77,118,7,114,susquehanna70,NA,sullivmi01,Mike Sullivan,Sullivan Mike,Bainbridge,NY,USA,NA,NA
2016,Canoe,E14,oc2stock,8,35778,1082,1057,78,119,8,115,susquehanna70,NA,gergke01,Ken Gerg,Gerg Ken,Emporium,PA,USA,NA,NA
2016,Canoe,E14,oc2stock,8,35778,1082,1057,78,119,8,115,susquehanna70,NA,youngla01,Laverne Young,Young Laverne,Niceville,FL,USA,NA,NA
2024,Canoe,E8,oc2stock,3,35786,1083,1058,79,81,3,81,susquehanna70,NA,lullna01,Nate Lull,Lull Nate,Gilbertsville,NY,USA,Team WCDO,NA
2024,Canoe,E8,oc2stock,3,35786,1083,1058,79,81,3,81,susquehanna70,NA,sherwobr01,Brett Sherwood,Sherwood Brett,Morris,NY,USA,Team WCDO,NA
2025,Canoe,X1,oc2cruisermix,8,35787,1084,1059,106,109,8,104,susquehanna70,NA,robilllu01,Luc Robillard,Robillard Luc,Waitsfield,VT,USA,Chez Robillard,NA
2025,Canoe,X1,oc2cruisermix,8,35787,1084,1059,106,109,8,104,susquehanna70,NA,NA,Janique Robillard,Robillard Janique,Waitsfield,VT,USA,Chez Robillard,NA
2022,Canoe,B8,oc4stock,3,35802,1085,1060,55,88,3,87,susquehanna70,NA,codingbr01,Bruce Codington,Codington Bruce,Sidney,NY,USA,NA,NA
2022,Canoe,B8,oc4stock,3,35802,1085,1060,55,88,3,87,susquehanna70,NA,marcyru01,Russell Marcy,Marcy Russell,Cooperstown,NY,USA,NA,NA
2022,Canoe,B8,oc4stock,3,35802,1085,1060,55,88,3,87,susquehanna70,NA,primmemi01,Michael Primmer,Primmer Michael,Oneonta,NY,USA,NA,NA
2022,Canoe,B8,oc4stock,3,35802,1085,1060,55,88,3,87,susquehanna70,NA,maddalan01,Andrew Maddalone,Maddalone Andrew,Bainbridge,NY,USA,NA,NA
2018,Canoe,E19,oc2stock,14,35814,1086,1061,80,129,14,128,susquehanna70,NA,NA,Michael Hamilton Sr.,Hamilton Sr. Michael,Yaphank,NY,USA,NA,NA
2018,Canoe,E19,oc2stock,14,35814,1086,1061,80,129,14,128,susquehanna70,NA,NA,Michael Hamilton Jr.,Hamilton Jr. Michael,Oneonta,NY,USA,NA,NA
2016,Canoe,E6,oc2stock,9,35823,1087,1062,81,120,9,116,susquehanna70,NA,stittbr01,Brian Stitt,Stitt Brian,Ballston Lake,NY,USA,NA,NA
2016,Canoe,E6,oc2stock,9,35823,1087,1062,81,120,9,116,susquehanna70,NA,stittda01,Dave Stitt,Stitt Dave,Ballston Spa,NY,USA,NA,NA
2023,Canoe,E12,oc2stock,2,35846,1088,1063,82,71,2,70,susquehanna70,NA,anderswi01,William Anderson,Anderson William,Thorndike,ME,USA,Gause-Anderson,NA
2023,Canoe,E12,oc2stock,2,35846,1088,1063,82,71,2,70,susquehanna70,NA,gauseri01,Rick Gause,Gause Rick,North Yarmouth,ME,USA,Gause-Anderson,NA
2019,Unknown,G15,opentour,6,35850,1089,11,13,137,6,6,susquehanna70,NA,NA,Jason Jordan,Jordan Jason,Franklin,NY,USA,NA,NA
2019,Unknown,G15,opentour,6,35850,1089,11,13,137,6,6,susquehanna70,NA,NA,Malorie Jordan,Jordan Malorie,franklin,NY,USA,NA,NA
2016,Canoe,J4,oc1,2,35852,1090,1064,21,121,2,117,susquehanna70,NA,breierky01,Kyle Breier,Breier Kyle,Oneonta,NY,USA,NA,NA
2023,Canoe,Y2,oc2cruiserwomen,1,35857,1091,1065,22,72,1,71,susquehanna70,NA,fitzgepa01,Pam Fitzgerald,Fitzgerald Pam,Scotia,NY,USA,Fitz and fitz,NA
2023,Canoe,Y2,oc2cruiserwomen,1,35857,1091,1065,22,72,1,71,susquehanna70,NA,fitzgebr01,Briana Fitzgerald,Fitzgerald Briana,Scotia,NY,USA,Fitz and fitz,NA
2023,Canoe,E5,oc2stock,3,35871,1092,1066,83,73,3,72,susquehanna70,NA,koptama01,Mark Kopta,Kopta Mark,Clymer,NY,USA,once bitten twice shy,NA
2023,Canoe,E5,oc2stock,3,35871,1092,1066,83,73,3,72,susquehanna70,NA,martinst01,Steve Martin,Martin Steve,Ridgway,PA,USA,once bitten twice shy,NA
2015,Canoe,L5,oc1master,6,35890,1093,1067,47,93,6,91,susquehanna70,NA,anusiest01,Stan Anusiewicz,Anusiewicz Stan,Brights Grove,ON,CAN,NA,NA
2023,Canoe,B6,oc4stock,1,35891,1094,1068,56,74,1,73,susquehanna70,NA,robertri01,River Robertson,Robertson River,North Berwick,ME,USA,Wicked,NA
2023,Canoe,B6,oc4stock,1,35891,1094,1068,56,74,1,73,susquehanna70,NA,robertra01,Ralph Robertson,Robertson Ralph,Bucksport,ME,USA,Wicked,NA
2023,Canoe,B6,oc4stock,1,35891,1094,1068,56,74,1,73,susquehanna70,NA,NA,Ronald Harvey,Harvey Ronald,Bangor ,ME,USA,Wicked,NA
2023,Canoe,B6,oc4stock,1,35891,1094,1068,56,74,1,73,susquehanna70,NA,NA,Josh Harvey,Harvey Josh,Garland,ME,USA,Wicked,NA
2019,Canoe,J6,oc1,5,35895,1095,1069,22,138,5,130,susquehanna70,NA,robertri01,River Robertson,Robertson River,Eliot,ME,USA,NA,NA
2016,Canoe,T10,oc2cruiser,12,35910,1096,1070,84,122,12,118,susquehanna70,NA,danforbr01,Brian Danforth,Danforth Brian,Unadilla,NY,USA,NA,NA
2016,Canoe,T10,oc2cruiser,12,35910,1096,1070,84,122,12,118,susquehanna70,NA,buelky01,Kyle Buel,Buel Kyle,Franklin,NY,USA,NA,NA
2015,Canoe,G3,open,1,35914,1097,1071,11,94,1,92,susquehanna70,NA,robinsmi02,Miranda Robinson,Robinson Miranda,Highland Falls,NY,USA,NA,NA
2015,Canoe,G3,open,1,35914,1097,1071,11,94,1,92,susquehanna70,NA,robinsro01,Rodney Robinson,Robinson Rodney,Otego,NY,USA,NA,NA
2015,Canoe,L10,oc1master,7,35943,1098,1072,48,95,7,93,susquehanna70,NA,anderswi01,William Anderson,Anderson William,Morrill,ME,USA,NA,NA
2015,Canoe,A5,oc2stockalum,1,35951,1099,1073,8,96,1,94,susquehanna70,NA,walleybi01,Bill Walley,Walley Bill,Walton,NY,USA,NA,NA
2015,Canoe,A5,oc2stockalum,1,35951,1099,1073,8,96,1,94,susquehanna70,NA,walleybr01,Brian Walley,Walley Brian,Walton,NY,USA,NA,NA
2022,Canoe,S4,oc1pro,5,35955,1100,1074,65,89,5,88,susquehanna70,NA,packarmi01,Mike Packard,Packard Mike,Oneonta,NY,USA,NA,NA
2024,Canoe,P25,oc2pro,47,35957,1101,1075,424,82,47,82,susquehanna70,NA,NA,Claude Boucher,Boucher Claude,St-Georges,QC,CAN,NA,NA
2024,Canoe,P25,oc2pro,47,35957,1101,1075,424,82,47,82,susquehanna70,NA,NA,Nicole Boutin,Boutin Nicole,Saint-Georges,QC,CAN,NA,NA
2022,Canoe,J2,oc1,2,35960,1102,1076,23,90,2,89,susquehanna70,NA,martinca01,Carlos Martinez,Martinez Carlos,Montreal,QC,CAN,Charle's in charge,NA
2017,Canoe,J8,oc1,4,35963,1103,1077,24,129,4,128,susquehanna70,NA,breierky01,Kyle Breier,Breier Kyle,Oneonta,NY,USA,NA,NA
2024,Canoe,B3,oc4stock,2,35978,1104,1078,57,83,2,83,susquehanna70,NA,vermiljo01,Jon Vermilyea,Vermilyea Jon,Baldwinsville ,NY,USA,NA,NA
2024,Canoe,B3,oc4stock,2,35978,1104,1078,57,83,2,83,susquehanna70,NA,berlke01,Kevin Berl,Berl Kevin,Macedon,NY,USA,NA,NA
2024,Canoe,B3,oc4stock,2,35978,1104,1078,57,83,2,83,susquehanna70,NA,henryro01,Roger Henry,Henry Roger,Rexford,NY,USA,NA,NA
2024,Canoe,B3,oc4stock,2,35978,1104,1078,57,83,2,83,susquehanna70,NA,henninti01,Tim Henning,Henning Tim,Marion,NY,USA,NA,NA
2024,Canoe,E13,oc2stock,4,35979,1105,1079,84,84,4,84,susquehanna70,NA,bagleyje01,Jeff Bagley,Bagley Jeff,Sidney,NY,USA,B Squared,NA
2024,Canoe,E13,oc2stock,4,35979,1105,1079,84,84,4,84,susquehanna70,NA,beckwida01,Dale Beckwith,Beckwith Dale,Sidney,NY,USA,B Squared,NA
2019,Canoe,E21,oc2stock,19,35979,1106,1080,85,139,19,131,susquehanna70,NA,NA,Carlton Seybolt,Seybolt Carlton,Perkasie,PA,USA,NA,NA
2019,Canoe,E21,oc2stock,19,35979,1106,1080,85,139,19,131,susquehanna70,NA,NA,Ruslan Pietra,Pietra Ruslan,Perkasie,PA,USA,NA,NA
2018,Canoe,A6,oc2stockalum,2,35988,1107,1081,9,130,2,129,susquehanna70,NA,robertri01,River Robertson,Robertson River,Old Town,ME,USA,NA,NA
2018,Canoe,A6,oc2stockalum,2,35988,1107,1081,9,130,2,129,susquehanna70,NA,wardweju01,Justin Wardwell,Wardwell Justin,Hampden,ME,USA,NA,NA
2015,Kayak,KL1,k1unlimited,3,35992,1108,16,16,97,3,3,susquehanna70,NA,burnetbi01,Bill Burnett,Burnett Bill,Dubois,PA,USA,NA,NA
2025,Canoe,L8,oc1master,4,36010,1109,1082,49,110,4,105,susquehanna70,NA,defeoje01,Jeff Defeo,Defeo Jeff,Montgomery,MA,USA,NA,NA
2025,Canoe,R6,oc1stock,2,36012,1110,1083,7,111,2,106,susquehanna70,NA,gianfaan01,Tony Gianfagna,Gianfagna Tony,Evans Mills,NY,USA,Tony G,NA
2022,Canoe,C5,oc2rec,1,36041,1111,1084,7,91,1,90,susquehanna70,NA,lullna01,Nate Lull,Lull Nate,Gilbertsville,NY,USA,Nate and Brett,NA
2022,Canoe,C5,oc2rec,1,36041,1111,1084,7,91,1,90,susquehanna70,NA,sherwobr01,Brett Sherwood,Sherwood Brett,Morris,NY,USA,Nate and Brett,NA
2014,Canoe,G19,open,8,36044,1112,1085,12,135,8,132,susquehanna70,NA,NA,Emily Bachman,Bachman Emily,Bainbridge,NY,USA,NA,NA
2014,Canoe,G19,open,8,36044,1112,1085,12,135,8,132,susquehanna70,NA,bachmami01,Mike Bachman,Bachman Mike,Bainbridge,NY,USA,NA,NA
2016,Canoe,F5,oc2stockmix,2,36051,1113,1086,24,123,2,119,susquehanna70,NA,soccian01,Annie Socci,Socci Annie,Venango,PA,USA,NA,NA
2016,Canoe,F5,oc2stockmix,2,36051,1113,1086,24,123,2,119,susquehanna70,NA,NA,Patrick Maloney,Maloney Patrick,Venango,PA,USA,NA,NA
2025,Canoe,J5,oc1,3,36062,1114,1087,25,112,3,107,susquehanna70,NA,breierky01,Kyle Breier,Breier Kyle,Oneonta,NY,USA,NA,NA
2023,Canoe,T1,oc2cruiser,8,36082,1115,1088,85,75,8,74,susquehanna70,NA,kenyonte01,Ted Kenyon,Kenyon Ted,Montville,CT,USA,NA,NA
2023,Canoe,T1,oc2cruiser,8,36082,1115,1088,85,75,8,74,susquehanna70,NA,kenyonth01,Theo Kenyon,Kenyon Theo,Montville,CT,USA,NA,NA
2017,Canoe,X9,oc2cruisermix,19,36100,1116,1089,107,130,19,129,susquehanna70,NA,rubinha01,Hannah Rubin,Rubin Hannah,NA,NA,NA,NA,NA
2017,Canoe,X9,oc2cruisermix,19,36100,1116,1089,107,130,19,129,susquehanna70,NA,gallaner01,Eric Gallandt,Gallandt Eric,Orono,ME,USA,NA,NA
2019,Canoe,V3,oc2cruisermaster,4,36102,1117,1090,58,140,4,132,susquehanna70,NA,johnstbr01,Brian Johnston,Johnston Brian,Hopkinton,MA,USA,NA,NA
2019,Canoe,V3,oc2cruisermaster,4,36102,1117,1090,58,140,4,132,susquehanna70,NA,NA,Scott Hunter,Hunter Scott,Hopkinton,MA,USA,NA,NA
2018,Canoe,T12,oc2cruiser,11,36107,1118,1091,86,131,11,130,susquehanna70,NA,NA,Brent Baysinger,Baysinger Brent,Cooperstown,NY,USA,NA,NA
2018,Canoe,T12,oc2cruiser,11,36107,1118,1091,86,131,11,130,susquehanna70,NA,NA,Sean Murray,Murray Sean,Milford,NY,USA,NA,NA
2018,Canoe,G17,opentour,5,36116,1119,1092,14,132,5,131,susquehanna70,NA,goocheji01,Jim Goochee,Goochee Jim,Port Allegany,PA,USA,NA,NA
2019,Unknown,G6,opentour,7,36129,1120,12,15,141,7,7,susquehanna70,NA,NA,Henry Race,Race Henry,Morrisville,VT,USA,NA,NA
2019,Unknown,G6,opentour,7,36129,1120,12,15,141,7,7,susquehanna70,NA,NA,soloman race,race soloman,Morrisville,VT,USA,NA,NA
2018,Canoe,V4,oc2cruisermaster,10,36143,1121,1093,59,133,10,132,susquehanna70,NA,nicoloja01,James Nicoloff,Nicoloff James,Hornell,NY,USA,NA,NA
2018,Canoe,V4,oc2cruisermaster,10,36143,1121,1093,59,133,10,132,susquehanna70,NA,buchhobl01,Blair Buchholz,Buchholz Blair,Wellsville,NY,USA,NA,NA
2017,Canoe,F2,oc2stockmix,5,36144,1122,1094,25,131,5,130,susquehanna70,NA,murphysh01,Shauna Murphy,Murphy Shauna,Franklin,NY,USA,NA,NA
2017,Canoe,F2,oc2stockmix,5,36144,1122,1094,25,131,5,130,susquehanna70,NA,NA,Christopher Murphy,Murphy Christopher,Franklin,NY,USA,NA,NA
2014,Canoe,L12,oc1master,13,36145,1123,1095,50,136,13,133,susquehanna70,NA,crouchca01,Calvin Crouch Jr.,Crouch Jr. Calvin,Hubbardsville,NY,USA,NA,NA
2016,Canoe,C6,oc2rec,1,36154,1124,1096,8,124,1,120,susquehanna70,NA,sherwobr01,Brett Sherwood,Sherwood Brett,Morris,NY,USA,NA,NA
2016,Canoe,C6,oc2rec,1,36154,1124,1096,8,124,1,120,susquehanna70,NA,lullna01,Nate Lull,Lull Nate,Gilbertsville,NY,USA,NA,NA
2014,Canoe,G9,open,9,36158,1125,1097,13,137,9,134,susquehanna70,NA,mccauldi01,Dick McCauley,McCauley Dick,Mt Upton,NY,USA,NA,NA
2014,Canoe,G9,open,9,36158,1125,1097,13,137,9,134,susquehanna70,NA,NA,John Edwards,Edwards John,Bainbridge,NY,USA,NA,NA
2019,Canoe,E13,oc2stock,20,36168,1126,1098,86,142,20,133,susquehanna70,NA,perryji01,Jim Perry,Perry Jim,Lanexa,VA,USA,NA,NA
2019,Canoe,E13,oc2stock,20,36168,1126,1098,86,142,20,133,susquehanna70,NA,jonesti01,Tim Jones,Jones Tim,Smithfield,VA,USA,NA,NA
2024,Canoe,J1,oc1,1,36169,1127,1099,26,85,1,85,susquehanna70,NA,robertri01,River Robertson,Robertson River,North Berwick,ME,USA,NA,NA
2024,Canoe,L11,oc1master,3,36175,1128,1100,51,86,3,86,susquehanna70,NA,NA,Art Walker-Jones,Walker-Jones Art,Winnipeg,MB,CAN,NA,NA
2019,Canoe,F9,oc2stockmix,7,36181,1129,1101,26,143,7,134,susquehanna70,NA,paradial01,Alan Paradise,Paradise Alan,Pittsfield,NH,USA,NA,NA
2019,Canoe,F9,oc2stockmix,7,36181,1129,1101,26,143,7,134,susquehanna70,NA,paradish01,Shelby Paradise,Paradise Shelby,Pittsfield,NH,USA,NA,NA
2015,Canoe,L9,oc1master,8,36186,1130,1102,52,98,8,95,susquehanna70,NA,jordanji01,Jim Jordan,Jordan Jim,Otegp,NY,USA,NA,NA
2016,Canoe,F3,oc2stockmix,3,36189,1131,1103,27,125,3,121,susquehanna70,NA,NA,Elizabeth Peterson,Peterson Elizabeth,Franklin,NY,USA,NA,NA
2016,Canoe,F3,oc2stockmix,3,36189,1131,1103,27,125,3,121,susquehanna70,NA,petersjo01,John Peterson,Peterson John,Franklin,NY,USA,NA,NA
2016,Canoe,L5,oc1master,6,36230,1132,1104,53,126,6,122,susquehanna70,NA,dipeleja01,Jim Dipelesi,Dipelesi Jim,Kings Park,NY,USA,NA,NA
2017,Canoe,C5,oc2rec,2,36237,1133,1105,9,132,2,131,susquehanna70,NA,bachorst01,Steve Bachorik Jr.,Bachorik Jr. Steve,Hartwick,NY,USA,NA,NA
2017,Canoe,C5,oc2rec,2,36237,1133,1105,9,132,2,131,susquehanna70,NA,obrienpa01,Pat O'Brien,O'Brien Pat,Hartwick,NY,USA,NA,NA
2015,Canoe,E20,oc2stock,5,36263,1134,1106,87,99,5,96,susquehanna70,NA,birdsajo01,John Birdsall,Birdsall John,Gilbertsville,NY,USA,NA,NA
2015,Canoe,E20,oc2stock,5,36263,1134,1106,87,99,5,96,susquehanna70,NA,herrmast01,Steve Herrmann,Herrmann Steve,West Oneonta,NY,USA,NA,NA
2018,Canoe,E8,oc2stock,15,36272,1135,1107,88,134,15,133,susquehanna70,NA,sherwobr01,Brett Sherwood,Sherwood Brett,Morris,NY,USA,NA,NA
2018,Canoe,E8,oc2stock,15,36272,1135,1107,88,134,15,133,susquehanna70,NA,NA,Brent Williams,Williams Brent,Laurens,NY,USA,NA,NA
2024,Canoe,E12,oc2stock,5,36274,1136,1108,89,87,5,87,susquehanna70,NA,reynolsc01,Scott Reynolds,Reynolds Scott,Stirling,ON,CAN,NA,NA
2024,Canoe,E12,oc2stock,5,36274,1136,1108,89,87,5,87,susquehanna70,NA,woolfrad01,Adam Woolfrey,Woolfrey Adam,Tweed,ON,CAN,NA,NA
2014,Canoe,F3,oc2stockmix,3,36275,1137,1109,28,138,3,135,susquehanna70,NA,okonukje01,Jennifer Okonuk,Okonuk Jennifer,Owls Head,NY,USA,NA,NA
2014,Canoe,F3,oc2stockmix,3,36275,1137,1109,28,138,3,135,susquehanna70,NA,NA,Liza Bobseine,Bobseine Liza,Elmont,NY,USA,NA,NA
2015,Canoe,S7,oc1pro,9,36298,1138,1110,66,100,9,97,susquehanna70,NA,rossem01,Emma Ross,Ross Emma,Orange,MA,USA,NA,NA
2017,Canoe,D1,oc2recmix,1,36307,1139,1111,3,133,1,132,susquehanna70,NA,gilesam01,Amber Giles,Giles Amber,Sidney,NY,USA,NA,NA
2017,Canoe,D1,oc2recmix,1,36307,1139,1111,3,133,1,132,susquehanna70,NA,fisherdu01,Duke Fisher,Fisher Duke,Bainbridge,NY,USA,NA,NA
2017,Canoe,L12,oc1master,8,36315,1140,1112,54,134,8,133,susquehanna70,NA,dipeleja01,Jim Dipelesi,Dipelesi Jim,Kings Park,NY,USA,NA,NA
2024,Canoe,B5,oc4stock,3,36316,1141,1113,58,88,3,88,susquehanna70,NA,flackme01,Meghan Flack,Flack Meghan,Ithaca,NY,USA,Getting Our Ducks in a Row (but one's a chicken),NA
2024,Canoe,B5,oc4stock,3,36316,1141,1113,58,88,3,88,susquehanna70,NA,NA,Claire Blaudeau,Blaudeau Claire,Needham,MA,USA,Getting Our Ducks in a Row (but one's a chicken),NA
2024,Canoe,B5,oc4stock,3,36316,1141,1113,58,88,3,88,susquehanna70,NA,vanossjo01,Johannes Van Osselaer,Van Osselaer Johannes,Ithaca,NY,USA,Getting Our Ducks in a Row (but one's a chicken),NA
2024,Canoe,B5,oc4stock,3,36316,1141,1113,58,88,3,88,susquehanna70,NA,NA,Roan Chadsey,Chadsey Roan,Needham,MA,USA,Getting Our Ducks in a Row (but one's a chicken),NA
2015,Canoe,C5,oc2rec,1,36318,1142,1114,10,101,1,98,susquehanna70,NA,joyge01,Gerard Joy,Joy Gerard,Morris,NY,USA,NA,NA
2015,Canoe,C5,oc2rec,1,36318,1142,1114,10,101,1,98,susquehanna70,NA,sullivmi01,Mike Sullivan,Sullivan Mike,Bainbridge,NY,USA,NA,NA
2019,Canoe,A6,oc2stockalum,3,36319,1143,1115,10,144,3,135,susquehanna70,NA,loringch01,Chip Loring,Loring Chip,Old Town,ME,USA,NA,NA
2019,Canoe,A6,oc2stockalum,3,36319,1143,1115,10,144,3,135,susquehanna70,NA,rubinha01,Hannah Rubin,Rubin Hannah,Bangor,ME,USA,NA,NA
2016,Unknown,G8,open,3,36319,1144,13,14,127,3,3,susquehanna70,NA,NA,Brent Williams,Williams Brent,Laurens,NY,USA,NA,NA
2016,Unknown,G8,open,3,36319,1144,13,14,127,3,3,susquehanna70,NA,sawyerja01,James Sawyer,Sawyer James,Starksboro,VT,USA,NA,NA
2016,Unknown,G8,open,3,36319,1144,13,14,127,3,3,susquehanna70,NA,NA,Ryan Greenberg,Greenberg Ryan,Oneonta,NY,USA,NA,NA
2024,Kayak,KL3,k1unlimited,1,36323,1145,17,17,89,1,1,susquehanna70,NA,zoubakan01,Andrei Zoubakine,Zoubakine Andrei,Richmond Hill,ON,CAN,AZ,NA
2017,Canoe,L13,oc1master,9,36329,1146,1116,55,135,9,134,susquehanna70,NA,jordanji01,Jim Jordan,Jordan Jim,Otego,NY,USA,NA,NA
2024,Canoe,U5,oc2cruisersenior,5,36333,1147,1117,36,90,5,89,susquehanna70,NA,kuehneku01,Kurt Kuehnel,Kuehnel Kurt,Dalton,MA,USA,Kurt and Dave,NA
2024,Canoe,U5,oc2cruisersenior,5,36333,1147,1117,36,90,5,89,susquehanna70,NA,vandorda01,David Vandorpe,Vandorpe David,Haverhill,MA,USA,Kurt and Dave,NA
2023,Canoe,X6,oc2cruisermix,4,36365,1148,1118,108,76,4,75,susquehanna70,NA,visserei01,Eileen Visser,Visser Eileen,Potsdam,NY,USA,SLVP,NA
2023,Canoe,X6,oc2cruisermix,4,36365,1148,1118,108,76,4,75,susquehanna70,NA,siegfrwi01,Will Siegfried,Siegfried Will,Potsdam,NY,USA,SLVP,NA
2017,Canoe,C2,oc2rec,3,36370,1149,1119,11,136,3,135,susquehanna70,NA,allisojo01,Joseph Allison,Allison Joseph,Morris,NY,USA,NA,NA
2017,Canoe,C2,oc2rec,3,36370,1149,1119,11,136,3,135,susquehanna70,NA,NA,Quinton Hasak,Hasak Quinton,Cooperstown,NY,USA,NA,NA
2025,Canoe,L4,oc1master,5,36381,1150,1120,56,113,5,108,susquehanna70,NA,jordanji01,James Jordan,Jordan James,Cooperstown ,NY,USA,NA,NA
2023,Canoe,V3,oc2cruisermaster,4,36382,1151,1121,60,77,4,76,susquehanna70,NA,mallerti01,Tim Mallery,Mallery Tim,South Williamsport,PA,USA,Delhi Bad Bunch,NA
2023,Canoe,V3,oc2cruisermaster,4,36382,1151,1121,60,77,4,76,susquehanna70,NA,breenge01,Gerry Breen,Breen Gerry,Brooklyn,NY,USA,Delhi Bad Bunch,NA
2015,Canoe,E4,oc2stock,6,36383,1152,1122,90,102,6,99,susquehanna70,NA,leetda01,Dana Leet,Leet Dana,Smethport,PA,USA,NA,NA
2015,Canoe,E4,oc2stock,6,36383,1152,1122,90,102,6,99,susquehanna70,NA,goocheji01,Jim Goochee,Goochee Jim,Port Allegany,PA,USA,NA,NA
2018,Canoe,E20,oc2stock,16,36428,1153,1123,91,135,16,134,susquehanna70,NA,NA,Jason Sarsfield,Sarsfield Jason,Harrison,MI,USA,NA,NA
2018,Canoe,E20,oc2stock,16,36428,1153,1123,91,135,16,134,susquehanna70,NA,NA,Jordon Sarsfield,Sarsfield Jordon,Grayling,MI,USA,NA,NA
2019,Unknown,G12,opentour,8,36436,1154,14,16,145,8,8,susquehanna70,NA,colliest01,Steven Collier,Collier Steven,Cooperstown,NY,USA,NA,NA
2019,Unknown,G12,opentour,8,36436,1154,14,16,145,8,8,susquehanna70,NA,NA,Jessica Collier,Collier Jessica,Cooperstown,NY,USA,NA,NA
2018,Canoe,G10,opentour,6,36458,1155,1124,17,136,6,135,susquehanna70,NA,walleybr01,Brian Walley,Walley Brian,Walton,NY,USA,NA,NA
2018,Canoe,G10,opentour,6,36458,1155,1124,17,136,6,135,susquehanna70,NA,NA,Emma Walley,Walley Emma,NA,NA,NA,NA,NA
2023,Canoe,X2,oc2cruisermix,5,36467,1156,1125,109,78,5,77,susquehanna70,NA,coulsode01,Dean Coulson,Coulson Dean,Kearney,ON,CAN,Liz and Dean,NA
2023,Canoe,X2,oc2cruisermix,5,36467,1156,1125,109,78,5,77,susquehanna70,NA,loekli01,Liz Loek,Loek Liz,Mississauga,ON,CAN,Liz and Dean,NA
2024,Canoe,S5,oc1pro,6,36475,1157,1126,67,91,6,90,susquehanna70,NA,hiscoxfr01,Frances Hiscox,Hiscox Frances,Newton Highlands,MA,USA,NA,NA
2024,Canoe,P44,oc2pro,48,36482,1158,1127,425,92,48,91,susquehanna70,NA,millspan01,Andrew Millspaugh,Millspaugh Andrew,Niskayuna,NY,USA,Flaming O's,NA
2024,Canoe,P44,oc2pro,48,36482,1158,1127,425,92,48,91,susquehanna70,NA,NA,Emma Kennedy,Kennedy Emma,Brooklyn,NY,USA,Flaming O's,NA
2024,Canoe,T5,oc2cruiser,4,36496,1159,1128,87,93,4,92,susquehanna70,NA,NA,Lewis Madill,Madill Lewis,Frederic ,MI,USA,Dan Lewis,NA
2024,Canoe,T5,oc2cruiser,4,36496,1159,1128,87,93,4,92,susquehanna70,NA,NA,Daniel Harazin,Harazin Daniel,Watervliet,MI,USA,Dan Lewis,NA
2023,Canoe,B5,oc4stock,2,36572,1160,1129,59,79,2,78,susquehanna70,NA,vermiljo01,Jon Vermilyea,Vermilyea Jon,Baldwinsville ,NY,USA,Four men in a tub,NA
2023,Canoe,B5,oc4stock,2,36572,1160,1129,59,79,2,78,susquehanna70,NA,berlke01,Kevin Berl,Berl Kevin,Macedon,NY,USA,Four men in a tub,NA
2023,Canoe,B5,oc4stock,2,36572,1160,1129,59,79,2,78,susquehanna70,NA,buttsri01,Richard Butts,Butts Richard,Rochester,NY,USA,Four men in a tub,NA
2023,Canoe,B5,oc4stock,2,36572,1160,1129,59,79,2,78,susquehanna70,NA,henryro01,Roger Henry,Henry Roger,Rexford,NY,USA,Four men in a tub,NA
2023,Canoe,L6,oc1master,1,36575,1161,1130,57,80,1,79,susquehanna70,NA,corbetst01,Steve Corbett,Corbett Steve,New Market,MD,USA,Steve Corbett,NA
2022,Canoe,L18,oc1master,3,36575,1162,1131,58,92,3,91,susquehanna70,NA,hainesru01,Russel Haines,Haines Russel,Chagrin Falls,OH,USA,Brax/Haines,NA
2014,Canoe,X14,oc2cruisermix,17,36586,1163,1132,110,139,17,136,susquehanna70,NA,NA,Jessica Collier,Collier Jessica,Cooperstown,NY,USA,NA,NA
2014,Canoe,X14,oc2cruisermix,17,36586,1163,1132,110,139,17,136,susquehanna70,NA,colliest01,Steven Collier,Collier Steven,Cooperstown,NY,USA,NA,NA
2024,Canoe,B6,oc4stock,4,36595,1164,1133,60,94,4,93,susquehanna70,NA,mclainru01,Rusty McLain,McLain Rusty,Chesapeake,VA,USA,Have a Mike Day,NA
2024,Canoe,B6,oc4stock,4,36595,1164,1133,60,94,4,93,susquehanna70,NA,perryji01,Jim Perry,Perry Jim,Lanexa,VA,USA,Have a Mike Day,NA
2024,Canoe,B6,oc4stock,4,36595,1164,1133,60,94,4,93,susquehanna70,NA,loringch01,Chip Loring,Loring Chip,Old Town,ME,USA,Have a Mike Day,NA
2024,Canoe,B6,oc4stock,4,36595,1164,1133,60,94,4,93,susquehanna70,NA,rancoma01,Mark Ranco,Ranco Mark,Bangor,ME,USA,Have a Mike Day,NA
2015,Canoe,V4,oc2cruisermaster,7,36600,1165,1134,61,103,7,100,susquehanna70,NA,neugebri01,Richard Neugebauer,Neugebauer Richard,Skaneateles,NY,USA,NA,NA
2015,Canoe,V4,oc2cruisermaster,7,36600,1165,1134,61,103,7,100,susquehanna70,NA,siegfrwi01,Will Siegfried,Siegfried Will,Potsdam,NY,USA,NA,NA
2018,Canoe,C7,oc2rec,2,36675,1166,1135,12,137,2,136,susquehanna70,NA,lafevedo01,Don LaFever,LaFever Don,Norwich,NY,USA,NA,NA
2018,Canoe,C7,oc2rec,2,36675,1166,1135,12,137,2,136,susquehanna70,NA,hallri01,Rich Hall,Hall Rich,Gilbertsville,NY,USA,NA,NA
2023,Canoe,L2,oc1master,2,36690,1167,1136,59,81,2,80,susquehanna70,NA,owenje01,Jeff Owen,Owen Jeff,Orono,ME,USA,NA,NA
2023,Canoe,V5,oc2cruisermaster,5,36693,1168,1137,62,82,5,81,susquehanna70,NA,allenti01,Timothy Allen,Allen Timothy,Westfield,MA,USA,Allen Casale,NA
2023,Canoe,V5,oc2cruisermaster,5,36693,1168,1137,62,82,5,81,susquehanna70,NA,casalejo01,John Casale,Casale John,Southampton ,MA,USA,Allen Casale,NA
2017,Canoe,J4,oc1,5,36722,1169,1138,27,137,5,136,susquehanna70,NA,schlimfr01,Francis Schlimmer,Schlimmer Francis,Cortland,NY,USA,NA,NA
2023,Canoe,B2,oc4stock,3,36723,1170,1139,61,83,3,82,susquehanna70,NA,perryji01,Jim Perry,Perry Jim,Lanexa,VA,USA,Have a Mike Day,NA
2023,Canoe,B2,oc4stock,3,36723,1170,1139,61,83,3,82,susquehanna70,NA,jonesti01,Tim Jones,Jones Tim,Smithfield,VA,USA,Have a Mike Day,NA
2023,Canoe,B2,oc4stock,3,36723,1170,1139,61,83,3,82,susquehanna70,NA,mclainru01,Rusty McLain,McLain Rusty,Chesapeake,VA,USA,Have a Mike Day,NA
2023,Canoe,B2,oc4stock,3,36723,1170,1139,61,83,3,82,susquehanna70,NA,mclainky01,Kyle McLain,McLain Kyle,Chesapeake,VA,USA,Have a Mike Day,NA
2025,Canoe,F5,oc2stockmix,5,36733,1171,1140,29,114,5,109,susquehanna70,NA,turturlo01,Lorraine Turturro,Turturro Lorraine,Watertown,NY,USA,NA,NA
2025,Canoe,F5,oc2stockmix,5,36733,1171,1140,29,114,5,109,susquehanna70,NA,watsonbr01,Brian Watson,Watson Brian,Watertown,NY,USA,NA,NA
2022,Canoe,B5,oc4stock,4,36737,1172,1141,62,93,4,92,susquehanna70,NA,stoutte01,Teresa Stout,Stout Teresa,Corsica,PA,USA,Yukon Girls,NA
2022,Canoe,B5,oc4stock,4,36737,1172,1141,62,93,4,92,susquehanna70,NA,NA,Ashley Vermilya,Vermilya Ashley,NA,NA,NA,Yukon Girls,NA
2022,Canoe,B5,oc4stock,4,36737,1172,1141,62,93,4,92,susquehanna70,NA,crouchho01,Holly Crouch,Crouch Holly,Sherburne,NY,USA,Yukon Girls,NA
2022,Canoe,B5,oc4stock,4,36737,1172,1141,62,93,4,92,susquehanna70,NA,flamento01,Toni Flament,Flament Toni,Emporium,PA,USA,Yukon Girls,NA
2018,Canoe,F4,oc2stockmix,4,36750,1173,1142,30,138,4,137,susquehanna70,NA,jeanesju01,Judy Jeanes,Jeanes Judy,Wayne,PA,USA,NA,NA
2018,Canoe,F4,oc2stockmix,4,36750,1173,1142,30,138,4,137,susquehanna70,NA,gergke01,Ken Gerg,Gerg Ken,Emporium,PA,USA,NA,NA
2014,Kayak,KL1,k1unlimited,4,36754,1174,18,18,140,4,4,susquehanna70,NA,baumerda01,Dan Baumert,Baumert Dan,Levant,ME,USA,NA,NA
2017,Canoe,P1,oc2pro,33,36761,1175,1143,426,138,33,137,susquehanna70,NA,NA,Ann Raiho,Raiho Ann,Grand Marais,MN,USA,NA,NA
2017,Canoe,P1,oc2pro,33,36761,1175,1143,426,138,33,137,susquehanna70,NA,NA,Natalie Warren,Warren Natalie,NA,NA,NA,NA,NA
2024,Canoe,E10,oc2stock,6,36765,1176,1144,92,95,6,94,susquehanna70,NA,savoylu01,Lucas Savoy,Savoy Lucas,Cumberland,ME,USA,Maine and Mass,NA
2024,Canoe,E10,oc2stock,6,36765,1176,1144,92,95,6,94,susquehanna70,NA,jamesoel01,Elisha Jameson,Jameson Elisha,Chester,MA,USA,Maine and Mass,NA
2024,Canoe,V5,oc2cruisermaster,5,36765,1177,1145,63,96,5,95,susquehanna70,NA,mallerti01,Tim Mallery,Mallery Tim,South Williamsport,PA,USA,Delhi Bad Bunch,NA
2024,Canoe,V5,oc2cruisermaster,5,36765,1177,1145,63,96,5,95,susquehanna70,NA,breenge01,Gerry Breen,Breen Gerry,Brooklyn,NY,USA,Delhi Bad Bunch,NA
2018,Canoe,E2,oc2stock,17,36789,1178,1146,93,139,17,138,susquehanna70,NA,buchhoge01,George Buchholz,Buchholz George,Ithaca,NY,USA,NA,NA
2018,Canoe,E2,oc2stock,17,36789,1178,1146,93,139,17,138,susquehanna70,NA,NA,Brian Loskamp,Loskamp Brian,Babylon,NY,USA,NA,NA
2015,Canoe,X6,oc2cruisermix,14,36803,1179,1147,111,104,14,101,susquehanna70,NA,mclainle01,Leza McLain,McLain Leza,Chesapeake,VA,USA,NA,NA
2015,Canoe,X6,oc2cruisermix,14,36803,1179,1147,111,104,14,101,susquehanna70,NA,mclainru01,Rusty McLain,McLain Rusty,Chesapeake,VA,USA,NA,NA
2023,Canoe,B1,oc4stock,4,36809,1180,1148,63,84,4,83,susquehanna70,NA,gianfach01,Chip Gianfagna,Gianfagna Chip,Northfield Falls ,VT,USA,Team NRS,NA
2023,Canoe,B1,oc4stock,4,36809,1180,1148,63,84,4,83,susquehanna70,NA,snyderja01,Jake Snyder,Snyder Jake,Canastota ,NY,USA,Team NRS,NA
2023,Canoe,B1,oc4stock,4,36809,1180,1148,63,84,4,83,susquehanna70,NA,gianfaan01,Tony Gianfagna,Gianfagna Tony,Evans Mills,NY,USA,Team NRS,NA
2023,Canoe,B1,oc4stock,4,36809,1180,1148,63,84,4,83,susquehanna70,NA,NA,Artie Bigsby,Bigsby Artie,Cazenovia,NY,USA,Team NRS,NA
2017,Canoe,G5,open,2,36814,1181,1149,15,139,2,138,susquehanna70,NA,bilsbari01,Richard Bilsback,Bilsback Richard,Webster,NY,USA,NA,NA
2017,Canoe,G5,open,2,36814,1181,1149,15,139,2,138,susquehanna70,NA,bilsbade01,Denise Bilsback,Bilsback Denise,Webster,NY,USA,NA,NA
2024,Canoe,U3,oc2cruisersenior,6,36824,1182,1150,37,97,6,96,susquehanna70,NA,ostrumpe01,Peter Ostrum,Ostrum Peter,Glenfield,NY,USA,"""146""",NA
2024,Canoe,U3,oc2cruisersenior,6,36824,1182,1150,37,97,6,96,susquehanna70,NA,shapirro01,Roberta Shapiro,Shapiro Roberta,Whitesboro ,NY,USA,"""146""",NA
2016,Canoe,C8,oc2rec,2,36826,1183,1151,13,128,2,123,susquehanna70,NA,lafevedo01,Don Lafever,Lafever Don,Norwich,NY,USA,NA,NA
2016,Canoe,C8,oc2rec,2,36826,1183,1151,13,128,2,123,susquehanna70,NA,vandewgl01,Glen Vandewinckel,Vandewinckel Glen,Webster,NY,USA,NA,NA
2023,Canoe,X7,oc2cruisermix,6,36828,1184,1152,112,85,6,84,susquehanna70,NA,collieer01,Erica Collier,Collier Erica,Latham ,NY,USA,Collier kids,NA
2023,Canoe,X7,oc2cruisermix,6,36828,1184,1152,112,85,6,84,susquehanna70,NA,colliejo01,John Collier,Collier John,Richmondville,NY,USA,Collier kids,NA
2025,Canoe,F3,oc2stockmix,6,36839,1185,1153,31,115,6,110,susquehanna70,NA,maddalan01,Andrew Maddalone,Maddalone Andrew,Bainbridge,NY,USA,NA,NA
2025,Canoe,F3,oc2stockmix,6,36839,1185,1153,31,115,6,110,susquehanna70,NA,NA,Riley Smith,Smith Riley,Sidney,NY,USA,NA,NA
2022,Unknown,G7,opentour,1,36850,1186,15,18,94,1,1,susquehanna70,NA,mcduffri01,River McDuffie,McDuffie River,Robbins,NC,USA,McDuffie's,NA
2022,Unknown,G7,opentour,1,36850,1186,15,18,94,1,1,susquehanna70,NA,NA,William McDuffie,McDuffie William,Robbins,NC,USA,McDuffie's,NA
2024,Unknown,G3,opentour,1,36855,1187,16,19,98,1,1,susquehanna70,NA,NA,Bradley Spooner,Spooner Bradley,Ottawa,ON,CAN,NA,NA
2016,Canoe,P40,oc2pro,43,36886,1188,1154,427,129,43,124,susquehanna70,Mixed,griffiju01,Justin Griffith,Griffith Justin,Harrisville,MI,USA,NA,NA
2016,Canoe,P40,oc2pro,43,36886,1188,1154,427,129,43,124,susquehanna70,Mixed,williasu01,Susan Williams,Williams Susan,Secane,PA,USA,NA,NA
2017,Canoe,A3,oc2stockalum,2,36889,1189,1155,11,140,2,139,susquehanna70,NA,collieto01,Todd Collier,Collier Todd,Cooperstown,NY,USA,NA,NA
2017,Canoe,A3,oc2stockalum,2,36889,1189,1155,11,140,2,139,susquehanna70,NA,bannerlu01,Luke Banner,Banner Luke,Cooperstown,NY,USA,NA,NA
2024,Canoe,L2,oc1master,4,36899,1190,1156,60,99,4,97,susquehanna70,NA,anusiest01,Stan Anusiewicz,Anusiewicz Stan,Brights Grove,ON,CAN,NA,NA
2016,Unknown,G14,open,4,36929,1191,17,16,130,4,4,susquehanna70,NA,NA,Roger Hatfield,Hatfield Roger,"Kingshill, St. Croix",VI,USA,NA,NA
2016,Unknown,G14,open,4,36929,1191,17,16,130,4,4,susquehanna70,NA,NA,Seth Hatfield,Hatfield Seth,Sant Barbara,CA,USA,NA,NA
2015,Canoe,T15,oc2cruiser,11,36952,1192,1157,88,105,11,102,susquehanna70,NA,paynema01,Matthew Payne,Payne Matthew,Watertown,MA,USA,NA,NA
2015,Canoe,T15,oc2cruiser,11,36952,1192,1157,88,105,11,102,susquehanna70,NA,payneth01,Thomas Payne,Payne Thomas,Tewksbury,MA,USA,NA,NA
2014,Canoe,J3,oc1,6,36957,1193,1158,28,141,6,137,susquehanna70,NA,elderkja01,Jamie Elderkin,Elderkin Jamie,Franklin,NY,USA,NA,NA
2015,Canoe,C4,oc2rec,2,36960,1194,1159,14,106,2,103,susquehanna70,NA,hesslebo01,Bob Hessler,Hessler Bob,Ellsworth,ME,USA,NA,NA
2015,Canoe,C4,oc2rec,2,36960,1194,1159,14,106,2,103,susquehanna70,NA,wescotte01,Terry Westcott,Westcott Terry,Thorndike,ME,USA,NA,NA
2019,Canoe,L6,oc1master,5,36988,1195,1160,61,146,5,136,susquehanna70,NA,jordanji01,Jim Jordan,Jordan Jim,Otego,NY,USA,NA,NA
2022,Canoe,E12,oc2stock,4,36991,1196,1161,94,95,4,93,susquehanna70,NA,beckwida01,Dale Beckwith,Beckwith Dale,Sidney,NY,USA,NA,NA
2022,Canoe,E12,oc2stock,4,36991,1196,1161,94,95,4,93,susquehanna70,NA,bagleyje01,Jeff Bagley,Bagley Jeff,Sidney,NY,USA,NA,NA
2015,Canoe,F1,oc2stockmix,1,37059,1197,1162,32,107,1,104,susquehanna70,NA,koptala01,Lauraellen Kopta,Kopta Lauraellen,Clymer,NY,USA,NA,NA
2015,Canoe,F1,oc2stockmix,1,37059,1197,1162,32,107,1,104,susquehanna70,NA,koptama01,Mark Kopta,Kopta Mark,Clymer,NY,USA,NA,NA
2018,Canoe,C1,oc2rec,3,37059,1198,1163,15,140,3,139,susquehanna70,NA,vanderri01,Rik Vandermeulen,Vandermeulen Rik,Unadilla,NY,USA,NA,NA
2018,Canoe,C1,oc2rec,3,37059,1198,1163,15,140,3,139,susquehanna70,NA,bonnaral01,Alex Bonnar,Bonnar Alex,Burlington,MA,USA,NA,NA
2023,Canoe,B3,oc4stock,5,37110,1199,1164,64,86,5,85,susquehanna70,NA,NA,Cameron Cummings,Cummings Cameron,Farmington,NY,USA,The Foursomes,NA
2023,Canoe,B3,oc4stock,5,37110,1199,1164,64,86,5,85,susquehanna70,NA,NA,Timothy Henning,Henning Timothy,Marion,NY,USA,The Foursomes,NA
2023,Canoe,B3,oc4stock,5,37110,1199,1164,64,86,5,85,susquehanna70,NA,neugebri01,Richard Neugebauer,Neugebauer Richard,Skaneateles,NY,USA,The Foursomes,NA
2023,Canoe,B3,oc4stock,5,37110,1199,1164,64,86,5,85,susquehanna70,NA,crouchho01,Holly Crouch,Crouch Holly,Sherburne,NY,USA,The Foursomes,NA
2022,Canoe,E3,oc2stock,5,37148,1200,1165,95,96,5,94,susquehanna70,NA,whitinwi01,Will Whiting,Whiting Will,Fultonville,NY,USA,Whiting,NA
2022,Canoe,E3,oc2stock,5,37148,1200,1165,95,96,5,94,susquehanna70,NA,whitiner01,Erik Whiting,Whiting Erik,Ledyard,CT,USA,Whiting,NA
2014,Canoe,A6,oc2stockalum,3,37169,1201,1166,12,142,3,138,susquehanna70,NA,NA,Ted La,La Ted,Monica Oneonta,NY,USA,NA,NA
2014,Canoe,A6,oc2stockalum,3,37169,1201,1166,12,142,3,138,susquehanna70,NA,asheti01,Timothy Ashe,Ashe Timothy,Maryland,NY,USA,NA,NA
2017,Canoe,G1,open,3,37187,1202,1167,17,141,3,140,susquehanna70,NA,watsonbr01,Brian Watson,Watson Brian,Watertown,NY,USA,NA,NA
2017,Canoe,G1,open,3,37187,1202,1167,17,141,3,140,susquehanna70,NA,NA,Charles Goodnough,Goodnough Charles,Theresa,NY,USA,NA,NA
2024,Canoe,X8,oc2cruisermix,8,37190,1203,1168,113,100,8,98,susquehanna70,NA,davenple01,Leslie Davenport,Davenport Leslie,Arnprior,ON,CAN,Team Biddy,NA
2024,Canoe,X8,oc2cruisermix,8,37190,1203,1168,113,100,8,98,susquehanna70,NA,rouxcl01,Claude Roux,Roux Claude,Vaudreuil-Dorion,QC,CAN,Team Biddy,NA
2015,Canoe,B9,oc4stock,7,37199,1204,1169,65,108,7,105,susquehanna70,NA,krehbiaa01,Aaron Krehbiel,Krehbiel Aaron,Buffalo,NY,USA,NA,NA
2015,Canoe,B9,oc4stock,7,37199,1204,1169,65,108,7,105,susquehanna70,NA,NA,Dan Farrell,Farrell Dan,Buffalo,NY,USA,NA,NA
2015,Canoe,B9,oc4stock,7,37199,1204,1169,65,108,7,105,susquehanna70,NA,NA,Fran Wagner,Wagner Fran,Buffalo,NY,USA,NA,NA
2015,Canoe,B9,oc4stock,7,37199,1204,1169,65,108,7,105,susquehanna70,NA,NA,Mark Kogutowski,Kogutowski Mark,Buffalo,NY,USA,NA,NA
2022,Unknown,G3,opentour,2,37202,1205,18,20,97,2,2,susquehanna70,NA,lepleymi01,Michael Lepley,Lepley Michael,Peabody,MA,USA,NA,NA
2022,Unknown,G3,opentour,2,37202,1205,18,20,97,2,2,susquehanna70,NA,heldca01,Cameron Held,Held Cameron,Portland,ME,USA,NA,NA
2019,Canoe,J7,oc1,6,37206,1206,1170,29,147,6,137,susquehanna70,NA,galipeda01,Damon Galipeau,Galipeau Damon,Indian Island,ME,USA,NA,NA
2017,Canoe,C1,oc2rec,4,37215,1207,1171,16,142,4,141,susquehanna70,NA,bonnaral01,Alex Bonnar,Bonnar Alex,Burlington,MA,USA,NA,NA
2017,Canoe,C1,oc2rec,4,37215,1207,1171,16,142,4,141,susquehanna70,NA,vanderri01,Rik Vandermeulen,Vandermeulen Rik,Unadilla,NY,USA,NA,NA
2016,Canoe,C2,oc2rec,3,37232,1208,1172,17,131,3,125,susquehanna70,NA,obrienpa01,Pat O'Brien,O'Brien Pat,Hartwick,NY,USA,NA,NA
2016,Canoe,C2,oc2rec,3,37232,1208,1172,17,131,3,125,susquehanna70,NA,bachorst01,Steven Bachorik,Bachorik Steven,Hartwick,NY,USA,NA,NA
2017,Canoe,X18,oc2cruisermix,20,37241,1209,1173,114,143,20,142,susquehanna70,NA,NA,Jessica Collier,Collier Jessica,Cooperstown,NY,USA,NA,NA
2017,Canoe,X18,oc2cruisermix,20,37241,1209,1173,114,143,20,142,susquehanna70,NA,colliest01,Steven Collier,Collier Steven,Cooperstown,NY,USA,NA,NA
2018,Canoe,L9,oc1master,7,37249,1210,1174,62,141,7,140,susquehanna70,NA,jordanji01,Jim Jordan,Jordan Jim,Otego,NY,USA,NA,NA
2015,Canoe,J4,oc1,3,37253,1211,1175,30,109,3,106,susquehanna70,NA,breierky01,Kyle Breier,Breier Kyle,Oneonta,NY,USA,NA,NA
2024,Unknown,G10,opentour,2,37271,1212,19,21,101,2,2,susquehanna70,NA,NA,Zachary Craft,Craft Zachary,Unadilla,NY,USA,Getting Crafty,NA
2022,Canoe,E11,oc2stock,6,37283,1213,1176,96,98,6,95,susquehanna70,NA,robertra01,Ralph Robertson,Robertson Ralph,Bucksport,ME,USA,RR,NA
2022,Canoe,E11,oc2stock,6,37283,1213,1176,96,98,6,95,susquehanna70,NA,robertri01,River Robertson,Robertson River,North Berwick,ME,USA,RR,NA
2015,Canoe,E2,oc2stock,7,37288,1214,1177,97,110,7,107,susquehanna70,NA,gergke01,Ken Gerg,Gerg Ken,Emporium,PA,USA,NA,NA
2015,Canoe,E2,oc2stock,7,37288,1214,1177,97,110,7,107,susquehanna70,NA,youngla01,Laverne Young,Young Laverne,Niceville,FL,USA,NA,NA
2025,Canoe,S1,oc1pro,4,37296,1215,1178,68,116,4,111,susquehanna70,NA,NA,Olivier Crête,Crête Olivier,Saint-Raymond,QC,CAN,NA,NA
2023,Canoe,E6,oc2stock,4,37298,1216,1179,98,87,4,86,susquehanna70,NA,mclainga01,Gary McLain,McLain Gary,Ballston Spa,NY,USA,Fish Creek Express,NA
2023,Canoe,E6,oc2stock,4,37298,1216,1179,98,87,4,86,susquehanna70,NA,amellji01,Jim Amell,Amell Jim,Gansevoort,NY,USA,Fish Creek Express,NA
2016,Canoe,A4,oc2stockalum,2,37298,1217,1180,13,132,2,126,susquehanna70,NA,bannerlu01,Luke Banner,Banner Luke,Cooperstown,NY,USA,NA,NA
2016,Canoe,A4,oc2stockalum,2,37298,1217,1180,13,132,2,126,susquehanna70,NA,collieto01,Todd Collier,Collier Todd,Cooperstown,NY,USA,NA,NA
2023,Canoe,J4,oc1,1,37300,1218,1181,31,88,1,87,susquehanna70,NA,prestoda01,Dave Preston,Preston Dave,Pennellville,NY,USA,Tracker Dave,NA
2017,Canoe,E9,oc2stock,11,37354,1219,1182,99,144,11,143,susquehanna70,NA,fande01,Desmond Fan,Fan Desmond,Toronto,ON,CAN,NA,NA
2017,Canoe,E9,oc2stock,11,37354,1219,1182,99,144,11,143,susquehanna70,NA,mokansma01,Matthew Mokanski,Mokanski Matthew,Oshawa,ON,CAN,NA,NA
2022,Canoe,J3,oc1,3,37372,1220,1183,32,99,3,96,susquehanna70,NA,breierky01,Kyle Breier,Breier Kyle,Oneonta,NY,USA,NA,NA
2025,Canoe,R4,oc1stock,3,37373,1221,1184,8,117,3,112,susquehanna70,NA,NA,Jason Sarsfield,Sarsfield Jason,Harrison,MI,USA,NA,NA
2023,Canoe,E10,oc2stock,5,37379,1222,1185,100,89,5,88,susquehanna70,NA,beckwida01,Dale Beckwith,Beckwith Dale,Sidney,NY,USA,B Squared,NA
2023,Canoe,E10,oc2stock,5,37379,1222,1185,100,89,5,88,susquehanna70,NA,bagleyje01,Jeff Bagley,Bagley Jeff,Sidney,NY,USA,B Squared,NA
2023,Canoe,L5,oc1master,3,37396,1223,1186,63,90,3,89,susquehanna70,NA,hainesru01,Russel Haines,Haines Russel,Corsica,PA,USA,700orbust,NA
2024,Canoe,F4,oc2stockmix,3,37397,1224,1187,33,102,3,99,susquehanna70,NA,NA,Valerie Maddalone,Maddalone Valerie,Oneonta,NY,USA,Herrmann/Maddalone,NA
2024,Canoe,F4,oc2stockmix,3,37397,1224,1187,33,102,3,99,susquehanna70,NA,herrmast01,Steve Herrmann,Herrmann Steve,West Oneonta,NY,USA,Herrmann/Maddalone,NA
2016,Canoe,R5,oc1stock,1,37401,1225,1188,9,133,1,127,susquehanna70,NA,NA,Matt Leichty,Leichty Matt,Unadilla,NY,USA,NA,NA
2019,Canoe,F8,oc2stockmix,8,37410,1226,1189,34,148,8,138,susquehanna70,NA,NA,Jay Gopal,Gopal Jay,Washington,DC,USA,NA,NA
2019,Canoe,F8,oc2stockmix,8,37410,1226,1189,34,148,8,138,susquehanna70,NA,NA,Doug Brooks,Brooks Doug,Washington,DC,USA,NA,NA
2014,Canoe,A9,oc2stockalum,4,37450,1227,1190,14,143,4,139,susquehanna70,NA,NA,Aaron Shelton,Shelton Aaron,Walton,NY,USA,NA,NA
2014,Canoe,A9,oc2stockalum,4,37450,1227,1190,14,143,4,139,susquehanna70,NA,NA,Kevin Coons,Coons Kevin,Walton,NY,USA,NA,NA
2014,Canoe,L13,oc1master,14,37451,1228,1191,64,144,14,140,susquehanna70,NA,lucknefr01,Francis Luckner IV,Luckner IV Francis,Corning,NY,USA,NA,NA
2025,Canoe,R2,oc1stock,4,37468,1229,1192,10,118,4,113,susquehanna70,NA,primmemi01,Michael Primmer,Primmer Michael,Oneonta,NY,USA,Tough Pups,NA
2023,Canoe,E9,oc2stock,6,37475,1230,1193,101,91,6,90,susquehanna70,NA,jamesoel01,Elisha Jameson,Jameson Elisha,Chester,MA,USA,Mainely Mass,NA
2023,Canoe,E9,oc2stock,6,37475,1230,1193,101,91,6,90,susquehanna70,NA,savoylu01,Lucas Savoy,Savoy Lucas,Cumberland,ME,USA,Mainely Mass,NA
2016,Canoe,C3,oc2rec,4,37511,1231,1194,18,134,4,128,susquehanna70,NA,NA,Joeseph Allison,Allison Joeseph,Morris,NY,USA,NA,NA
2016,Canoe,C3,oc2rec,4,37511,1231,1194,18,134,4,128,susquehanna70,NA,NA,Quinton Hasak,Hasak Quinton,Cooperstown,NY,USA,NA,NA
2023,Canoe,L13,oc1master,4,37534,1232,1195,65,92,4,91,susquehanna70,NA,fairchmi01,Michael Fairchild,Fairchild Michael,Battleboro,VT,USA,NA,NA
2025,Canoe,L7,oc1master,6,37552,1233,1196,66,119,6,114,susquehanna70,NA,marcyru01,Russell Marcy,Marcy Russell,Cooperstown,NY,USA,NA,NA
2016,Unknown,G23,open,5,37560,1234,20,18,135,5,5,susquehanna70,NA,goocheji01,Jim Goochee,Goochee Jim,Port Allegany,PA,USA,NA,NA
2016,Canoe,E11,oc2stock,10,37563,1235,1197,102,136,10,129,susquehanna70,NA,eustisha01,Harold Eustis,Eustis Harold,Delhi,NY,USA,NA,NA
2016,Canoe,E11,oc2stock,10,37563,1235,1197,102,136,10,129,susquehanna70,NA,mallerti01,Tim Mallery,Mallery Tim,South Williamsport,PA,USA,NA,NA
2017,Canoe,G9,open,4,37576,1236,1198,19,145,4,144,susquehanna70,NA,mcduffwi01,William McDuffie,McDuffie William,Robbins,NC,USA,NA,NA
2017,Canoe,G9,open,4,37576,1236,1198,19,145,4,144,susquehanna70,NA,mcduffri01,River McDuffie,McDuffie River,Robbins,NC,USA,NA,NA
2022,Canoe,B7,oc4stock,5,37589,1237,1199,66,100,5,97,susquehanna70,NA,watsonbr01,Brian Watson,Watson Brian,Watertown,NY,USA,NA,NA
2022,Canoe,B7,oc4stock,5,37589,1237,1199,66,100,5,97,susquehanna70,NA,neugebri01,Richard Neugebauer,Neugebauer Richard,Skaneateles,NY,USA,NA,NA
2022,Canoe,B7,oc4stock,5,37589,1237,1199,66,100,5,97,susquehanna70,NA,NA,Mike Fiorentino,Fiorentino Mike,Watertown,NY,USA,NA,NA
2022,Canoe,B7,oc4stock,5,37589,1237,1199,66,100,5,97,susquehanna70,NA,henekada01,Dan Heneka,Heneka Dan,Cranberry Lake,NY,USA,NA,NA
2018,Canoe,R1,oc1stock,1,37599,1238,1200,11,142,1,141,susquehanna70,NA,nearch01,Chris Near,Near Chris,Huntsville,ON,CAN,NA,NA
2016,Unknown,G10,open,6,37613,1239,21,20,137,6,6,susquehanna70,NA,mcduffri01,River McDuffie,McDuffie River,Robbins,NC,USA,NA,NA
2016,Unknown,G10,open,6,37613,1239,21,20,137,6,6,susquehanna70,NA,mcduffwi01,William McDuffie,McDuffie William,Robbins,NC,USA,NA,NA
2016,Canoe,V8,oc2cruisermaster,8,37623,1240,1201,64,138,8,130,susquehanna70,NA,buchhobl01,Blair Buchholz,Buchholz Blair,Wellsville,NY,USA,NA,NA
2016,Canoe,V8,oc2cruisermaster,8,37623,1240,1201,64,138,8,130,susquehanna70,NA,nicoloja01,James Nicoloff,Nicoloff James,Hornell,NY,USA,NA,NA
2017,Canoe,E1,oc2stock,12,37627,1241,1202,103,146,12,145,susquehanna70,NA,NA,Brian Loskamp,Loskamp Brian,Babylon,NY,USA,NA,NA
2017,Canoe,E1,oc2stock,12,37627,1241,1202,103,146,12,145,susquehanna70,NA,buchhoge01,George Buchholz,Buchholz George,Ithaca,NY,USA,NA,NA
2014,Canoe,U1,oc2cruiserjrsr,1,37630,1242,1203,2,145,1,141,susquehanna70,NA,riptonan01,Annie Ripton,Ripton Annie,Webster,NY,USA,NA,NA
2014,Canoe,U1,oc2cruiserjrsr,1,37630,1242,1203,2,145,1,141,susquehanna70,NA,vandewgl01,Glen Vandewinckel,Vandewinckel Glen,Webster,NY,USA,NA,NA
2015,Canoe,A3,oc2stockalum,2,37677,1243,1204,15,111,2,108,susquehanna70,NA,thebauan01,Ander Thebaud,Thebaud Ander,Mount Desert,ME,USA,NA,NA
2015,Canoe,A3,oc2stockalum,2,37677,1243,1204,15,111,2,108,susquehanna70,NA,loringch01,Chip Loring,Loring Chip,Old Town,ME,USA,NA,NA
2014,Canoe,D3,oc2recmix,2,37693,1244,1205,4,146,2,142,susquehanna70,NA,mitchesa01,Sandra Mitchell,Mitchell Sandra,Buxton,ME,USA,NA,NA
2014,Canoe,D3,oc2recmix,2,37693,1244,1205,4,146,2,142,susquehanna70,NA,wescotte01,Terry Wescott,Wescott Terry,Thorndike,ME,USA,NA,NA
2024,Canoe,T3,oc2cruiser,5,37693,1245,1206,89,103,5,100,susquehanna70,NA,colliejo01,John Collier,Collier John,Richmondville,NY,USA,Collier Racing,NA
2024,Canoe,T3,oc2cruiser,5,37693,1245,1206,89,103,5,100,susquehanna70,NA,colliest01,Steve Collier,Collier Steve,Cooperstown,NY,USA,Collier Racing,NA
2016,Unknown,G18,open,7,37707,1246,22,21,139,7,7,susquehanna70,NA,watsonbr01,Brian Watson,Watson Brian,Watertown,NY,USA,NA,NA
2016,Unknown,G18,open,7,37707,1246,22,21,139,7,7,susquehanna70,NA,goodnofr01,Fred Goodnough,Goodnough Fred,Theresa,NY,USA,NA,NA
2017,Canoe,C3,oc2rec,5,37713,1247,1207,19,147,5,146,susquehanna70,NA,NA,Terrance Wood,Wood Terrance,St. Theresa point,MB,CAN,NA,NA
2017,Canoe,C3,oc2rec,5,37713,1247,1207,19,147,5,146,susquehanna70,NA,NA,Lyle Wood,Wood Lyle,Winnipeg,MB,CAN,NA,NA
2016,Unknown,G24,open,8,37769,1248,23,22,140,8,8,susquehanna70,NA,NA,Lyle Wood,Wood Lyle,St Theresa,MB,CAN,NA,NA
2016,Unknown,G24,open,8,37769,1248,23,22,140,8,8,susquehanna70,NA,NA,Terrance Wood,Wood Terrance,St Theresa,MB,CAN,NA,NA
2022,Canoe,F1,oc2stockmix,2,37779,1249,1208,35,101,2,98,susquehanna70,NA,herrmast01,Steve Herrmann,Herrmann Steve,West Oneonta,NY,USA,Herrmann2,NA
2022,Canoe,F1,oc2stockmix,2,37779,1249,1208,35,101,2,98,susquehanna70,NA,NA,Valerie Maddalone,Maddalone Valerie,Oneonta,NY,USA,Herrmann2,NA
2019,Canoe,L5,oc1master,6,37785,1250,1209,67,149,6,139,susquehanna70,NA,rogersro01,Robert Rogers,Rogers Robert,Oneonta,NY,USA,NA,NA
2025,Unknown,G17,opentour,4,37799,1251,24,22,120,4,4,susquehanna70,NA,NA,Victor Fisher,Fisher Victor,Bainbridge ,NY,USA,Iron Brigade,NA
2025,Unknown,G17,opentour,4,37799,1251,24,22,120,4,4,susquehanna70,NA,NA,Dario Loriato,Loriato Dario,Brookline ,MA,USA,Iron Brigade,NA
2022,Canoe,U5,oc2cruisersenior,4,37802,1252,1210,38,102,4,99,susquehanna70,NA,deanwi01,William Dean,Dean William,Grayling ,MI,USA,Bill lewis,NA
2022,Canoe,U5,oc2cruisersenior,4,37802,1252,1210,38,102,4,99,susquehanna70,NA,NA,Lewis Madill,Madill Lewis,Frederic ,MI,USA,Bill lewis,NA
2018,Canoe,A2,oc2stockalum,3,37816,1253,1211,16,143,3,142,susquehanna70,NA,collieto01,Todd Collier,Collier Todd,Cooperstown,NY,USA,NA,NA
2018,Canoe,A2,oc2stockalum,3,37816,1253,1211,16,143,3,142,susquehanna70,NA,bannerlu01,Luke Banner,Banner Luke,Cooperstown,NY,USA,NA,NA
2014,Kayak,KL2,k1unlimited,5,37832,1254,19,19,147,5,5,susquehanna70,NA,NA,Jim Kazda,Kazda Jim,Candor,NY,USA,NA,NA
2018,Canoe,E17,oc2stock,18,37906,1255,1212,104,144,18,143,susquehanna70,NA,mokansma01,Matthew Mokanski,Mokanski Matthew,Oshawa,ON,CAN,NA,NA
2018,Canoe,E17,oc2stock,18,37906,1255,1212,104,144,18,143,susquehanna70,NA,fande01,Desmond Fan,Fan Desmond,Toronto,ON,CAN,NA,NA
2019,Canoe,F6,oc2stockmix,9,37942,1256,1213,36,150,9,140,susquehanna70,NA,raceda01,Dan Race,Race Dan,Hyde Park,VT,USA,NA,NA
2019,Canoe,F6,oc2stockmix,9,37942,1256,1213,36,150,9,140,susquehanna70,NA,NA,Molly Hatfield,Hatfield Molly,Hyde Park,VT,USA,NA,NA
2018,Canoe,J1,oc1,3,37946,1257,1214,33,145,3,144,susquehanna70,NA,loeffltr01,Tres Loeffler,Loeffler Tres,Milford,NY,USA,NA,NA
2024,Canoe,E3,oc2stock,7,37953,1258,1215,105,104,7,101,susquehanna70,NA,whitinwi01,Will Whiting,Whiting Will,Fultonville,NY,USA,NA,NA
2024,Canoe,E3,oc2stock,7,37953,1258,1215,105,104,7,101,susquehanna70,NA,whitiner01,Erik Whiting,Whiting Erik,Ledyard,CT,USA,NA,NA
2017,Canoe,F3,oc2stockmix,6,37960,1259,1216,37,148,6,147,susquehanna70,NA,paradial01,Alan Paradise,Paradise Alan,Pittsfield,NH,USA,NA,NA
2017,Canoe,F3,oc2stockmix,6,37960,1259,1216,37,148,6,147,susquehanna70,NA,paradish01,Shelby Paradise,Paradise Shelby,Pittsfield,NH,USA,NA,NA
2023,Canoe,T6,oc2cruiser,9,37964,1260,1217,90,93,9,92,susquehanna70,NA,mabeeas01,Ashton Mabee,Mabee Ashton,Bangor,ME,USA,NA,NA
2023,Canoe,T6,oc2cruiser,9,37964,1260,1217,90,93,9,92,susquehanna70,NA,burkeja01,Jack Burke,Burke Jack,Hampden,ME,USA,NA,NA
2015,Canoe,E16,oc2stock,8,37982,1261,1218,106,112,8,109,susquehanna70,NA,lafevedo01,Don Lafever,Lafever Don,Norwich,NY,USA,NA,NA
2015,Canoe,E16,oc2stock,8,37982,1261,1218,106,112,8,109,susquehanna70,NA,NA,Scott Lafever,Lafever Scott,Leesburg,VA,USA,NA,NA
2016,Canoe,Y2,oc2cruiserwomen,4,38007,1262,1219,23,141,4,131,susquehanna70,NA,mcduffly01,Lynne McDuffie,McDuffie Lynne,Robbins,NC,USA,NA,NA
2016,Canoe,Y2,oc2cruiserwomen,4,38007,1262,1219,23,141,4,131,susquehanna70,NA,reinerpr01,Priscilla Reinertsen,Reinertsen Priscilla,Contoocook,NH,USA,NA,NA
2024,Unknown,G11,opentour,3,38012,1263,25,23,105,3,3,susquehanna70,NA,NA,William McDuffie,McDuffie William,Robbins,NC,USA,Palebellies,NA
2024,Unknown,G11,opentour,3,38012,1263,25,23,105,3,3,susquehanna70,NA,mcduffri01,River McDuffie,McDuffie River,Robbins,NC,USA,Palebellies,NA
2014,Canoe,R5,oc1stock,5,38013,1264,1220,12,148,5,143,susquehanna70,NA,primmemi01,Michael Primmer,Primmer Michael,Oneonta,NY,USA,NA,NA
2014,Canoe,V10,oc2cruisermaster,9,38015,1265,1221,65,149,9,144,susquehanna70,NA,marcyru01,Russell Marcy,Marcy Russell,Cooperstown,NY,USA,NA,NA
2014,Canoe,V10,oc2cruisermaster,9,38015,1265,1221,65,149,9,144,susquehanna70,NA,daldegvi01,Vick Daldegan,Daldegan Vick,Worcester,NY,USA,NA,NA
2014,Canoe,A4,oc2stockalum,5,38017,1266,1222,17,150,5,145,susquehanna70,NA,NA,Eric Lamanna,Lamanna Eric,Rochester,NY,USA,NA,NA
2014,Canoe,A4,oc2stockalum,5,38017,1266,1222,17,150,5,145,susquehanna70,NA,NA,Steve Ost,Ost Steve,North Chili,NY,USA,NA,NA
2017,Canoe,E4,oc2stock,13,38045,1267,1223,107,149,13,148,susquehanna70,NA,jonesti01,Tim Jones,Jones Tim,Smithfield,VA,USA,NA,NA
2017,Canoe,E4,oc2stock,13,38045,1267,1223,107,149,13,148,susquehanna70,NA,perryji01,Jim Perry,Perry Jim,Lanexa,VA,USA,NA,NA
2023,Canoe,L7,oc1master,5,38070,1268,1224,68,94,5,93,susquehanna70,NA,anusiest01,Stan Anusiewicz,Anusiewicz Stan,Brights Grove,ON,CAN,NA,NA
2017,Canoe,T11,oc2cruiser,15,38080,1269,1225,91,150,15,149,susquehanna70,NA,NA,Michael Hamilton Jr.,Hamilton Jr. Michael,Oneonta,NY,USA,NA,NA
2017,Canoe,T11,oc2cruiser,15,38080,1269,1225,91,150,15,149,susquehanna70,NA,NA,Michael Hamilton Sr.,Hamilton Sr. Michael,Yaphank,NY,USA,NA,NA
2016,Canoe,D2,oc2recmix,1,38091,1270,1226,5,142,1,132,susquehanna70,NA,NA,Angus Campbell,Campbell Angus,Nelson House,MB,CAN,NA,NA
2016,Canoe,D2,oc2recmix,1,38091,1270,1226,5,142,1,132,susquehanna70,NA,linklabo01,Bonnie Linklater,Linklater Bonnie,Nelson House,MB,CAN,NA,NA
2014,Canoe,J1,oc1,7,38098,1271,1227,34,151,7,146,susquehanna70,NA,schlimfr01,Francis Schlimmer,Schlimmer Francis,Cortland,NY,USA,NA,NA
2014,Canoe,T1,oc2cruiser,10,38105,1272,1228,92,152,10,147,susquehanna70,NA,buchhoge01,George Buchholz,Buchholz George,North Babylon,NY,USA,NA,NA
2014,Canoe,T1,oc2cruiser,10,38105,1272,1228,92,152,10,147,susquehanna70,NA,buchhojo01,John Buchholz,Buchholz John,Cambridge,MA,USA,NA,NA
2017,Canoe,A8,oc2stockalum,3,38116,1273,1229,18,151,3,150,susquehanna70,NA,danaev01,Eve Dana,Dana Eve,NA,NA,NA,NA,NA
2017,Canoe,A8,oc2stockalum,3,38116,1273,1229,18,151,3,150,susquehanna70,NA,wardweju01,Justin Wardwell,Wardwell Justin,Hampden,ME,USA,NA,NA
2023,Canoe,C1,oc2rec,1,38152,1274,1230,20,95,1,94,susquehanna70,NA,sherwobr01,Brett Sherwood,Sherwood Brett,Morris,NY,USA,Team WCDO,NA
2023,Canoe,C1,oc2rec,1,38152,1274,1230,20,95,1,94,susquehanna70,NA,lullna01,Nate Lull,Lull Nate,Gilbertsville,NY,USA,Team WCDO,NA
2019,Canoe,J9,oc1,7,38158,1275,1231,35,151,7,141,susquehanna70,NA,meaderbe01,Benjamin Meader,Meader Benjamin,South Bristol,ME,USA,NA,NA
2023,Canoe,U4,oc2cruisersenior,3,38160,1276,1232,39,96,3,95,susquehanna70,NA,kellogje02,Jerry Kellogg,Kellogg Jerry,Morley,MI,USA,A Blast From The Past,NA
2023,Canoe,U4,oc2cruisersenior,3,38160,1276,1232,39,96,3,95,susquehanna70,NA,robilllu01,Luc Robillard,Robillard Luc,Waitsfield,VT,USA,A Blast From The Past,NA
2015,Canoe,L4,oc1master,9,38165,1277,1233,69,113,9,110,susquehanna70,NA,dipeleja01,Jim Dipelesi,Dipelesi Jim,Kings Park,NY,USA,NA,NA
2025,Unknown,G16,opentour,5,38174,1278,26,24,121,5,5,susquehanna70,NA,NA,Jacob Taylor,Taylor Jacob,Otego,NY,USA,Best Friends,NA
2025,Unknown,G16,opentour,5,38174,1278,26,24,121,5,5,susquehanna70,NA,NA,Ethan Mazzarella,Mazzarella Ethan,Bainbridge,NY,USA,Best Friends,NA
2016,Canoe,E17,oc2stock,11,38185,1279,1234,108,143,11,133,susquehanna70,NA,fande01,Desmond Fan,Fan Desmond,Toronto,ON,CAN,NA,NA
2016,Canoe,E17,oc2stock,11,38185,1279,1234,108,143,11,133,susquehanna70,NA,mokansma01,Matthew Mokanski,Mokanski Matthew,North York,ON,CAN,NA,NA
2014,Canoe,D1,oc2recmix,3,38189,1280,1235,6,153,3,148,susquehanna70,NA,mattinji01,Jim Mattingly,Mattingly Jim,Theresa,NY,USA,NA,NA
2014,Canoe,D1,oc2recmix,3,38189,1280,1235,6,153,3,148,susquehanna70,NA,turturlo01,Lorraine Turturro,Turturro Lorraine,Watertown,NY,USA,NA,NA
2015,Canoe,V6,oc2cruisermaster,8,38195,1281,1236,66,114,8,111,susquehanna70,NA,buchhobl01,Blair Buchholz,Buchholz Blair,Wellsville,NY,USA,NA,NA
2015,Canoe,V6,oc2cruisermaster,8,38195,1281,1236,66,114,8,111,susquehanna70,NA,nicoloja01,James Nicoloff,Nicoloff James,Hornell,NY,USA,NA,NA
2015,Canoe,G13,open,2,38201,1282,1237,23,115,2,112,susquehanna70,NA,fisherdu01,Duke Fisher,Fisher Duke,Bainbridge,NY,USA,NA,NA
2015,Canoe,G13,open,2,38201,1282,1237,23,115,2,112,susquehanna70,NA,fishergr01,Griffin Fisher,Fisher Griffin,Bainbridge,NY,USA,NA,NA
2024,Canoe,J2,oc1,2,38214,1283,1238,36,106,2,102,susquehanna70,NA,breierky01,Kyle Breier,Breier Kyle,Oneonta,NY,USA,Byle Kreier,NA
2017,Canoe,L15,oc1master,10,38223,1284,1239,70,152,10,151,susquehanna70,NA,deighabi01,Bill Deighan,Deighan Bill,Newburgh,ME,USA,NA,NA
2015,Canoe,E8,oc2stock,9,38255,1285,1240,109,116,9,113,susquehanna70,NA,jesterbr01,Brian Jester,Jester Brian,Vestal,NY,USA,NA,NA
2015,Canoe,E8,oc2stock,9,38255,1285,1240,109,116,9,113,susquehanna70,NA,eichlest01,Steve Eichler,Eichler Steve,Oneonta,NY,USA,NA,NA
2024,Canoe,E6,oc2stock,8,38258,1286,1241,110,107,8,103,susquehanna70,NA,maddalan01,Andrew Maddalone,Maddalone Andrew,Bainbridge,NY,USA,NA,NA
2024,Canoe,E6,oc2stock,8,38258,1286,1241,110,107,8,103,susquehanna70,NA,pricero01,Rod Price,Price Rod,Orlando,FL,USA,NA,NA
2025,Unknown,G4,opentour,6,38258,1287,27,25,122,6,6,susquehanna70,NA,NA,Lance Thomas,Thomas Lance,Oneonta,NY,USA,Have A Day,NA
2025,Unknown,G4,opentour,6,38258,1287,27,25,122,6,6,susquehanna70,NA,NA,Alex Scorzafava,Scorzafava Alex,Oneonta,NY,USA,Have A Day,NA
2016,Canoe,E1,oc2stock,12,38262,1288,1242,111,144,12,134,susquehanna70,NA,NA,Brian Loskamp,Loskamp Brian,Babylon,NY,USA,NA,NA
2016,Canoe,E1,oc2stock,12,38262,1288,1242,111,144,12,134,susquehanna70,NA,buchhoge01,George Buchholz,Buchholz George,North Babylon,NY,USA,NA,NA
2017,Canoe,E12,oc2stock,14,38269,1289,1243,112,153,14,152,susquehanna70,NA,NA,Christopher Brown,Brown Christopher,Washington,DC,USA,NA,NA
2017,Canoe,E12,oc2stock,14,38269,1289,1243,112,153,14,152,susquehanna70,NA,NA,Doug Brooks,Brooks Doug,Washington,DC,USA,NA,NA
2015,Canoe,J3,oc1,4,38272,1290,1244,37,117,4,114,susquehanna70,NA,loeffltr01,Tres Loeffler,Loeffler Tres,Milford,NY,USA,NA,NA
2016,Canoe,L14,oc1master,7,38277,1291,1245,71,145,7,135,susquehanna70,NA,stonemdo01,Don Stoneman,Stoneman Don,Cambridge,ON,CAN,NA,NA
2017,Canoe,R2,oc1stock,1,38279,1292,1246,13,154,1,153,susquehanna70,NA,nearch01,Chris Near,Near Chris,Huntsville,ON,CAN,NA,NA
2016,Canoe,B11,oc4stock,10,38303,1293,1247,67,146,10,136,susquehanna70,NA,krehbiaa01,Aaron Krehbiel,Krehbiel Aaron,Buffalo,NY,USA,NA,NA
2016,Canoe,B11,oc4stock,10,38303,1293,1247,67,146,10,136,susquehanna70,NA,NA,Dan Farrell,Farrell Dan,Buffalo,NY,USA,NA,NA
2016,Canoe,B11,oc4stock,10,38303,1293,1247,67,146,10,136,susquehanna70,NA,NA,Esmerelda Jiminez,Jiminez Esmerelda,Buffalo,NY,USA,NA,NA
2016,Canoe,B11,oc4stock,10,38303,1293,1247,67,146,10,136,susquehanna70,NA,NA,Fran Wagner,Wagner Fran,Buffalo,NY,USA,NA,NA
2016,Canoe,A1,oc2stockalum,3,38332,1294,1248,19,147,3,137,susquehanna70,NA,NA,Dustin Dumond,Dumond Dustin,Bainbridge,NY,USA,NA,NA
2016,Canoe,A1,oc2stockalum,3,38332,1294,1248,19,147,3,137,susquehanna70,NA,NA,Nathan Seymour,Seymour Nathan,Bainbridge,NY,USA,NA,NA
2016,Canoe,R4,oc1stock,2,38344,1295,1249,14,148,2,138,susquehanna70,NA,newmanje01,Jeff Newman,Newman Jeff,Unadilla,NY,USA,NA,NA
2025,Canoe,Y2,oc2cruiserwomen,3,38352,1296,1250,24,123,3,115,susquehanna70,NA,reinerpr01,Priscilla Reinertsen,Reinertsen Priscilla,Contoocook,NH,USA,NA,NA
2025,Canoe,Y2,oc2cruiserwomen,3,38352,1296,1250,24,123,3,115,susquehanna70,NA,helferel01,Elizabeth Helfer,Helfer Elizabeth,Waltham,MA,USA,NA,NA
2022,Canoe,E6,oc2stock,7,38376,1297,1251,113,103,7,100,susquehanna70,NA,NA,Brian Loskamp,Loskamp Brian,Long Beach,CA,USA,Brian and JorJ,NA
2022,Canoe,E6,oc2stock,7,38376,1297,1251,113,103,7,100,susquehanna70,NA,buchhoge01,George Buchholz,Buchholz George,Ithaca,NY,USA,Brian and JorJ,NA
2014,Canoe,A8,oc2stockalum,6,38383,1298,1252,20,154,6,149,susquehanna70,NA,NA,Bryan Beers,Beers Bryan,Mount Vision,NY,USA,NA,NA
2014,Canoe,A8,oc2stockalum,6,38383,1298,1252,20,154,6,149,susquehanna70,NA,NA,Josh Johnson,Johnson Josh,Mt. Vision,NY,USA,NA,NA
2016,Canoe,B9,oc4stock,11,38388,1299,1253,68,149,11,139,susquehanna70,NA,gilesam01,Amber Giles,Giles Amber,Bainbridge,NY,USA,NA,NA
2016,Canoe,B9,oc4stock,11,38388,1299,1253,68,149,11,139,susquehanna70,NA,fisherbu01,Buddy Fisher,Fisher Buddy,Bainbridge,NY,USA,NA,NA
2016,Canoe,B9,oc4stock,11,38388,1299,1253,68,149,11,139,susquehanna70,NA,fisherdu01,Duke Fisher,Fisher Duke,Bainbridge,NY,USA,NA,NA
2016,Canoe,B9,oc4stock,11,38388,1299,1253,68,149,11,139,susquehanna70,NA,NA,Wyatt Mosher,Mosher Wyatt,Bainbridge,NY,USA,NA,NA
2025,Canoe,L6,oc1master,7,38398,1300,1254,72,124,7,116,susquehanna70,NA,casalejo01,John Casale,Casale John,Southampton ,MA,USA,NA,NA
2025,Canoe,R5,oc1stock,5,38399,1301,1255,15,125,5,117,susquehanna70,NA,NA,Mark Kogutowski,Kogutowski Mark,Grand Island,NY,USA,Scajaquada Canoe Club,NA
2015,Canoe,G16,open,3,38407,1302,1256,24,118,3,115,susquehanna70,NA,watsonbr01,Brian Watson,Watson Brian,Watertown,NY,USA,NA,NA
2015,Canoe,G16,open,3,38407,1302,1256,24,118,3,115,susquehanna70,NA,goodnofr01,Fred Goodnough,Goodnough Fred,Theresa,NY,USA,NA,NA
2019,Canoe,C4,oc2rec,2,38412,1303,1257,21,152,2,142,susquehanna70,NA,NA,Justin McMillan,McMillan Justin,Unadilla,NY,USA,NA,NA
2019,Canoe,C4,oc2rec,2,38412,1303,1257,21,152,2,142,susquehanna70,NA,NA,Alex Hoskins,Hoskins Alex,Sidney,NY,USA,NA,NA
2018,Canoe,R3,oc1stock,2,38437,1304,1258,16,146,2,145,susquehanna70,NA,staubach01,Chad Staubach,Staubach Chad,Altamont,NY,USA,NA,NA
2019,Unknown,G1,opentour,9,38442,1305,28,26,153,9,9,susquehanna70,NA,NA,Charles Goodnough,Goodnough Charles,Theresa,NY,USA,NA,NA
2019,Unknown,G1,opentour,9,38442,1305,28,26,153,9,9,susquehanna70,NA,watsonbr01,Brian Watson,Watson Brian,Watertown,NY,USA,NA,NA
2018,Canoe,G4,opentour,7,38452,1306,1259,27,147,7,146,susquehanna70,NA,watsonbr01,Brian Watson,Watson Brian,Watertown,NY,USA,NA,NA
2018,Canoe,G4,opentour,7,38452,1306,1259,27,147,7,146,susquehanna70,NA,NA,Charles Goodnough,Goodnough Charles,Theresa,NY,USA,NA,NA
2015,Canoe,Y1,oc2cruiserwomen,2,38471,1307,1260,25,119,2,116,susquehanna70,NA,jeanesju01,Judy Jeanes,Jeanes Judy,Devon,PA,USA,NA,NA
2015,Canoe,Y1,oc2cruiserwomen,2,38471,1307,1260,25,119,2,116,susquehanna70,NA,NA,Maureen Leardi,Leardi Maureen,Philadelphia,PA,USA,NA,NA
2014,Canoe,V4,oc2cruisermaster,10,38481,1308,1261,67,155,10,150,susquehanna70,NA,perryji01,Jim Perry,Perry Jim,Smithfield,VA,USA,NA,NA
2014,Canoe,V4,oc2cruisermaster,10,38481,1308,1261,67,155,10,150,susquehanna70,NA,jonesti01,Tim Jones,Jones Tim,Smithfield,VA,USA,NA,NA
2025,Canoe,E5,oc2stock,8,38484,1309,1262,114,126,8,118,susquehanna70,NA,nicoloja01,James Nicoloff,Nicoloff James,Hornell,NY,USA,Lions,NA
2025,Canoe,E5,oc2stock,8,38484,1309,1262,114,126,8,118,susquehanna70,NA,NA,Frank Davies,Davies Frank,Malabar,FL,USA,Lions,NA
2023,Canoe,L15,oc1master,6,38490,1310,1263,73,97,6,96,susquehanna70,NA,lafeveja01,Jim Lafever,Lafever Jim,Unadilla,NY,USA,NA,NA
2016,Canoe,L4,oc1master,8,38514,1311,1264,74,150,8,140,susquehanna70,NA,inghamco01,Colin Ingham,Ingham Colin,Okatie,SC,USA,NA,NA
2014,Canoe,R1,oc1stock,6,38521,1312,1265,17,156,6,151,susquehanna70,NA,NA,Thomas Givens,Givens Thomas,Rougemont,NC,USA,NA,NA
2014,Canoe,C5,oc2rec,4,38522,1313,1266,22,157,4,152,susquehanna70,NA,bachorst01,Steven Bachorik Jr.,Bachorik Jr. Steven,Hartwick,NY,USA,NA,NA
2014,Canoe,C5,oc2rec,4,38522,1313,1266,22,157,4,152,susquehanna70,NA,NA,Steven Bochorik Sr.,Bochorik Sr. Steven,Hartwick,NY,USA,NA,NA
2023,Canoe,E11,oc2stock,7,38533,1314,1267,115,98,7,97,susquehanna70,NA,wesselri01,Richard Wessels,Wessels Richard,Chesapeake,VA,USA,WessLee,NA
2023,Canoe,E11,oc2stock,7,38533,1314,1267,115,98,7,97,susquehanna70,NA,NA,Wayne Duncan,Duncan Wayne,Ivor,VA,USA,WessLee,NA
2016,Canoe,F1,oc2stockmix,4,38553,1315,1268,38,151,4,141,susquehanna70,NA,paradial01,Alan Paradise,Paradise Alan,Pittsfield,NH,USA,NA,NA
2016,Canoe,F1,oc2stockmix,4,38553,1315,1268,38,151,4,141,susquehanna70,NA,paradish01,Shelby Paradise,Paradise Shelby,Pittsfield,NH,USA,NA,NA
2023,Canoe,F1,oc2stockmix,1,38579,1316,1269,39,99,1,98,susquehanna70,NA,NA,Julie Burkholder,Burkholder Julie,Niskayuna,NY,USA,Herrmanator,NA
2023,Canoe,F1,oc2stockmix,1,38579,1316,1269,39,99,1,98,susquehanna70,NA,herrmast01,Steve Herrmann,Herrmann Steve,West Oneonta,NY,USA,Herrmanator,NA
2023,Canoe,V6,oc2cruisermaster,6,38590,1317,1270,68,100,6,99,susquehanna70,NA,newmanje01,Jeff Newman,Newman Jeff,Unadilla,NY,USA,Clydesdale Pulling Team,NA
2023,Canoe,V6,oc2cruisermaster,6,38590,1317,1270,68,100,6,99,susquehanna70,NA,maierjo01,John Maier,Maier John,Otego,NY,USA,Clydesdale Pulling Team,NA
2023,Canoe,F5,oc2stockmix,2,38591,1318,1271,40,101,2,100,susquehanna70,NA,lafevedo01,Don Lafever,Lafever Don,Norwich,NY,USA,NA,NA
2023,Canoe,F5,oc2stockmix,2,38591,1318,1271,40,101,2,100,susquehanna70,NA,swislome01,Melissa Swislosky,Swislosky Melissa,Mount Upton,NY,USA,NA,NA
2019,Kayak,KL1,k1unlimited,3,38599,1319,20,20,154,3,3,susquehanna70,NA,NA,Michael Mros,Mros Michael,FALLS CHURCH,VA,USA,NA,NA
2015,Canoe,E6,oc2stock,10,38605,1320,1272,116,120,10,117,susquehanna70,NA,deabrmi01,Mike De Abreu,De Abreu Mike,Arnprior,ON,CAN,NA,NA
2015,Canoe,E6,oc2stock,10,38605,1320,1272,116,120,10,117,susquehanna70,NA,phillito01,Tom Phillips,Phillips Tom,Gloucester,ON,CAN,NA,NA
2025,Canoe,F1,oc2stockmix,7,38607,1321,1273,41,127,7,119,susquehanna70,NA,NA,Robert Bofinger,Bofinger Robert,New Market,MD,USA,Rode Waves,NA
2025,Canoe,F1,oc2stockmix,7,38607,1321,1273,41,127,7,119,susquehanna70,NA,NA,Deb Bofinger,Bofinger Deb,New Market,MD,USA,Rode Waves,NA
2017,Canoe,A5,oc2stockalum,4,38631,1322,1274,21,155,4,154,susquehanna70,NA,NA,Dustin DuMond,DuMond Dustin,Bainbridge,NY,USA,NA,NA
2017,Canoe,A5,oc2stockalum,4,38631,1322,1274,21,155,4,154,susquehanna70,NA,NA,Nathan Seymour,Seymour Nathan,Bainbridge,NY,USA,NA,NA
2015,Canoe,B8,oc4stock,8,38631,1323,1275,69,121,8,118,susquehanna70,NA,NA,Cary Ashley,Ashley Cary,Syracuse,NY,USA,NA,NA
2015,Canoe,B8,oc4stock,8,38631,1323,1275,69,121,8,118,susquehanna70,NA,crouchho01,Holly Crouch,Crouch Holly,Sherburne,NY,USA,NA,NA
2015,Canoe,B8,oc4stock,8,38631,1323,1275,69,121,8,118,susquehanna70,NA,vermiljo01,Jon Vermilyea,Vermilyea Jon,Syracuse,NY,USA,NA,NA
2015,Canoe,B8,oc4stock,8,38631,1323,1275,69,121,8,118,susquehanna70,NA,repakpa01,Paul Repak,Repak Paul,Boonsville,NY,USA,NA,NA
2018,Canoe,J3,oc1,4,38642,1324,1276,38,148,4,147,susquehanna70,NA,meaderbe01,Benjamin Meader,Meader Benjamin,Newcastle,ME,USA,NA,NA
2022,Unknown,G10,opentour,3,38698,1325,29,28,104,3,3,susquehanna70,NA,NA,Tim Barry,Barry Tim,Seal Beach,CA,USA,NA,NA
2022,Unknown,G10,opentour,3,38698,1325,29,28,104,3,3,susquehanna70,NA,NA,Douglas Barthold,Barthold Douglas,Seattle,WA,USA,NA,NA
2022,Canoe,B1,oc4stock,6,38699,1326,1277,70,105,6,101,susquehanna70,NA,NA,Masako Ohashi,Ohashi Masako,NA,NA,NA,Notorious,NA
2022,Canoe,B1,oc4stock,6,38699,1326,1277,70,105,6,101,susquehanna70,NA,monteomo01,Monica Monteon,Monteon Monica,NA,NA,NA,Notorious,NA
2022,Canoe,B1,oc4stock,6,38699,1326,1277,70,105,6,101,susquehanna70,NA,goodalsh01,Sharon Goodall,Goodall Sharon,NA,NA,NA,Notorious,NA
2022,Canoe,B1,oc4stock,6,38699,1326,1277,70,105,6,101,susquehanna70,NA,NA,Elizabeth Pennisi,Pennisi Elizabeth,Arlington,VA,USA,Notorious,NA
2016,Canoe,J3,oc1,3,38703,1327,1278,39,152,3,142,susquehanna70,NA,loeffltr01,Tres Loeffler,Loeffler Tres,Milford,NY,USA,NA,NA
2025,Canoe,A2,oc2stockalum,1,38733,1328,1279,22,128,1,120,susquehanna70,NA,walleybi01,Bill Walley,Walley Bill,Walton,NY,USA,NA,NA
2025,Canoe,A2,oc2stockalum,1,38733,1328,1279,22,128,1,120,susquehanna70,NA,NA,Grace Walley,Walley Grace,Walton,NY,USA,NA,NA
2022,Unknown,G5,opentour,4,38758,1329,30,29,106,4,4,susquehanna70,NA,gilesam01,Amber Giles,Giles Amber,Bainbridge ,NY,USA,NA,NA
2022,Unknown,G5,opentour,4,38758,1329,30,29,106,4,4,susquehanna70,NA,fisherdu01,Duke Fisher,Fisher Duke,Bainbridge,NY,USA,NA,NA
2018,Canoe,F6,oc2stockmix,5,38806,1330,1280,42,149,5,148,susquehanna70,NA,paradial01,Alan Paradise,Paradise Alan,Pittsfield,NH,USA,NA,NA
2018,Canoe,F6,oc2stockmix,5,38806,1330,1280,42,149,5,148,susquehanna70,NA,paradish01,Shelby Paradise,Paradise Shelby,Pittsfield,NH,USA,NA,NA
2016,Unknown,G6,open,9,38807,1331,31,25,153,9,9,susquehanna70,NA,bilsbade01,Denise Bilsback,Bilsback Denise,Webster,NY,USA,NA,NA
2016,Unknown,G6,open,9,38807,1331,31,25,153,9,9,susquehanna70,NA,bilsbari01,Richard Bilsback,Bilsback Richard,Webster,NY,USA,NA,NA
2019,Canoe,J1,oc1,8,38811,1332,1281,40,155,8,143,susquehanna70,NA,NA,william parry,parry william,Morrisville,NY,USA,NA,NA
2022,Canoe,A4,oc2stockalum,1,38811,1333,1282,23,107,1,102,susquehanna70,NA,NA,Dalton Walley,Walley Dalton,Walton,NY,USA,NA,NA
2022,Canoe,A4,oc2stockalum,1,38811,1333,1282,23,107,1,102,susquehanna70,NA,walleybi01,Bill Walley,Walley Bill,Walton,NY,USA,NA,NA
2024,Canoe,B4,oc4stock,5,38838,1334,1283,71,108,5,104,susquehanna70,NA,crouchho01,Holly Crouch,Crouch Holly,Sherburne,NY,USA,Paddling Women,NA
2024,Canoe,B4,oc4stock,5,38838,1334,1283,71,108,5,104,susquehanna70,NA,greineki01,Kim Greiner,Greiner Kim,Esperance,NY,USA,Paddling Women,NA
2024,Canoe,B4,oc4stock,5,38838,1334,1283,71,108,5,104,susquehanna70,NA,NA,Ann Stitt,Stitt Ann,Ballston Lake,NY,USA,Paddling Women,NA
2024,Canoe,B4,oc4stock,5,38838,1334,1283,71,108,5,104,susquehanna70,NA,reinerpr01,Priscilla Reinertsen,Reinertsen Priscilla,Contoocook,NH,USA,Paddling Women,NA
2018,Canoe,F8,oc2stockmix,6,38883,1335,1284,43,150,6,149,susquehanna70,NA,NA,Mark Kogutowski,Kogutowski Mark,Buffalo,NY,USA,NA,NA
2018,Canoe,F8,oc2stockmix,6,38883,1335,1284,43,150,6,149,susquehanna70,NA,NA,Esmeralda (Es) Jimenez,Jimenez Esmeralda (Es),Buffalo,NY,USA,NA,NA
2023,Canoe,B4,oc4stock,6,38898,1336,1285,72,102,6,101,susquehanna70,NA,NA,Emilia Rastrick,Rastrick Emilia,Fairfax,VA,USA,Marshall in the Middle,NA
2023,Canoe,B4,oc4stock,6,38898,1336,1285,72,102,6,101,susquehanna70,NA,rammli01,Lisa Ramm,Ramm Lisa,Alexandria,VA,USA,Marshall in the Middle,NA
2023,Canoe,B4,oc4stock,6,38898,1336,1285,72,102,6,101,susquehanna70,NA,NA,Lisa Man,Man Lisa,Arlington,VA,USA,Marshall in the Middle,NA
2023,Canoe,B4,oc4stock,6,38898,1336,1285,72,102,6,101,susquehanna70,NA,NA,Marshall Hoskins,Hoskins Marshall,NA,NA,NA,Marshall in the Middle,NA
2017,Canoe,R4,oc1stock,2,38898,1337,1286,18,156,2,155,susquehanna70,NA,primmemi01,Michael Primmer,Primmer Michael,Oneonta,NY,USA,NA,NA
2016,Canoe,A7,oc2stockalum,4,38935,1338,1287,24,154,4,143,susquehanna70,NA,bagleyje01,Jeff Bagley,Bagley Jeff,Sidney,NY,USA,NA,NA
2016,Canoe,A7,oc2stockalum,4,38935,1338,1287,24,154,4,143,susquehanna70,NA,NA,Mike Knapp,Knapp Mike,Germantown,MD,USA,NA,NA
2014,Canoe,G13,open,10,38954,1339,1288,26,158,10,153,susquehanna70,NA,roosabe01,Ben Roosa,Roosa Ben,Bainbridge,NY,USA,NA,NA
2014,Canoe,G13,open,10,38954,1339,1288,26,158,10,153,susquehanna70,NA,NA,Hannah George,George Hannah,Ithaca,NY,USA,NA,NA
2018,Canoe,G18,opentour,8,38977,1340,1289,30,151,8,150,susquehanna70,NA,NA,Malorie Jordan,Jordan Malorie,franklin,NY,USA,NA,NA
2018,Canoe,G18,opentour,8,38977,1340,1289,30,151,8,150,susquehanna70,NA,NA,Jason Jordan,Jordan Jason,Franklin,NY,USA,NA,NA
2014,Canoe,A10,oc2stockalum,7,39007,1341,1290,25,159,7,154,susquehanna70,NA,NA,Dustin Dumond,Dumond Dustin,Bainbridge,NY,USA,NA,NA
2014,Canoe,A10,oc2stockalum,7,39007,1341,1290,25,159,7,154,susquehanna70,NA,NA,Nathan Seymour,Seymour Nathan,Bainbridge,NY,USA,NA,NA
2024,Canoe,F2,oc2stockmix,4,39009,1342,1291,44,109,4,105,susquehanna70,NA,risingal01,Allisen Risinger,Risinger Allisen,Saco,ME,USA,Risinger River Rats,NA
2024,Canoe,F2,oc2stockmix,4,39009,1342,1291,44,109,4,105,susquehanna70,NA,risingma01,Mark Risinger,Risinger Mark,Saco,ME,USA,Risinger River Rats,NA
2019,Unknown,G110,opentour,10,39014,1343,32,31,156,10,10,susquehanna70,NA,NA,Jason Blanchard,Blanchard Jason,Charlotte,NC,USA,NA,NA
2025,Kayak,KL2,k1unlimited,3,39025,1344,21,21,129,3,3,susquehanna70,NA,luntpa01,Paula Lunt,Lunt Paula,Tenants Harbor,ME,USA,NA,NA
2015,Canoe,E7,oc2stock,11,39027,1345,1292,117,122,11,119,susquehanna70,NA,fande01,Desmond Fan,Fan Desmond,Toronto,ON,CAN,NA,NA
2015,Canoe,E7,oc2stock,11,39027,1345,1292,117,122,11,119,susquehanna70,NA,mokansma01,Matthew Mokanski,Mokanski Matthew,North York,ON,CAN,NA,NA
2024,Canoe,P40,oc2pro,49,39029,1346,1293,428,110,49,106,susquehanna70,NA,NA,Stefanie Mullins,Mullins Stefanie,Milton Keynes,ENG,GBR,Galleon Girls,NA
2024,Canoe,P40,oc2pro,49,39029,1346,1293,428,110,49,106,susquehanna70,NA,NA,Rachel Self,Self Rachel,Milton Keynes,ENG,GBR,Galleon Girls,NA
2015,Canoe,E13,oc2stock,12,39047,1347,1294,118,123,12,120,susquehanna70,NA,NA,Brian Loskamp,Loskamp Brian,Babylon,NY,USA,NA,NA
2015,Canoe,E13,oc2stock,12,39047,1347,1294,118,123,12,120,susquehanna70,NA,buchhoge01,George Buchholz,Buchholz George,North Babylon,NY,USA,NA,NA
2024,Unknown,G8,opentour,4,39057,1348,33,32,111,4,4,susquehanna70,NA,gilesam01,Amber Giles,Giles Amber,Bainbridge ,NY,USA,NA,NA
2024,Unknown,G8,opentour,4,39057,1348,33,32,111,4,4,susquehanna70,NA,fisherdu01,Duke Fisher,Fisher Duke,Bainbridge,NY,USA,NA,NA
2018,Canoe,F3,oc2stockmix,7,39104,1349,1295,45,152,7,151,susquehanna70,NA,NA,Doug Brooks,Brooks Doug,Washington,DC,USA,NA,NA
2018,Canoe,F3,oc2stockmix,7,39104,1349,1295,45,152,7,151,susquehanna70,NA,NA,Jay Gopal,Gopal Jay,Washington,DC,USA,NA,NA
2014,Canoe,X1,oc2cruisermix,18,39133,1350,1296,115,160,18,155,susquehanna70,NA,NA,Molly Hatfield,Hatfield Molly,Wolutt,VT,USA,NA,NA
2014,Canoe,X1,oc2cruisermix,18,39133,1350,1296,115,160,18,155,susquehanna70,NA,hatfiest01,Steve Hatfield,Hatfield Steve,Schenevus,NY,USA,NA,NA
2023,Unknown,G22,opentour,1,39154,1351,34,33,103,1,1,susquehanna70,NA,mcduffri01,River McDuffie,McDuffie River,Robbins,NC,USA,Pinky and the Brain,NA
2023,Unknown,G22,opentour,1,39154,1351,34,33,103,1,1,susquehanna70,NA,NA,William McDuffie,McDuffie William,Robbins,NC,USA,Pinky and the Brain,NA
2016,Canoe,R1,oc1stock,3,39173,1352,1297,19,155,3,144,susquehanna70,NA,primmemi01,Michael Primmer,Primmer Michael,Oneonta,NY,USA,NA,NA
2017,Canoe,U2,oc2cruisersenior,8,39180,1353,1298,40,157,8,156,susquehanna70,NA,sanderne01,Neal Sanders,Sanders Neal,Johnson City,TN,USA,NA,NA
2017,Canoe,U2,oc2cruisersenior,8,39180,1353,1298,40,157,8,156,susquehanna70,NA,dockstda01,David Dockstader,Dockstader David,Prospect,KY,USA,NA,NA
2025,Kayak,KL3,k1unlimited,4,39197,1354,22,22,130,4,4,susquehanna70,NA,baumerda01,Daniel Baumert,Baumert Daniel,Levant,ME,USA,Dan B,NA
2015,Canoe,A9,oc2stockalum,3,39198,1355,1299,26,124,3,121,susquehanna70,NA,rogersro01,Robert Rogers,Rogers Robert,Oneonta,NY,USA,NA,NA
2015,Canoe,A9,oc2stockalum,3,39198,1355,1299,26,124,3,121,susquehanna70,NA,marcyru01,Russell Marcy,Marcy Russell,Cooperstown,NY,USA,NA,NA
2015,Canoe,B10,oc4stock,9,39203,1356,1300,73,125,9,122,susquehanna70,NA,chungban01,Anthony Chungbin,Chungbin Anthony,East Amherst,NY,USA,NA,NA
2015,Canoe,B10,oc4stock,9,39203,1356,1300,73,125,9,122,susquehanna70,NA,NA,Christopher Chungbin,Chungbin Christopher,East Amherst,NY,USA,NA,NA
2015,Canoe,B10,oc4stock,9,39203,1356,1300,73,125,9,122,susquehanna70,NA,donnerda01,David Donner,Donner David,Amherst,NY,USA,NA,NA
2015,Canoe,B10,oc4stock,9,39203,1356,1300,73,125,9,122,susquehanna70,NA,NA,Katie Chungbin,Chungbin Katie,East Amherst,NY,USA,NA,NA
2015,Canoe,R4,oc1stock,1,39254,1357,1301,20,126,1,123,susquehanna70,NA,hallri01,Rich Hall,Hall Rich,Gilbertsville,NY,USA,NA,NA
2016,Canoe,A9,oc2stockalum,5,39259,1358,1302,27,156,5,145,susquehanna70,NA,NA,Jimmy Dangl,Dangl Jimmy,Cooperstown,NY,USA,NA,NA
2016,Canoe,A9,oc2stockalum,5,39259,1358,1302,27,156,5,145,susquehanna70,NA,NA,Susan Clark,Clark Susan,Cooperstown,NY,USA,NA,NA
2023,Canoe,L11,oc1master,7,39265,1359,1303,75,104,7,102,susquehanna70,NA,brunoch01,Charlie Bruno,Bruno Charlie,Saylorsburg,PA,USA,Bruno,NA
2015,Canoe,B2,oc4stock,10,39265,1360,1304,74,127,10,124,susquehanna70,NA,NA,Brent Williams,Williams Brent,Laurens,NY,USA,NA,NA
2015,Canoe,B2,oc4stock,10,39265,1360,1304,74,127,10,124,susquehanna70,NA,sawyerja01,James Sawyer,Sawyer James,Starksboro,VT,USA,NA,NA
2015,Canoe,B2,oc4stock,10,39265,1360,1304,74,127,10,124,susquehanna70,NA,NA,Larry Sawyer,Sawyer Larry,Oneonta,NY,USA,NA,NA
2015,Canoe,B2,oc4stock,10,39265,1360,1304,74,127,10,124,susquehanna70,NA,lullna01,Nate Lull,Lull Nate,Gilbertsville,NY,USA,NA,NA
2019,Unknown,G9,opentour,11,39271,1361,35,34,157,11,11,susquehanna70,NA,NA,Ross Peele,Peele Ross,Sanford,NC,USA,NA,NA
2023,Canoe,L9,oc1master,8,39287,1362,1305,76,105,8,103,susquehanna70,NA,dugasda01,David Dugas,Dugas David,Orange,MA,USA,NA,NA
2022,Canoe,E10,oc2stock,8,39289,1363,1306,119,108,8,103,susquehanna70,NA,meaderbe01,Benjamin Meader,Meader Benjamin,South Bristol,ME,USA,The Stafford Gambit,NA
2022,Canoe,E10,oc2stock,8,39289,1363,1306,119,108,8,103,susquehanna70,NA,NA,Sam Mathes,Mathes Sam,New Portland,ME,USA,The Stafford Gambit,NA
2019,Canoe,C2,oc2rec,3,39316,1364,1307,23,158,3,144,susquehanna70,NA,estelarw01,RW Estela,Estela RW,Orono,ME,USA,NA,NA
2019,Canoe,C2,oc2rec,3,39316,1364,1307,23,158,3,144,susquehanna70,NA,wescotte01,Terry Westcott,Westcott Terry,Thorndike,ME,USA,NA,NA
2014,Canoe,J7,oc1,8,39327,1365,1308,41,161,8,156,susquehanna70,NA,whalanje01,Jerry Whaland,Whaland Jerry,Hubbardston,MA,USA,NA,NA
2014,Canoe,C7,oc2rec,5,39331,1366,1309,24,162,5,157,susquehanna70,NA,obrienke01,Kevin O'Brien,O'Brien Kevin,Northfield,MN,USA,NA,NA
2014,Canoe,C7,oc2rec,5,39331,1366,1309,24,162,5,157,susquehanna70,NA,piersoro01,Robert Pierson,Pierson Robert,Scottsville,NY,USA,NA,NA
2017,Canoe,L9,oc1master,11,39355,1367,1310,77,158,11,157,susquehanna70,NA,lucknefr01,Francis Luckner,Luckner Francis,Corning,NY,USA,NA,NA
2015,Canoe,T12,oc2cruiser,12,39356,1368,1311,93,128,12,125,susquehanna70,NA,danforbr01,Brian Danforth,Danforth Brian,Unadilla,NY,USA,NA,NA
2015,Canoe,T12,oc2cruiser,12,39356,1368,1311,93,128,12,125,susquehanna70,NA,buelky01,Kyle Buel,Buel Kyle,Franklin,NY,USA,NA,NA
2025,Canoe,R7,oc1stock,6,39404,1369,1312,21,131,6,121,susquehanna70,NA,lewisjo01,John Lewis,Lewis John,Bainbridge,NY,USA,NA,NA
2018,Canoe,L1,oc1master,8,39432,1370,1313,78,153,8,152,susquehanna70,NA,lucknefr01,Francis Luckner,Luckner Francis,Corning,NY,USA,NA,NA
2016,Canoe,L7,oc1master,9,39432,1371,1314,79,157,9,146,susquehanna70,NA,elderkja01,Jamie Elderkin,Elderkin Jamie,Franklin,NY,USA,NA,NA
2022,Canoe,E9,oc2stock,9,39444,1372,1315,120,109,9,104,susquehanna70,NA,lafevedo01,Don Lafever,Lafever Don,Norwich,NY,USA,NA,NA
2022,Canoe,E9,oc2stock,9,39444,1372,1315,120,109,9,104,susquehanna70,NA,wingal01,Alex Wing,Wing Alex,Morris,NY,USA,NA,NA
2019,Canoe,S14,oc1pro,12,39496,1373,1316,69,159,12,145,susquehanna70,NA,fremouke01,Kell Fremouw,Fremouw Kell,Orono,ME,USA,NA,NA
2015,Canoe,G15,open,4,39502,1374,1317,27,129,4,126,susquehanna70,NA,sherwobr01,Brett Sherwood,Sherwood Brett,Morris,NY,USA,NA,NA
2015,Canoe,G15,open,4,39502,1374,1317,27,129,4,126,susquehanna70,NA,stittda01,Dave Stitt,Stitt Dave,Ballston Spa,NY,USA,NA,NA
2023,Canoe,J3,oc1,2,39510,1375,1318,42,106,2,104,susquehanna70,NA,breierky01,Kyle Breier,Breier Kyle,Oneonta,NY,USA,Byle Kreier,NA
2024,Canoe,F5,oc2stockmix,5,39517,1376,1319,46,112,5,107,susquehanna70,NA,turturlo01,Lorraine Turturro,Turturro Lorraine,Watertown,NY,USA,NA,NA
2024,Canoe,F5,oc2stockmix,5,39517,1376,1319,46,112,5,107,susquehanna70,NA,watsonbr01,Brian Watson,Watson Brian,Watertown,NY,USA,NA,NA
2016,Canoe,F2,oc2stockmix,5,39538,1377,1320,47,158,5,147,susquehanna70,NA,NA,Jason Jordan,Jordan Jason,Franklin,NY,USA,NA,NA
2016,Canoe,F2,oc2stockmix,5,39538,1377,1320,47,158,5,147,susquehanna70,NA,murphysh01,Shauna Murphy,Murphy Shauna,Franklin,NY,USA,NA,NA
2018,Kayak,KL4,k1unlimited,2,39548,1378,23,23,154,2,2,susquehanna70,NA,baumerda01,Dan Baumert,Baumert Dan,Levant,ME,USA,NA,NA
2023,Canoe,X1,oc2cruisermix,7,39565,1379,1321,116,107,7,105,susquehanna70,NA,reinerpr01,Priscilla Reinertsen,Reinertsen Priscilla,Contoocook,NH,USA,NA,NA
2023,Canoe,X1,oc2cruisermix,7,39565,1379,1321,116,107,7,105,susquehanna70,NA,hannonja01,Jamie Hannon,Hannon Jamie,Wentworth,NH,USA,NA,NA
2022,Canoe,E2,oc2stock,10,39589,1380,1322,121,110,10,105,susquehanna70,NA,gianfach01,Chip Gianfagna,Gianfagna Chip,Northfield Falls ,VT,USA,NA,NA
2022,Canoe,E2,oc2stock,10,39589,1380,1322,121,110,10,105,susquehanna70,NA,snyderja01,Jake Snyder,Snyder Jake,Canastota ,NY,USA,NA,NA
2022,Canoe,C1,oc2rec,2,39593,1381,1323,25,111,2,106,susquehanna70,NA,vanderri01,Rik Vandermeulen,Vandermeulen Rik,Unadilla,NY,USA,Dutch Oven and the Seagull,NA
2022,Canoe,C1,oc2rec,2,39593,1381,1323,25,111,2,106,susquehanna70,NA,bonnaral01,Alex Bonnar,Bonnar Alex,Burlington,MA,USA,Dutch Oven and the Seagull,NA
2017,Canoe,G3,open,5,39625,1382,1324,28,159,5,158,susquehanna70,NA,mallerti01,Tim Mallery,Mallery Tim,South Williamsport,PA,USA,NA,NA
2017,Canoe,G3,open,5,39625,1382,1324,28,159,5,158,susquehanna70,NA,NA,Kyle Duffy,Duffy Kyle,Waterbury Center,VT,USA,NA,NA
2015,Canoe,E9,oc2stock,13,39645,1383,1325,122,130,13,127,susquehanna70,NA,NA,Kyle Duffy,Duffy Kyle,Waterbury Center,VT,USA,NA,NA
2015,Canoe,E9,oc2stock,13,39645,1383,1325,122,130,13,127,susquehanna70,NA,mallerti01,Tim Mallery,Mallery Tim,South Williamsport,PA,USA,NA,NA
2019,Unknown,G2,opentour,12,39647,1384,36,35,160,12,12,susquehanna70,NA,marcyru01,Russell Marcy,Marcy Russell,Cooperstown,NY,USA,NA,NA
2019,Canoe,R1,oc1stock,2,39660,1385,1326,22,161,2,146,susquehanna70,NA,NA,Mark Kogutowski,Kogutowski Mark,Grand Island,NY,USA,NA,NA
2023,Canoe,X11,oc2cruisermix,8,39693,1386,1327,117,108,8,106,susquehanna70,NA,vincenbo01,Bob Vincent,Vincent Bob,Huntsville,ON,CAN,Bob and Gwyn,NA
2023,Canoe,X11,oc2cruisermix,8,39693,1386,1327,117,108,8,106,susquehanna70,NA,haymangw01,Gwyn Hayman,Hayman Gwyn,Huntsville ,ON,CAN,Bob and Gwyn,NA
2024,Canoe,E2,oc2stock,9,39707,1387,1328,123,113,9,108,susquehanna70,NA,NA,Brian Loskamp,Loskamp Brian,San Mateo,CA,USA,Brian,NA
2024,Canoe,E2,oc2stock,9,39707,1387,1328,123,113,9,108,susquehanna70,NA,buchhoge01,George Buchholz,Buchholz George,Ithaca,NY,USA,Brian,NA
2024,Unknown,G12,opentour,5,39738,1388,37,36,114,5,5,susquehanna70,NA,NA,Gunner Ives,Ives Gunner,Bainbridge ,NY,USA,NA,NA
2024,Unknown,G12,opentour,5,39738,1388,37,36,114,5,5,susquehanna70,NA,NA,Zack Wheeler,Wheeler Zack,Bainbridge ,NY,USA,NA,NA
2023,Canoe,Y1,oc2cruiserwomen,2,39776,1389,1329,26,109,2,107,susquehanna70,NA,hiscoxfr01,Francis Hiscox,Hiscox Francis,Waban,MA,USA,East Coast Racing,NA
2023,Canoe,Y1,oc2cruiserwomen,2,39776,1389,1329,26,109,2,107,susquehanna70,NA,hymessh01,Shari Hymes,Hymes Shari,Southold ,NY,USA,East Coast Racing,NA
2018,Canoe,B7,oc4stock,10,39781,1390,1330,75,155,10,153,susquehanna70,NA,loringch01,Chip Loring,Loring Chip,Old Town,ME,USA,NA,NA
2018,Canoe,B7,oc4stock,10,39781,1390,1330,75,155,10,153,susquehanna70,NA,wescotte01,Terry Wescott,Wescott Terry,Thorndike,ME,USA,NA,NA
2018,Canoe,B7,oc4stock,10,39781,1390,1330,75,155,10,153,susquehanna70,NA,deighabi01,Bill Deighan,Deighan Bill,Newburgh,ME,USA,NA,NA
2018,Canoe,B7,oc4stock,10,39781,1390,1330,75,155,10,153,susquehanna70,NA,NA,Rob McClain,McClain Rob,NA,NA,NA,NA,NA
2016,Canoe,L1,oc1master,10,39783,1391,1331,80,159,10,148,susquehanna70,NA,lucknefr01,Francis Luckner Iv,Iv Francis Luckner,Corning,NY,USA,NA,NA
2023,Unknown,G20,opentour,2,39786,1392,38,37,110,2,2,susquehanna70,NA,NA,Bradley Spooner,Spooner Bradley,Ottawa,ON,CAN,Spoon Ahoy,NA
2023,Unknown,G24,opentour,3,39819,1393,39,38,111,3,3,susquehanna70,NA,gilesam01,Amber Giles,Giles Amber,Bainbridge ,NY,USA,NA,NA
2023,Unknown,G24,opentour,3,39819,1393,39,38,111,3,3,susquehanna70,NA,fisherdu01,Duke Fisher,Fisher Duke,Bainbridge,NY,USA,NA,NA
2015,Canoe,G12,open,5,39828,1394,1332,29,131,5,128,susquehanna70,NA,lewisjo01,John Lewis,Lewis John,Bainbridge,NY,USA,NA,NA
2015,Canoe,G12,open,5,39828,1394,1332,29,131,5,128,susquehanna70,NA,NA,Ken Pixley,Pixley Ken,Bainbridge,NY,USA,NA,NA
2018,Canoe,R2,oc1stock,3,39853,1395,1333,23,156,3,154,susquehanna70,NA,primmemi01,Michael Primmer,Primmer Michael,Oneonta,NY,USA,NA,NA
2017,Canoe,J9,oc1,6,39856,1396,1334,43,160,6,159,susquehanna70,NA,NA,Bernard Moller,Moller Bernard,Cincinnati,OH,USA,NA,NA
2016,Canoe,L6,oc1master,11,39904,1397,1335,81,160,11,149,susquehanna70,NA,huebneda01,Dan Huebner,Huebner Dan,Frederick,MD,USA,NA,NA
2024,Canoe,X6,oc2cruisermix,9,39929,1398,1336,118,115,9,109,susquehanna70,NA,NA,Doug Deleo,Deleo Doug,Gaylord,MI,USA,NA,NA
2024,Canoe,X6,oc2cruisermix,9,39929,1398,1336,118,115,9,109,susquehanna70,NA,NA,Josephine Deleo,Deleo Josephine,Gaylord,MI,USA,NA,NA
2014,Canoe,G18,open,11,39939,1399,1337,30,163,11,158,susquehanna70,NA,NA,Kouri Killmeier,Killmeier Kouri,Brooklyn,NY,USA,NA,NA
2017,Canoe,X11,oc2cruisermix,21,39955,1400,1338,119,161,21,160,susquehanna70,NA,rossgi01,Gil Ross,Ross Gil,Staten Island,NY,USA,NA,NA
2017,Canoe,X11,oc2cruisermix,21,39955,1400,1338,119,161,21,160,susquehanna70,NA,raybe01,Betsy Ray,Ray Betsy,New York,NY,USA,NA,NA
2018,Canoe,L3,oc1master,9,39959,1401,1339,82,157,9,155,susquehanna70,NA,marcyru01,Russell Marcy,Marcy Russell,Cooperstown,NY,USA,NA,NA
2016,Canoe,E8,oc2stock,13,39963,1402,1340,124,161,13,150,susquehanna70,NA,NA,Chris Givens,Givens Chris,Rougemont,NC,USA,NA,NA
2016,Canoe,E8,oc2stock,13,39963,1402,1340,124,161,13,150,susquehanna70,NA,NA,Thomas Givens,Givens Thomas,Rougemont,NC,USA,NA,NA
2017,Canoe,Y8,oc2cruiserwomen,7,39979,1403,1341,27,162,7,161,susquehanna70,NA,williasu01,Susan Williams,Williams Susan,Secane,PA,USA,NA,NA
2017,Canoe,Y8,oc2cruiserwomen,7,39979,1403,1341,27,162,7,161,susquehanna70,NA,englispe01,Peggy English,English Peggy,Oscoda,MI,USA,NA,NA
2016,Unknown,G4,open,10,40004,1404,40,31,162,10,10,susquehanna70,NA,millerbo01,Bob Miller,Miller Bob,Harmony,ME,USA,NA,NA
2016,Unknown,G4,open,10,40004,1404,40,31,162,10,10,susquehanna70,NA,mitchero01,Robert Mitchell,Mitchell Robert,Clinton Corners,NY,USA,NA,NA
2022,Canoe,C2,oc2rec,3,40047,1405,1342,26,112,3,107,susquehanna70,NA,burkesh01,Shawn Burke,Burke Shawn,Andover,MA,USA,WCC,NA
2022,Canoe,C2,oc2rec,3,40047,1405,1342,26,112,3,107,susquehanna70,NA,waltonto01,Tom Walton,Walton Tom,Contoocook,NH,USA,WCC,NA
2019,Unknown,G18,opentour,13,40060,1406,41,39,162,13,13,susquehanna70,NA,NA,Elizabeth Butler,Butler Elizabeth,Ithaca,NY,USA,NA,NA
2019,Unknown,G18,opentour,13,40060,1406,41,39,162,13,13,susquehanna70,NA,NA,Amy Somchanhmavong,Somchanhmavong Amy,Ithaca,NY,USA,NA,NA
2017,Canoe,G10,open,6,40064,1407,1343,32,163,6,162,susquehanna70,NA,NA,Jason Jordan,Jordan Jason,Franklin,NY,USA,NA,NA
2017,Canoe,G10,open,6,40064,1407,1343,32,163,6,162,susquehanna70,NA,NA,Malorie Jordan,Jordan Malorie,franklin,NY,USA,NA,NA
2023,Canoe,Y3,oc2cruiserwomen,3,40068,1408,1344,28,112,3,108,susquehanna70,NA,NA,Myriam Belanger,Belanger Myriam,Montréal,QC,CAN,The B&B,NA
2023,Canoe,Y3,oc2cruiserwomen,3,40068,1408,1344,28,112,3,108,susquehanna70,NA,NA,Noemie Boudreau,Boudreau Noemie,Sherbrooke ,QC,CAN,The B&B,NA
2024,Canoe,L5,oc1master,5,40081,1409,1345,83,116,5,110,susquehanna70,NA,jordanji01,James Jordan,Jordan James,Cooperstown ,NY,USA,NA,NA
2023,Unknown,G18,opentour,4,40121,1410,42,40,113,4,4,susquehanna70,NA,primmemi01,Michael Primmer,Primmer Michael,Oneonta,NY,USA,A & M,NA
2023,Unknown,G18,opentour,4,40121,1410,42,40,113,4,4,susquehanna70,NA,maddalan01,Andrew Maddalone,Maddalone Andrew,Bainbridge,NY,USA,A & M,NA
2017,Canoe,B9,oc4stock,10,40133,1411,1346,76,164,10,163,susquehanna70,NA,NA,Carlos Dachary,Dachary Carlos,NA,NA,NA,NA,NA
2017,Canoe,B9,oc4stock,10,40133,1411,1346,76,164,10,163,susquehanna70,NA,NA,Tom Stern,Stern Tom,NA,NA,NA,NA,NA
2017,Canoe,B9,oc4stock,10,40133,1411,1346,76,164,10,163,susquehanna70,NA,NA,Tom Wyble,Wyble Tom,NA,NA,NA,NA,NA
2017,Canoe,B9,oc4stock,10,40133,1411,1346,76,164,10,163,susquehanna70,NA,NA,Tom Mayer,Mayer Tom,NA,NA,NA,NA,NA
2018,Canoe,F7,oc2stockmix,8,40145,1412,1347,48,158,8,156,susquehanna70,NA,schlimfr01,Francis Schlimmer,Schlimmer Francis,Cortland,NY,USA,NA,NA
2018,Canoe,F7,oc2stockmix,8,40145,1412,1347,48,158,8,156,susquehanna70,NA,schlimth01,Theresa Schlimmer,Schlimmer Theresa,Cortland,NY,USA,NA,NA
2019,Canoe,L3,oc1master,7,40180,1413,1348,84,163,7,147,susquehanna70,NA,mcduffly01,Lynne McDuffie,McDuffie Lynne,Robbins,NC,USA,NA,NA
2025,Canoe,A5,oc2stockalum,2,40215,1414,1349,28,132,2,122,susquehanna70,NA,NA,Connor Winchenbach,Winchenbach Connor,Hermon ,ME,USA,NA,NA
2025,Canoe,A5,oc2stockalum,2,40215,1414,1349,28,132,2,122,susquehanna70,NA,NA,Vincent Bonarrigo,Bonarrigo Vincent,Belmont,ME,USA,NA,NA
2014,Canoe,G12,open,12,40223,1415,1350,33,164,12,159,susquehanna70,NA,fishergr01,Griffin Fisher,Fisher Griffin,Bainbridge,NY,USA,NA,NA
2014,Canoe,G12,open,12,40223,1415,1350,33,164,12,159,susquehanna70,NA,fishersh01,Sharon Fisher,Fisher Sharon,Guilford,NY,USA,NA,NA
2022,Canoe,L8,oc1master,4,40224,1416,1351,85,113,4,108,susquehanna70,NA,jordanji01,James Jordan,Jordan James,Cooperstown ,NY,USA,NA,NA
2022,Canoe,L1,oc1master,5,40225,1417,1352,86,114,5,109,susquehanna70,NA,edwardsc01,Scott Edwards,Edwards Scott,Orange,VT,USA,Scott Edwards,NA
2015,Canoe,G2,open,6,40233,1418,1353,34,132,6,129,susquehanna70,NA,bonnaral01,Alex Bonnar,Bonnar Alex,Burlington,MA,USA,NA,NA
2015,Canoe,G2,open,6,40233,1418,1353,34,132,6,129,susquehanna70,NA,vanderri01,Rik Vandermeulen,Vandermeulen Rik,Unadilla,NY,USA,NA,NA
2015,Canoe,X15,oc2cruisermix,15,40241,1419,1354,120,133,15,130,susquehanna70,NA,NA,Jessica Collier,Collier Jessica,Cooperstown,NY,USA,NA,NA
2015,Canoe,X15,oc2cruisermix,15,40241,1419,1354,120,133,15,130,susquehanna70,NA,colliest01,Steven Collier,Collier Steven,Cooperstown,NY,USA,NA,NA
2022,Canoe,C4,oc2rec,4,40273,1420,1355,27,115,4,110,susquehanna70,NA,colliest01,Steve Collier,Collier Steve,Cooperstown,NY,USA,Last Child,NA
2022,Canoe,C4,oc2rec,4,40273,1420,1355,27,115,4,110,susquehanna70,NA,NA,Erin Collier,Collier Erin,NA,NA,NA,Last Child,NA
2023,Canoe,E4,oc2stock,8,40288,1421,1356,125,114,8,109,susquehanna70,NA,whitinwi01,Will Whiting,Whiting Will,Fultonville,NY,USA,Whiting,NA
2023,Canoe,E4,oc2stock,8,40288,1421,1356,125,114,8,109,susquehanna70,NA,whitiner01,Erik Whiting,Whiting Erik,Ledyard,CT,USA,Whiting,NA
2024,Unknown,G4,opentour,6,40309,1422,43,41,117,6,6,susquehanna70,NA,ciampaal01,Alex Ciampa,Ciampa Alex,Amesbury,MA,USA,Straight outta rehab,NA
2024,Canoe,E7,oc2stock,10,40310,1423,1357,126,118,10,111,susquehanna70,NA,NA,Shane Hansen,Hansen Shane,Tilbury ,ON,CAN,Pisten Broke,NA
2024,Canoe,E7,oc2stock,10,40310,1423,1357,126,118,10,111,susquehanna70,NA,terrypa01,Paul Terry,Terry Paul,Stirling,ON,CAN,Pisten Broke,NA
2017,Canoe,R1,oc1stock,3,40339,1424,1358,24,165,3,164,susquehanna70,NA,NA,Mark Kogutowski,Kogutowski Mark,Buffalo,NY,USA,NA,NA
2022,Canoe,F2,oc2stockmix,3,40343,1425,1359,49,116,3,111,susquehanna70,NA,turturlo01,Lorraine Turturro,Turturro Lorraine,Watertown,NY,USA,NA,NA
2022,Canoe,F2,oc2stockmix,3,40343,1425,1359,49,116,3,111,susquehanna70,NA,cookka01,Karl Cook,Cook Karl,Martville,NY,USA,NA,NA
2019,Kayak,KL8,k1unlimited,4,40370,1426,24,24,164,4,4,susquehanna70,NA,NA,Kurt Kalweit,Kalweit Kurt,Elmira,NY,USA,NA,NA
2019,Canoe,C5,oc2rec,4,40438,1427,1360,28,165,4,148,susquehanna70,NA,NA,Dennis Kropp,Kropp Dennis,Maryland,NY,USA,NA,NA
2019,Canoe,C5,oc2rec,4,40438,1427,1360,28,165,4,148,susquehanna70,NA,daldegvi01,Vick Daldegan,Daldegan Vick,Worcester,NY,USA,NA,NA
2015,Canoe,A2,oc2stockalum,4,40464,1428,1361,29,134,4,131,susquehanna70,NA,bannerlu01,Luke Banner,Banner Luke,Cooperstown,NY,USA,NA,NA
2015,Canoe,A2,oc2stockalum,4,40464,1428,1361,29,134,4,131,susquehanna70,NA,collieto01,Todd Collier,Collier Todd,Cooperstown,NY,USA,NA,NA
2016,Canoe,X19,oc2cruisermix,17,40492,1429,1362,121,163,17,151,susquehanna70,NA,schlimfr01,Francis Schlimmer,Schlimmer Francis,Cortland,NY,USA,NA,NA
2016,Canoe,X19,oc2cruisermix,17,40492,1429,1362,121,163,17,151,susquehanna70,NA,schlimth01,Theresa Schlimmer,Schlimmer Theresa,Cortland,NY,USA,NA,NA
2015,Canoe,E11,oc2stock,14,40494,1430,1363,127,135,14,132,susquehanna70,NA,NA,Daniel Bettiol,Bettiol Daniel,College Station,TX,USA,NA,NA
2015,Canoe,E11,oc2stock,14,40494,1430,1363,127,135,14,132,susquehanna70,NA,clarkdo01,Doug Clark,Clark Doug,Oneonta,NY,USA,NA,NA
2014,Canoe,E3,oc2stock,13,40529,1431,1364,128,165,13,160,susquehanna70,NA,NA,Charles Newcomb,Newcomb Charles,San Antonio,TX,USA,NA,NA
2014,Canoe,E3,oc2stock,13,40529,1431,1364,128,165,13,160,susquehanna70,NA,selkirch01,Chris Selkirk,Selkirk Chris,Mechanicville,NY,USA,NA,NA
2014,Canoe,G23,open,13,40621,1432,1365,35,166,13,161,susquehanna70,NA,NA,Andy Race,Race Andy,Syracuse,NY,USA,NA,NA
2014,Canoe,G23,open,13,40621,1432,1365,35,166,13,161,susquehanna70,NA,raceda01,Dan Race,Race Dan,Wolutt,VT,USA,NA,NA
2016,Canoe,E9,oc2stock,14,40630,1433,1366,129,164,14,152,susquehanna70,NA,NA,Brian Carvalho,Carvalho Brian,Skanneateles,NY,USA,NA,NA
2016,Canoe,E9,oc2stock,14,40630,1433,1366,129,164,14,152,susquehanna70,NA,NA,Jacob Carvalho,Carvalho Jacob,Skaneateles,NY,USA,NA,NA
2015,Canoe,F2,oc2stockmix,2,40643,1434,1367,50,136,2,133,susquehanna70,NA,paradial01,Alan Paradise,Paradise Alan,Pittsfield,NH,USA,NA,NA
2015,Canoe,F2,oc2stockmix,2,40643,1434,1367,50,136,2,133,susquehanna70,NA,paradish01,Shelby Paradise,Paradise Shelby,Pittsfield,NH,USA,NA,NA
2018,Canoe,G8,opentour,9,40659,1435,1368,42,159,9,157,susquehanna70,NA,raceda01,Dan Race,Race Dan,Hyde Park,VT,USA,NA,NA
2018,Canoe,G8,opentour,9,40659,1435,1368,42,159,9,157,susquehanna70,NA,NA,Molly Hatfield,Hatfield Molly,Wolutt,VT,USA,NA,NA
2023,Canoe,F6,oc2stockmix,3,40681,1436,1369,51,115,3,110,susquehanna70,NA,risingal01,Allisen Risinger,Risinger Allisen,Saco,ME,USA,Power Fluffs,NA
2023,Canoe,F6,oc2stockmix,3,40681,1436,1369,51,115,3,110,susquehanna70,NA,risingma01,Mark Risinger,Risinger Mark,Saco,ME,USA,Power Fluffs,NA
2015,Canoe,G18,open,7,40690,1437,1370,36,137,7,134,susquehanna70,NA,pinardpi01,Pierre Pinard,Pinard Pierre,L'orignal,ON,CAN,NA,NA
2018,Canoe,A4,oc2stockalum,4,40703,1438,1371,30,160,4,158,susquehanna70,NA,NA,Chrissy Adamo,Adamo Chrissy,Walton,NY,USA,NA,NA
2018,Canoe,A4,oc2stockalum,4,40703,1438,1371,30,160,4,158,susquehanna70,NA,NA,Morgan George,George Morgan,Sidney Center,NY,USA,NA,NA
2023,Unknown,G16,opentour,5,40705,1439,44,43,116,5,5,susquehanna70,NA,NA,Zachary Craft,Craft Zachary,Unadilla,NY,USA,Getting Crafty,NA
2016,Canoe,L2,oc1master,12,40780,1440,1372,87,165,12,153,susquehanna70,NA,crouchca01,Calvin Crouch,Crouch Calvin,Hubbardsville,NY,USA,NA,NA
2014,Canoe,G21,open,14,40798,1441,1373,37,167,14,162,susquehanna70,NA,NA,Jason MacDonald,MacDonald Jason,Oneonta,NY,USA,NA,NA
2014,Canoe,G21,open,14,40798,1441,1373,37,167,14,162,susquehanna70,NA,NA,Tom Cobbe,Cobbe Tom,Delhi,NY,USA,NA,NA
2015,Canoe,L1,oc1master,10,40824,1442,1374,88,138,10,135,susquehanna70,NA,lucknefr01,Francis Luckner IV,Luckner IV Francis,Corning,NY,USA,NA,NA
2025,Canoe,B5,oc4stock,5,40869,1443,1375,77,133,5,123,susquehanna70,NA,NA,Lilly Woodward,Woodward Lilly,Washington,DC,USA,Harold's Henchmen,NA
2025,Canoe,B5,oc4stock,5,40869,1443,1375,77,133,5,123,susquehanna70,NA,NA,Blue Shapiro,Shapiro Blue,Frederick,MD,USA,Harold's Henchmen,NA
2025,Canoe,B5,oc4stock,5,40869,1443,1375,77,133,5,123,susquehanna70,NA,NA,Vada Andrews,Andrews Vada,Austin,TX,USA,Harold's Henchmen,NA
2025,Canoe,B5,oc4stock,5,40869,1443,1375,77,133,5,123,susquehanna70,NA,NA,Maya Salpekar,Salpekar Maya,Ithaca,NY,USA,Harold's Henchmen,NA
2019,Kayak,KL11,k1unlimited,5,40932,1444,25,25,166,5,5,susquehanna70,NA,baumerda01,Dan Baumert,Baumert Dan,Levant,ME,USA,NA,NA
2023,Canoe,F3,oc2stockmix,4,40937,1445,1376,52,117,4,111,susquehanna70,NA,turturlo01,Lorraine Turturro,Turturro Lorraine,Watertown,NY,USA,Turturro/Mason,NA
2023,Canoe,F3,oc2stockmix,4,40937,1445,1376,52,117,4,111,susquehanna70,NA,NA,Hugh Mason,Mason Hugh,Constableville,NY,USA,Turturro/Mason,NA
2024,Canoe,F8,oc2stockmix,6,40949,1446,1377,53,119,6,112,susquehanna70,NA,NA,Kate Hale,Hale Kate,Saranac Lake,NY,USA,Drilldos,NA
2024,Canoe,F8,oc2stockmix,6,40949,1446,1377,53,119,6,112,susquehanna70,NA,NA,Gerard Smith,Smith Gerard,Saranac Lake ,NY,USA,Drilldos,NA
2016,Unknown,G17,open,11,40961,1447,45,38,166,11,11,susquehanna70,NA,raceda01,Dan Race,Race Dan,Wolutt,VT,USA,NA,NA
2016,Unknown,G17,open,11,40961,1447,45,38,166,11,11,susquehanna70,NA,NA,Henry Race,Race Henry,Wolcott,VT,USA,NA,NA
2025,Canoe,A1,oc2stockalum,3,41007,1448,1378,31,134,3,124,susquehanna70,NA,NA,Michael Balthazor,Balthazor Michael,Schenectady,NY,USA,uncrustables,NA
2025,Canoe,A1,oc2stockalum,3,41007,1448,1378,31,134,3,124,susquehanna70,NA,lyonswi01,Will Lyons,Lyons Will,Wynantskill,NY,USA,uncrustables,NA
2023,Canoe,E7,oc2stock,9,41018,1449,1379,130,118,9,112,susquehanna70,NA,meaderbe01,Benjamin Meader,Meader Benjamin,South Bristol,ME,USA,The Najdorf Variation,NA
2023,Canoe,E7,oc2stock,9,41018,1449,1379,130,118,9,112,susquehanna70,NA,NA,Sam Mathes,Mathes Sam,New Portland,ME,USA,The Najdorf Variation,NA
2024,Canoe,L4,oc1master,6,41036,1450,1380,89,120,6,113,susquehanna70,NA,marcyru01,Russell Marcy,Marcy Russell,Cooperstown,NY,USA,Pickle Juice Heroes,NA
2015,Canoe,R3,oc1stock,2,41069,1451,1381,25,139,2,136,susquehanna70,NA,bagleyje01,Jeff Bagley,Bagley Jeff,Sidney,NY,USA,NA,NA
2024,Canoe,X1,oc2cruisermix,10,41076,1452,1382,122,121,10,114,susquehanna70,NA,NA,Christina Kingston,Kingston Christina,Williamstown,VT,USA,802 crew,NA
2024,Canoe,X1,oc2cruisermix,10,41076,1452,1382,122,121,10,114,susquehanna70,NA,edwardsc01,Scott Edwards,Edwards Scott,Orange,VT,USA,802 crew,NA
2024,Canoe,R1,oc1stock,1,41099,1453,1383,26,122,1,115,susquehanna70,NA,staubach01,Chad Staubach,Staubach Chad,Altamont,NY,USA,Bring It,NA
2022,Canoe,X8,oc2cruisermix,5,41113,1454,1384,123,117,5,112,susquehanna70,NA,NA,Martyn Inkley,Inkley Martyn,Conewango,NY,USA,NA,NA
2022,Canoe,X8,oc2cruisermix,5,41113,1454,1384,123,117,5,112,susquehanna70,NA,NA,Liza Bobseine,Bobseine Liza,Conewango Valley,NY,USA,NA,NA
2023,Canoe,Y4,oc2cruiserwomen,4,41119,1455,1385,29,119,4,113,susquehanna70,NA,NA,Rebecca Pinkus,Pinkus Rebecca,Rockville,MD,USA,Steph and Becca,NA
2023,Canoe,Y4,oc2cruiserwomen,4,41119,1455,1385,29,119,4,113,susquehanna70,NA,NA,Stephanie Knabe,Knabe Stephanie,Mn,NA,NA,Steph and Becca,NA
2014,Canoe,G6,open,15,41133,1456,1386,39,168,15,163,susquehanna70,NA,hustedwa01,Wayne Husted,Husted Wayne,Sherburne,NY,USA,NA,NA
2014,Canoe,C1,oc2rec,6,41172,1457,1387,29,169,6,164,susquehanna70,NA,NA,Bill Davidson,Davidson Bill,Brooklyn,NY,USA,NA,NA
2014,Canoe,C1,oc2rec,6,41172,1457,1387,29,169,6,164,susquehanna70,NA,NA,Timothy Barry,Barry Timothy,Long Beach,CA,USA,NA,NA
2022,Canoe,A1,oc2stockalum,2,41175,1458,1388,32,118,2,113,susquehanna70,NA,collieto01,Todd Collier,Collier Todd,Cooperstown,NY,USA,Bc,NA
2022,Canoe,A1,oc2stockalum,2,41175,1458,1388,32,118,2,113,susquehanna70,NA,bannerlu01,Luke Banner,Banner Luke,Milford,NY,USA,Bc,NA
2014,Canoe,G2,open,16,41197,1459,1389,40,170,16,165,susquehanna70,NA,NA,Joshua Enck,Enck Joshua,Chittenango,NY,USA,NA,NA
2014,Canoe,G2,open,16,41197,1459,1389,40,170,16,165,susquehanna70,NA,NA,Rebecca Enck,Enck Rebecca,Chittenango,NY,USA,NA,NA
2017,Kayak,KL4,k1unlimited,2,41245,1460,26,26,166,2,2,susquehanna70,NA,baumerda01,Dan Baumert,Baumert Dan,Levant,ME,USA,NA,NA
2016,Canoe,T5,oc2cruiser,13,41258,1461,1390,94,167,13,154,susquehanna70,NA,NA,Michael Hamilton Jr.,Hamilton Jr. Michael,Oneonta,NY,USA,NA,NA
2016,Canoe,T5,oc2cruiser,13,41258,1461,1390,94,167,13,154,susquehanna70,NA,NA,Michael Hamilton Sr.,Hamilton Sr. Michael,Yaphank,NY,USA,NA,NA
2025,Canoe,F6,oc2stockmix,8,41259,1462,1391,54,135,8,125,susquehanna70,NA,crouchho01,Holly Crouch,Crouch Holly,Sherburne,NY,USA,NA,NA
2025,Canoe,F6,oc2stockmix,8,41259,1462,1391,54,135,8,125,susquehanna70,NA,goocheji01,Jim Goochee,Goochee Jim,Port Allegany,PA,USA,NA,NA
2024,Canoe,A2,oc2stockalum,1,41270,1463,1392,33,123,1,116,susquehanna70,NA,NA,Mat Robinson,Robinson Mat,Oneonta,NY,USA,NA,NA
2024,Canoe,A2,oc2stockalum,1,41270,1463,1392,33,123,1,116,susquehanna70,NA,NA,Gareth Austin,Austin Gareth,Hartwick,NY,USA,NA,NA
2025,Unknown,G3,opentour,7,41307,1464,46,44,136,7,7,susquehanna70,NA,NA,Holley Reynolds,Reynolds Holley,Walton,NY,USA,Wet Dream,NA
2023,Unknown,G23,opentour,6,41341,1465,47,45,120,6,6,susquehanna70,NA,pinardpi01,Pierre Pinard,Pinard Pierre,L Orignal,ON,CAN,Bear Paw Track,NA
2023,Unknown,G23,opentour,6,41341,1465,47,45,120,6,6,susquehanna70,NA,rouxcl01,Claude Roux,Roux Claude,Vaudreuil-Dorion,QC,CAN,Bear Paw Track,NA
2019,Unknown,G11,opentour,14,41385,1466,48,46,167,14,14,susquehanna70,NA,NA,John Olearczyk,Olearczyk John,Williamsville,NY,USA,NA,NA
2019,Unknown,G11,opentour,14,41385,1466,48,46,167,14,14,susquehanna70,NA,NA,Ron Lytel,Lytel Ron,cooperstown,NY,USA,NA,NA
2019,Canoe,F4,oc2stockmix,10,41396,1467,1393,55,168,10,149,susquehanna70,NA,turturlo01,Lorraine Turturro,Turturro Lorraine,Watertown,NY,USA,NA,NA
2019,Canoe,F4,oc2stockmix,10,41396,1467,1393,55,168,10,149,susquehanna70,NA,mattinji01,Jim Mattingly,Mattingly Jim,Theresa,NY,USA,NA,NA
2015,Canoe,C2,oc2rec,3,41407,1468,1394,30,140,3,137,susquehanna70,NA,obrienpa01,Pat O'Brien,O'Brien Pat,Hartwick,NY,USA,NA,NA
2015,Canoe,C2,oc2rec,3,41407,1468,1394,30,140,3,137,susquehanna70,NA,bachorst01,Steven Bachorik Jr.,Bachorik Jr. Steven,Hartwick,NY,USA,NA,NA
2016,Canoe,T14,oc2cruiser,14,41417,1469,1395,95,168,14,155,susquehanna70,NA,NA,Alex Bechtold,Bechtold Alex,Chester,MD,USA,NA,NA
2016,Canoe,T14,oc2cruiser,14,41417,1469,1395,95,168,14,155,susquehanna70,NA,NA,Harold Wilson,Wilson Harold,Chester,MD,USA,NA,NA
2016,Canoe,A8,oc2stockalum,6,41452,1470,1396,34,169,6,156,susquehanna70,NA,NA,Jarrett Newby,Newby Jarrett,Binghamton,NY,USA,NA,NA
2016,Canoe,A8,oc2stockalum,6,41452,1470,1396,34,169,6,156,susquehanna70,NA,NA,Jarry Newby,Newby Jarry,Bingahmton,NY,USA,NA,NA
2017,Canoe,A4,oc2stockalum,5,41466,1471,1397,35,167,5,165,susquehanna70,NA,NA,Chrissy Adamo,Adamo Chrissy,Walton,NY,USA,NA,NA
2017,Canoe,A4,oc2stockalum,5,41466,1471,1397,35,167,5,165,susquehanna70,NA,NA,Morgan George,George Morgan,Sidney Center,NY,USA,NA,NA
2016,Unknown,G15,open,12,41544,1472,49,41,170,12,12,susquehanna70,NA,NA,Jon Greco,Greco Jon,Westlake,OH,USA,NA,NA
2016,Unknown,G2,open,13,41547,1473,50,42,171,13,13,susquehanna70,NA,NA,Ryan Farley,Farley Ryan,Clifton Park,NY,USA,NA,NA
2025,Unknown,G12,opentour,8,41554,1474,51,47,137,8,8,susquehanna70,NA,mcduffly01,Lynne McDuffie,McDuffie Lynne,Robbins,NC,USA,Possum,NA
2024,Canoe,X4,oc2cruisermix,11,41562,1475,1398,124,124,11,117,susquehanna70,NA,NA,Jacques Supper,Supper Jacques,Lac Des Ecorces,QC,CAN,Supper,NA
2024,Canoe,X4,oc2cruisermix,11,41562,1475,1398,124,124,11,117,susquehanna70,NA,NA,Catherine Gagné-Supper,Gagné-Supper Catherine,Mont-Laurier,QC,CAN,Supper,NA
2023,Canoe,C2,oc2rec,2,41583,1476,1399,31,121,2,114,susquehanna70,NA,colliest01,Steve Collier,Collier Steve,Cooperstown,NY,USA,Last Child Again,NA
2023,Canoe,C2,oc2rec,2,41583,1476,1399,31,121,2,114,susquehanna70,NA,NA,Erin Collier,Collier Erin,Cooperstown,NY,USA,Last Child Again,NA
2024,Canoe,A6,oc2stockalum,2,41629,1477,1400,36,125,2,118,susquehanna70,NA,NA,Emma Walley,Walley Emma,Walton,NY,USA,NA,NA
2024,Canoe,A6,oc2stockalum,2,41629,1477,1400,36,125,2,118,susquehanna70,NA,NA,Dalton Walley,Walley Dalton,Walton,NY,USA,NA,NA
2017,Canoe,V3,oc2cruisermaster,6,41629,1478,1401,69,168,6,166,susquehanna70,NA,bechtegr01,Greg Bechtel,Bechtel Greg,Cincinnati,OH,USA,NA,NA
2017,Canoe,V3,oc2cruisermaster,6,41629,1478,1401,69,168,6,166,susquehanna70,NA,fremonmi01,Mike Fremont,Fremont Mike,Cincinnati,OH,USA,NA,NA
2018,Canoe,G7,opentour,10,41663,1479,1402,48,161,10,159,susquehanna70,NA,mcduffly01,Lynne McDuffie,McDuffie Lynne,Robbins,NC,USA,NA,NA
2018,Canoe,G7,opentour,10,41663,1479,1402,48,161,10,159,susquehanna70,NA,NA,Renee Dunlap,Dunlap Renee,Seagrove,NC,USA,NA,NA
2019,Kayak,KL3,k1unlimited,6,41692,1480,27,27,169,6,6,susquehanna70,NA,merrilja01,James Merrill,Merrill James,West Henrietta,NY,USA,NA,NA
2024,Canoe,F10,oc2stockmix,7,41697,1481,1403,56,126,7,119,susquehanna70,NA,NA,Bonnie Campbell,Campbell Bonnie,Nelson House ,MB,CAN,Team Manitoba,NA
2024,Canoe,F10,oc2stockmix,7,41697,1481,1403,56,126,7,119,susquehanna70,NA,NA,Terrance Thomas,Thomas Terrance,Nelson House,MB,CAN,Team Manitoba,NA
2015,Canoe,G1,open,8,41744,1482,1404,43,141,8,138,susquehanna70,NA,hughesan01,Andy Hughes,Hughes Andy,New Hartford,CT,USA,NA,NA
2015,Canoe,G1,open,8,41744,1482,1404,43,141,8,138,susquehanna70,NA,evansed01,Ed Evans,Evans Ed,New Woodstock,NY,USA,NA,NA
2018,Canoe,G20,opentour,11,41753,1483,1405,49,162,11,160,susquehanna70,NA,NA,Josh Smith,Smith Josh,TERRY,MT,USA,NA,NA
2023,Canoe,S7,oc1pro,7,41761,1484,1406,70,122,7,115,susquehanna70,NA,broderem01,Emily Broderson,Broderson Emily,Maple Grove,MN,USA,Emily Broderson,NA
2023,Canoe,F4,oc2stockmix,5,41789,1485,1407,57,123,5,116,susquehanna70,NA,mcduffly01,Lynne McDuffie,McDuffie Lynne,Robbins,NC,USA,NA,NA
2023,Canoe,F4,oc2stockmix,5,41789,1485,1407,57,123,5,116,susquehanna70,NA,NA,Jim Boochee,Boochee Jim,Port Allegeny,PA,USA,NA,NA
2023,Unknown,G14,opentour,7,41799,1486,52,50,124,7,7,susquehanna70,NA,NA,Aidan Cutting,Cutting Aidan,Unadilla,NY,USA,AC,NA
2014,Canoe,R3,oc1stock,7,41827,1487,1408,27,171,7,166,susquehanna70,NA,bealejo01,John Beale III,Beale III John,Franklin,VA,USA,NA,NA
2015,Canoe,G14,open,9,41891,1488,1409,44,142,9,139,susquehanna70,NA,hatfiest01,Steve Hatfield,Hatfield Steve,Schenevus,NY,USA,NA,NA
2015,Canoe,G14,open,9,41891,1488,1409,44,142,9,139,susquehanna70,NA,daldegvi01,Vick Daldegan,Daldegan Vick,Worcester,NY,USA,NA,NA
2015,Canoe,A6,oc2stockalum,5,41897,1489,1410,37,143,5,140,susquehanna70,NA,NA,Dustin Dumond,Dumond Dustin,Bainbridge,NY,USA,NA,NA
2015,Canoe,A6,oc2stockalum,5,41897,1489,1410,37,143,5,140,susquehanna70,NA,NA,Nathan Seymour,Seymour Nathan,Bainbridge,NY,USA,NA,NA
2019,Unknown,G19,opentour,15,41921,1490,53,51,170,15,15,susquehanna70,NA,NA,Brian Guzy,Guzy Brian,Cooperstown,NY,USA,NA,NA
2019,Unknown,G19,opentour,15,41921,1490,53,51,170,15,15,susquehanna70,NA,NA,Cooper Guzy,Guzy Cooper,Cooperstown,NY,USA,NA,NA
2015,Canoe,G17,open,10,41926,1491,1411,45,144,10,141,susquehanna70,NA,NA,Jeremy Scudder,Scudder Jeremy,Maryland,NY,USA,NA,NA
2015,Canoe,G17,open,10,41926,1491,1411,45,144,10,141,susquehanna70,NA,NA,Will Weinert,Weinert Will,Schenevus,NY,USA,NA,NA
2023,Kayak,KL4,k1unlimited,2,41960,1492,28,28,125,2,2,susquehanna70,NA,baumerda01,Daniel Baumert,Baumert Daniel,Levant,ME,USA,NA,NA
2015,Canoe,G5,open,11,41977,1493,1412,46,145,11,142,susquehanna70,NA,millerbo01,Bob Miller,Miller Bob,Harmony,ME,USA,NA,NA
2015,Canoe,G5,open,11,41977,1493,1412,46,145,11,142,susquehanna70,NA,mitchero01,Robert Mitchell,Mitchell Robert,Clinton Corners,NY,USA,NA,NA
2024,Unknown,G1,opentour,7,42043,1494,54,52,127,7,7,susquehanna70,NA,NA,Sara Kidder,Kidder Sara,Huntington,WV,USA,Just keep paddling,NA
2015,Canoe,E12,oc2stock,15,42089,1495,1413,131,146,15,143,susquehanna70,NA,NA,David Garvey,Garvey David,NA,NA,NA,NA,NA
2015,Canoe,E12,oc2stock,15,42089,1495,1413,131,146,15,143,susquehanna70,NA,NA,William Bechtold,Bechtold William,Chester,MD,USA,NA,NA
2014,Canoe,G26,open,17,42090,1496,1414,47,172,17,167,susquehanna70,NA,NA,Anna Hineline,Hineline Anna,Ithaca,NY,USA,NA,NA
2014,Canoe,G26,open,17,42090,1496,1414,47,172,17,167,susquehanna70,NA,hogueje01,Jeff Hogue,Hogue Jeff,Romulus,NY,USA,NA,NA
2018,Canoe,G19,opentour,12,42092,1497,1415,53,163,12,161,susquehanna70,NA,NA,Brian Guzy,Guzy Brian,Cooperstown,NY,USA,NA,NA
2018,Canoe,G19,opentour,12,42092,1497,1415,53,163,12,161,susquehanna70,NA,NA,Carson Guzy,Guzy Carson,Cooperstown,NY,USA,NA,NA
2015,Canoe,A8,oc2stockalum,6,42165,1498,1416,38,147,6,144,susquehanna70,NA,allisojo01,Joseph Allison,Allison Joseph,Oxford,NY,USA,NA,NA
2015,Canoe,A8,oc2stockalum,6,42165,1498,1416,38,147,6,144,susquehanna70,NA,NA,Quinton Hasak,Hasak Quinton,Cooperstown,NY,USA,NA,NA
2022,Canoe,Y2,oc2cruiserwomen,2,42202,1499,1417,30,119,2,114,susquehanna70,NA,rubinha01,Hannah Rubin,Rubin Hannah,Knoxville,TN,USA,NA,NA
2022,Canoe,Y2,oc2cruiserwomen,2,42202,1499,1417,30,119,2,114,susquehanna70,NA,reinerpr01,Priscilla Reinertsen,Reinertsen Priscilla,Contoocook,NH,USA,NA,NA
2022,Canoe,L3,oc1master,6,42205,1500,1418,90,120,6,115,susquehanna70,NA,paradial01,Alan Paradise,Paradise Alan,Pittsfield,NH,USA,ihurtalready!,NA
2015,Kayak,KL4,k1unlimited,4,42209,1501,29,29,148,4,4,susquehanna70,NA,baumerda01,Dan Baumert,Baumert Dan,Levant,ME,USA,NA,NA
2022,Canoe,F5,oc2stockmix,4,42227,1502,1419,58,121,4,116,susquehanna70,NA,NA,Elizabeth Butler,Butler Elizabeth,Ithaca,NY,USA,NA,NA
2022,Canoe,F5,oc2stockmix,4,42227,1502,1419,58,121,4,116,susquehanna70,NA,NA,Amy Kuo,Kuo Amy,Ithaca,NY,USA,NA,NA
2025,Canoe,E3,oc2stock,9,42262,1503,1420,132,138,9,126,susquehanna70,NA,mitchero01,Robert Mitchell,Mitchell Robert,Clinton Corners,NY,USA,"Yeah,right",NA
2025,Canoe,E3,oc2stock,9,42262,1503,1420,132,138,9,126,susquehanna70,NA,wescotte01,Terry Wescott,Wescott Terry,Thorndike,ME,USA,"Yeah,right",NA
2025,Unknown,G2,opentour,9,42280,1504,55,54,139,9,9,susquehanna70,NA,NA,Girolamo Mammolito,Mammolito Girolamo,Phoenix,NY,USA,Finger Lakes 2 Dot Com,NA
2025,Unknown,G2,opentour,9,42280,1504,55,54,139,9,9,susquehanna70,NA,NA,Paul Campbell,Campbell Paul,Hamlin,NY,USA,Finger Lakes 2 Dot Com,NA
2016,Unknown,G1,open,14,42301,1505,56,48,172,14,14,susquehanna70,NA,mattinji01,Jim Mattingly,Mattingly Jim,Theresa,NY,USA,NA,NA
2016,Unknown,G1,open,14,42301,1505,56,48,172,14,14,susquehanna70,NA,turturlo01,Lorraine Turturro,Turturro Lorraine,Watertown,NY,USA,NA,NA
2022,Unknown,G1,opentour,5,42314,1506,57,55,122,5,5,susquehanna70,NA,NA,Jason Blanchard,Blanchard Jason,Charlotte,NC,USA,Ship of fools,NA
2024,Canoe,F3,oc2stockmix,8,42324,1507,1421,59,128,8,120,susquehanna70,NA,NA,Cheryl Constant,Constant Cheryl,Pukatawagan,MB,CAN,Paddling thru life together,NA
2024,Canoe,F3,oc2stockmix,8,42324,1507,1421,59,128,8,120,susquehanna70,NA,NA,William Young,Young William,Winnipeg,MB,CAN,Paddling thru life together,NA
2014,Canoe,A11,oc2stockalum,8,42358,1508,1422,39,173,8,168,susquehanna70,NA,NA,Brian Taggart,Taggart Brian,Unadilla,NY,USA,NA,NA
2014,Canoe,A11,oc2stockalum,8,42358,1508,1422,39,173,8,168,susquehanna70,NA,NA,Jason Jordan,Jordan Jason,Franklin,NY,USA,NA,NA
2017,Canoe,G101,open,7,42380,1509,1423,49,169,7,167,susquehanna70,NA,NA,Ian Bernier,Bernier Ian,Sidney,ME,USA,NA,NA
2016,Canoe,A3,oc2stockalum,7,42397,1510,1424,40,173,7,157,susquehanna70,NA,NA,Joseph Powers,Powers Joseph,Milford,NY,USA,NA,NA
2016,Canoe,A3,oc2stockalum,7,42397,1510,1424,40,173,7,157,susquehanna70,NA,NA,Thomas Pinello,Pinello Thomas,Ithaca,NY,USA,NA,NA
2014,Canoe,R6,oc1stock,8,42422,1511,1425,28,174,8,169,susquehanna70,NA,buellda01,Daniel Buell,Buell Daniel,New Berlin,NY,USA,NA,NA
2023,Canoe,D2,oc2recmix,1,42438,1512,1426,7,126,1,117,susquehanna70,NA,gallagfr01,Francis Gallagher,Gallagher Francis,Wilson,NY,USA,700 or Bust,NA
2023,Canoe,D2,oc2recmix,1,42438,1512,1426,7,126,1,117,susquehanna70,NA,gallagli01,Linda Gallagher,Gallagher Linda,Wilson,NY,USA,700 or Bust,NA
2016,Canoe,A2,oc2stockalum,8,42453,1513,1427,41,174,8,158,susquehanna70,NA,NA,Chrissy Adamo,Adamo Chrissy,Walton,NY,USA,NA,NA
2016,Canoe,A2,oc2stockalum,8,42453,1513,1427,41,174,8,158,susquehanna70,NA,NA,Morgan George,George Morgan,Sidney Center,NY,USA,NA,NA
2022,Canoe,A2,oc2stockalum,3,42458,1514,1428,42,123,3,117,susquehanna70,NA,NA,Emma Walley,Walley Emma,Walton,NY,USA,NA,NA
2022,Canoe,A2,oc2stockalum,3,42458,1514,1428,42,123,3,117,susquehanna70,NA,NA,Darrin Walley,Walley Darrin,Walton,NY,USA,NA,NA
2022,Canoe,A3,oc2stockalum,4,42462,1515,1429,43,124,4,118,susquehanna70,NA,walleybr01,Brian Walley,Walley Brian,Walton,NY,USA,NA,NA
2022,Canoe,A3,oc2stockalum,4,42462,1515,1429,43,124,4,118,susquehanna70,NA,NA,Corbin Walley,Walley Corbin,Walton,NY,USA,NA,NA
2022,Unknown,G2,opentour,6,42468,1516,58,56,125,6,6,susquehanna70,NA,NA,Austin Longcoy,Longcoy Austin,Binghamton,NY,USA,Big Chungus,NA
2015,Canoe,A7,oc2stockalum,7,42567,1517,1430,44,149,7,145,susquehanna70,NA,NA,John Bugyi,Bugyi John,New Lisbon,NY,USA,NA,NA
2015,Canoe,A7,oc2stockalum,7,42567,1517,1430,44,149,7,145,susquehanna70,NA,NA,Ryan Klein,Klein Ryan,New Lisbon,NY,USA,NA,NA
2025,Unknown,G15,opentour,10,42599,1518,59,57,140,10,10,susquehanna70,NA,NA,Ava Cirigliano,Cirigliano Ava,Unadilla,NY,USA,Cirigliano's,NA
2025,Unknown,G15,opentour,10,42599,1518,59,57,140,10,10,susquehanna70,NA,NA,Gabriel Cirigliano,Cirigliano Gabriel,Unadilla,NY,USA,Cirigliano's,NA
2022,Canoe,X7,oc2cruisermix,6,42601,1519,1431,125,126,6,119,susquehanna70,NA,staubach01,Chad Staubach,Staubach Chad,Altamont,NY,USA,Staubach's,NA
2022,Canoe,X7,oc2cruisermix,6,42601,1519,1431,125,126,6,119,susquehanna70,NA,staubasa01,Samantha Staubach,Staubach Samantha,Altamont,NY,USA,Staubach's,NA
2023,Canoe,E3,oc2stock,10,42603,1520,1432,133,127,10,118,susquehanna70,NA,NA,William Quinlan,Quinlan William,Ithaca,NY,USA,Dragons,NA
2023,Canoe,E3,oc2stock,10,42603,1520,1432,133,127,10,118,susquehanna70,NA,nicoloja01,James Nicoloff,Nicoloff James,Hornell,NY,USA,Dragons,NA
2018,Canoe,G15,opentour,13,42607,1521,1433,58,164,13,162,susquehanna70,NA,turturlo01,Lorraine Turturro,Turturro Lorraine,Watertown,NY,USA,NA,NA
2018,Canoe,G15,opentour,13,42607,1521,1433,58,164,13,162,susquehanna70,NA,mattinji01,Jim Mattingly,Mattingly Jim,Theresa,NY,USA,NA,NA
2023,Unknown,G5,opentour,8,42612,1522,60,59,128,8,8,susquehanna70,NA,NA,Jason Blanchard,Blanchard Jason,Charlotte,NC,USA,Ship of fools,NA
2015,Canoe,E1,oc2stock,16,42639,1523,1434,134,150,16,146,susquehanna70,NA,schlimfr01,Francis Schlimmer,Schlimmer Francis,Cortland,NY,USA,NA,NA
2015,Canoe,E1,oc2stock,16,42639,1523,1434,134,150,16,146,susquehanna70,NA,schlimjo01,Joseph Schlimmer,Schlimmer Joseph,Cortland,NY,USA,NA,NA
2025,Unknown,G14,opentour,11,42648,1524,61,60,141,11,11,susquehanna70,NA,NA,Griffin Cirigliano,Cirigliano Griffin,Unadilla,NY,USA,Squirrely Fish,NA
2025,Unknown,G14,opentour,11,42648,1524,61,60,141,11,11,susquehanna70,NA,ciriglda01,Daniel Cirigliano,Cirigliano Daniel,Unadilla,NY,USA,Squirrely Fish,NA
2019,Canoe,C6,oc2rec,5,42676,1525,1435,32,171,5,150,susquehanna70,NA,NA,Ken Pixley,Pixley Ken,Unadilla,NY,USA,NA,NA
2019,Canoe,C6,oc2rec,5,42676,1525,1435,32,171,5,150,susquehanna70,NA,NA,Caitlin Ferrante,Ferrante Caitlin,Guilderland,NY,USA,NA,NA
2022,Canoe,J1,oc1,4,42709,1526,1436,44,127,4,120,susquehanna70,NA,loeffltr01,Tres Loeffler,Loeffler Tres,Milford,NY,USA,NA,NA
2022,Canoe,R1,oc1stock,1,42726,1527,1437,29,128,1,121,susquehanna70,NA,NA,Mark Kogutowski,Kogutowski Mark,Grand Island,NY,USA,Scajaquada Canoe Club,NA
2023,Unknown,G1,opentour,9,42784,1528,62,61,129,9,9,susquehanna70,NA,ciampaal01,Alex Ciampa,Ciampa Alex,Amesbury,MA,USA,Straight outta rehab,NA
2019,Unknown,G3,opentour,16,42787,1529,63,62,172,16,16,susquehanna70,NA,hustedwa01,Wayne Husted,Husted Wayne,Norwich,NY,USA,NA,NA
2014,Canoe,G5,open,18,42858,1530,1438,50,175,18,170,susquehanna70,NA,NA,Chris Buckley,Buckley Chris,Lake Forest,IL,USA,NA,NA
2014,Canoe,G5,open,18,42858,1530,1438,50,175,18,170,susquehanna70,NA,NA,Patrick Buckley,Buckley Patrick,New Hartford,NY,USA,NA,NA
2018,Canoe,C2,oc2rec,4,42909,1531,1439,33,165,4,163,susquehanna70,NA,NA,Jason Dilworth,Dilworth Jason,Fredonia,NY,USA,NA,NA
2018,Canoe,C2,oc2rec,4,42909,1531,1439,33,165,4,163,susquehanna70,NA,NA,John Dilworth,Dilworth John,Ogden,UT,USA,NA,NA
2024,Unknown,G13,opentour,8,42947,1532,64,63,129,8,8,susquehanna70,NA,NA,Victor Fisher,Fisher Victor,Bainbridge ,NY,USA,Iron Brigade,NA
2024,Unknown,G13,opentour,8,42947,1532,64,63,129,8,8,susquehanna70,NA,NA,Dario Loriato,Loriato Dario,Brookline ,MA,USA,Iron Brigade,NA
2018,Canoe,A7,oc2stockalum,5,42991,1533,1440,45,166,5,164,susquehanna70,NA,NA,Nick Sobers,Sobers Nick,laurens,NY,USA,NA,NA
2018,Canoe,A7,oc2stockalum,5,42991,1533,1440,45,166,5,164,susquehanna70,NA,NA,Anne Pallischeck,Pallischeck Anne,Maryland,NY,USA,NA,NA
2023,Canoe,L8,oc1master,9,43051,1534,1441,91,130,9,119,susquehanna70,NA,jordanji01,James Jordan,Jordan James,Cooperstown ,NY,USA,NA,NA
2015,Canoe,E18,oc2stock,17,43144,1535,1442,135,151,17,147,susquehanna70,NA,NA,Frank Getman,Getman Frank,Portsmouth,NH,USA,NA,NA
2015,Canoe,E18,oc2stock,17,43144,1535,1442,135,151,17,147,susquehanna70,NA,NA,Gerald Pondolfino,Pondolfino Gerald,Oneonta,NY,USA,NA,NA
2023,Canoe,E2,oc2stock,11,43148,1536,1443,136,131,11,120,susquehanna70,NA,NA,Brian Loskamp,Loskamp Brian,San Mateo,CA,USA,Paddling Fools,NA
2023,Canoe,E2,oc2stock,11,43148,1536,1443,136,131,11,120,susquehanna70,NA,buchhoge01,George Buchholz,Buchholz George,Ithaca,NY,USA,Paddling Fools,NA
2015,Canoe,R2,oc1stock,3,43203,1537,1444,30,152,3,148,susquehanna70,NA,primmemi01,Michael Primmer,Primmer Michael,Oneonta,NY,USA,NA,NA
2019,Unknown,G14,opentour,17,43243,1538,65,64,173,17,17,susquehanna70,NA,schlimjo01,Joseph Schlimmer,Schlimmer Joseph,Cortland,NY,USA,NA,NA
2019,Unknown,G14,opentour,17,43243,1538,65,64,173,17,17,susquehanna70,NA,schlimth01,Theresa Schlimmer,Schlimmer Theresa,Cortland,NY,USA,NA,NA
2014,Canoe,L8,oc1master,15,43246,1539,1445,92,176,15,171,susquehanna70,NA,mitchero01,Robert Mitchell,Mitchell Robert,Saco,ME,USA,NA,NA
2023,Unknown,G25,opentour,10,43256,1540,66,65,132,10,10,susquehanna70,NA,NA,Darrin Walley,Walley Darrin,Walton,NY,USA,NA,NA
2016,Unknown,G7,open,15,43285,1541,67,51,175,15,15,susquehanna70,NA,NA,Steven Marks,Marks Steven,Bloomsburg,PA,USA,NA,NA
2015,Kayak,KL6,k1unlimited,5,43294,1542,30,30,153,5,5,susquehanna70,NA,ryanti01,Tim Ryan,Ryan Tim,Manilus,NY,USA,NA,NA
2017,Canoe,C8,oc2rec,6,43328,1543,1446,34,170,6,168,susquehanna70,NA,NA,Scott Sellers,Sellers Scott,Cazenovia,NY,USA,NA,NA
2017,Canoe,C8,oc2rec,6,43328,1543,1446,34,170,6,168,susquehanna70,NA,seiferer01,Eric Seifer,Seifer Eric,Potsdam,NY,USA,NA,NA
2024,Canoe,L6,oc1master,7,43339,1544,1447,93,130,7,121,susquehanna70,NA,lewisjo01,John Lewis,Lewis John,Bainbridge,NY,USA,NA,NA
2022,Canoe,E7,oc2stock,11,43347,1545,1448,137,129,11,122,susquehanna70,NA,goocheji01,Jim Goochee,Goochee Jim,Port Allegany,PA,USA,NA,NA
2022,Canoe,E7,oc2stock,11,43347,1545,1448,137,129,11,122,susquehanna70,NA,nicoloja01,James Nicoloff,Nicoloff James,Hornell,NY,USA,NA,NA
2025,Canoe,A3,oc2stockalum,4,43360,1546,1449,46,142,4,127,susquehanna70,NA,NA,Emma Walley,Walley Emma,Walton,NY,USA,NA,NA
2025,Canoe,A3,oc2stockalum,4,43360,1546,1449,46,142,4,127,susquehanna70,NA,NA,Jacob Kissell,Kissell Jacob,Phelps,NY,USA,NA,NA
2024,Canoe,E5,oc2stock,11,43423,1547,1450,138,131,11,122,susquehanna70,NA,NA,Mark Kogutowski,Kogutowski Mark,Grand Island,NY,USA,Scajaquada Canoe Club,NA
2024,Canoe,E5,oc2stock,11,43423,1547,1450,138,131,11,122,susquehanna70,NA,NA,Francis Wagner,Wagner Francis,Buffalo,NY,USA,Scajaquada Canoe Club,NA
2014,Canoe,G4,open,19,43542,1548,1451,52,177,19,172,susquehanna70,NA,NA,Steven Marks,Marks Steven,Bloomsburg,PA,USA,NA,NA
2014,Canoe,C3,oc2rec,7,43576,1549,1452,35,178,7,173,susquehanna70,NA,NA,Kenneth Baker,Baker Kenneth,Culpeper,VA,USA,NA,NA
2014,Canoe,C3,oc2rec,7,43576,1549,1452,35,178,7,173,susquehanna70,NA,NA,Victor Cruz,Cruz Victor,Culpeper,VA,USA,NA,NA
2023,Canoe,L3,oc1master,10,43581,1550,1453,94,133,10,121,susquehanna70,NA,NA,David Chan,Chan David,Cranford,NJ,USA,Team Chan,NA
2024,Unknown,G9,opentour,9,43611,1551,68,66,132,9,9,susquehanna70,NA,NA,Austin Longcoy,Longcoy Austin,Binghamton,NY,USA,Big Mode,NA
2016,Canoe,L11,oc1master,13,43618,1552,1454,95,176,13,159,susquehanna70,NA,lancasja01,Jay Lancaster,Lancaster Jay,Darlington,WI,USA,NA,NA
2022,Kayak,KL1,k1unlimited,2,43643,1553,31,31,130,2,2,susquehanna70,NA,frigoncl01,Claude Frigon,Frigon Claude,Terrebonne,QC,CAN,Surfski Bum,NA
2024,Unknown,G15,opentour,10,43873,1554,69,67,133,10,10,susquehanna70,NA,ciriglda01,Daniel Cirigliano,Cirigliano Daniel,Unadilla,NY,USA,Cirigliano x2,NA
2024,Unknown,G15,opentour,10,43873,1554,69,67,133,10,10,susquehanna70,NA,NA,Ava Cirigliano,Cirigliano Ava,Unadilla,NY,USA,Cirigliano x2,NA
2014,Kayak,KL4,k1unlimited,6,43980,1555,32,32,179,6,6,susquehanna70,NA,NA,Michael Close,Close Michael,Apalachin,NY,USA,NA,NA
2023,Canoe,A6,oc2stockalum,1,44019,1556,1455,47,134,1,122,susquehanna70,NA,NA,Dalton Walley,Walley Dalton,Walton,NY,USA,NA,NA
2023,Canoe,A6,oc2stockalum,1,44019,1556,1455,47,134,1,122,susquehanna70,NA,NA,Emma Walley,Walley Emma,Walton,NY,USA,NA,NA
2023,Unknown,G12,opentour,11,44022,1557,70,68,135,11,11,susquehanna70,NA,NA,Lance Thomas,Thomas Lance,Oneonta,NY,USA,Play Some Ball Here,NA
2023,Unknown,G12,opentour,11,44022,1557,70,68,135,11,11,susquehanna70,NA,NA,Alex Scorzafava,Scorzafava Alex,Oneonta,NY,USA,Play Some Ball Here,NA
2022,Canoe,R5,oc1stock,2,44054,1558,1456,31,131,2,123,susquehanna70,NA,lewisjo01,John Lewis,Lewis John,Bainbridge,NY,USA,NA,NA
2024,Canoe,A1,oc2stockalum,3,44229,1559,1457,48,134,3,123,susquehanna70,NA,NA,Mitch Cromer,Cromer Mitch,Newark Valley,NY,USA,Crom-azor,NA
2024,Canoe,A1,oc2stockalum,3,44229,1559,1457,48,134,3,123,susquehanna70,NA,NA,Michael Balthazor,Balthazor Michael,Schenectady,NY,USA,Crom-azor,NA
2025,Unknown,G18,opentour,12,44300,1560,71,69,143,12,12,susquehanna70,NA,NA,Nathaniel Gueltzau,Gueltzau Nathaniel,Burke,VA,USA,Penguin Viking,NA
2023,Canoe,R4,oc1stock,1,44333,1561,1458,32,136,1,123,susquehanna70,NA,staubach01,Chad Staubach,Staubach Chad,Altamont,NY,USA,Staubach,NA
2018,Kayak,KL6,k1unlimited,3,44358,1562,33,33,167,3,3,susquehanna70,NA,NA,Paul McClelland,McClelland Paul,Bridgewater,NJ,USA,NA,NA
2018,Kayak,KL5,k1unlimited,4,44359,1563,34,34,168,4,4,susquehanna70,NA,NA,Hal Heifetz,Heifetz Hal,Scotch Plains,NJ,USA,NA,NA
2017,Canoe,G6,open,8,44438,1564,1459,53,171,8,169,susquehanna70,NA,NA,Gerald Pondolfino,Pondolfino Gerald,Oneonta,NY,USA,NA,NA
2017,Canoe,G6,open,8,44438,1564,1459,53,171,8,169,susquehanna70,NA,NA,Bo Minogue,Minogue Bo,Orchard Park,NY,USA,NA,NA
2019,Unknown,G109,opentour,18,44466,1565,72,70,174,18,18,susquehanna70,NA,NA,David Avolio,Avolio David,New Berlin,NY,USA,NA,NA
2019,Unknown,G109,opentour,18,44466,1565,72,70,174,18,18,susquehanna70,NA,NA,Alex Avolio,Avolio Alex,New Berlin,NY,USA,NA,NA
2023,Canoe,R1,oc1stock,2,44470,1566,1460,33,137,2,124,susquehanna70,NA,NA,Mark Kogutowski,Kogutowski Mark,Grand Island,NY,USA,Scajaquada Canoe Club,NA
2015,Canoe,F3,oc2stockmix,3,44491,1567,1461,60,154,3,149,susquehanna70,NA,NA,Jason Jordan,Jordan Jason,Franklin,NY,USA,NA,NA
2015,Canoe,F3,oc2stockmix,3,44491,1567,1461,60,154,3,149,susquehanna70,NA,murphysh01,Shauna Murphy,Murphy Shauna,Franklin,NY,USA,NA,NA
2015,Canoe,E17,oc2stock,18,44507,1568,1462,139,155,18,150,susquehanna70,NA,NA,Chris Ek,Ek Chris,Vienna,VA,USA,NA,NA
2015,Canoe,E17,oc2stock,18,44507,1568,1462,139,155,18,150,susquehanna70,NA,NA,Doug Brooks,Brooks Doug,Washington,DC,USA,NA,NA
2022,Canoe,E13,oc2stock,12,44755,1569,1463,140,132,12,124,susquehanna70,NA,loringch01,Chip Loring,Loring Chip,Old Town,ME,USA,Team Penobscot,NA
2022,Canoe,E13,oc2stock,12,44755,1569,1463,140,132,12,124,susquehanna70,NA,wescotte01,Terry Wescott,Wescott Terry,Thorndike,ME,USA,Team Penobscot,NA
2023,Unknown,G21,opentour,12,44816,1570,73,71,138,12,12,susquehanna70,NA,NA,Austin Longcoy,Longcoy Austin,Binghamton,NY,USA,Get Good,NA
2014,Canoe,A1,oc2stockalum,9,44831,1571,1464,49,180,9,174,susquehanna70,NA,NA,Colin Hosely,Hosely Colin,Amherst,MA,USA,NA,NA
2014,Canoe,A1,oc2stockalum,9,44831,1571,1464,49,180,9,174,susquehanna70,NA,NA,Kacy Meyers,Meyers Kacy,South Deerfield,MA,USA,NA,NA
2018,Canoe,A11,oc2stockalum,6,44862,1572,1465,50,169,6,165,susquehanna70,NA,NA,William Norton,Norton William,Morris,NY,USA,NA,NA
2018,Canoe,A11,oc2stockalum,6,44862,1572,1465,50,169,6,165,susquehanna70,NA,NA,Brian Norton,Norton Brian,Morris,NY,USA,NA,NA
2024,Canoe,E4,oc2stock,12,44908,1573,1466,141,135,12,124,susquehanna70,NA,NA,Luke Van Der Veur,Van Der Veur Luke,Warnerville,NY,USA,Snowin April,NA
2024,Canoe,E4,oc2stock,12,44908,1573,1466,141,135,12,124,susquehanna70,NA,NA,Donald Guest,Guest Donald,Middleburgh,NY,USA,Snowin April,NA
2023,Unknown,G17,opentour,13,44962,1574,74,72,139,13,13,susquehanna70,NA,raceda01,Dan Race,Race Dan,Hyde Park,VT,USA,Steve Hatfield and Sons,NA
2023,Unknown,G17,opentour,13,44962,1574,74,72,139,13,13,susquehanna70,NA,NA,Henry Race,Race Henry,Hyde Park,VT,USA,Steve Hatfield and Sons,NA
2018,Canoe,G16,opentour,14,45005,1575,1467,73,170,14,166,susquehanna70,NA,NA,Ross Peele,Peele Ross,Sanford,NC,USA,NA,NA
2024,Canoe,F7,oc2stockmix,9,45051,1576,1468,61,136,9,125,susquehanna70,NA,goocheji01,Jim Goochee,Goochee Jim,Port Allegany,PA,USA,NA,NA
2024,Canoe,F7,oc2stockmix,9,45051,1576,1468,61,136,9,125,susquehanna70,NA,mcduffly01,Lynne McDuffie,McDuffie Lynne,Robbins,NC,USA,NA,NA
2024,Canoe,A3,oc2stockalum,4,45105,1577,1469,51,137,4,126,susquehanna70,NA,collieto01,Todd Collier,Collier Todd,Cooperstown,NY,USA,Luke's last year,NA
2024,Canoe,A3,oc2stockalum,4,45105,1577,1469,51,137,4,126,susquehanna70,NA,bannerlu01,Luke Banner,Banner Luke,Milford,NY,USA,Luke's last year,NA
2016,Canoe,R3,oc1stock,4,45204,1578,1470,34,177,4,160,susquehanna70,NA,sanderne01,Neal Sanders,Sanders Neal,Johnson City,TN,USA,NA,NA
2023,Canoe,A3,oc2stockalum,2,45219,1579,1471,52,140,2,125,susquehanna70,NA,collieto01,Todd Collier,Collier Todd,Cooperstown,NY,USA,Bc,NA
2023,Canoe,A3,oc2stockalum,2,45219,1579,1471,52,140,2,125,susquehanna70,NA,bannerlu01,Luke Banner,Banner Luke,Milford,NY,USA,Bc,NA
2023,Canoe,R3,oc1stock,3,45232,1580,1472,35,141,3,126,susquehanna70,NA,lewisjo01,John Lewis,Lewis John,Bainbridge,NY,USA,NA,NA
2018,Canoe,G3,opentour,15,45259,1581,1473,74,171,15,167,susquehanna70,NA,NA,Jason Blanchard,Blanchard Jason,Charleta,NC,USA,NA,NA
2018,Canoe,G14,opentour,16,45298,1582,1474,75,172,16,168,susquehanna70,NA,hustedwa01,Wayne Husted,Husted Wayne,Norwich,NY,USA,NA,NA
2014,Canoe,G27,open,20,45315,1583,1475,54,181,20,175,susquehanna70,NA,NA,Jackie Yambor,Yambor Jackie,Franklin,NY,USA,NA,NA
2014,Canoe,G27,open,20,45315,1583,1475,54,181,20,175,susquehanna70,NA,NA,Jeff Yambor,Yambor Jeff,Franklin,NY,USA,NA,NA
2016,Unknown,G11,open,16,45400,1584,75,55,178,16,16,susquehanna70,NA,NA,Blake Guzy,Guzy Blake,New York,NY,USA,NA,NA
2016,Unknown,G11,open,16,45400,1584,75,55,178,16,16,susquehanna70,NA,NA,Brian Guzy,Guzy Brian,New York,NY,USA,NA,NA
2016,Canoe,D1,oc2recmix,2,45401,1585,1476,8,179,2,161,susquehanna70,NA,NA,Elizabeth Edington,Edington Elizabeth,Sequin,ON,CAN,NA,NA
2016,Canoe,D1,oc2recmix,2,45401,1585,1476,8,179,2,161,susquehanna70,NA,NA,Lindsay Raymond,Raymond Lindsay,Macdougall,ON,CAN,NA,NA
2019,Kayak,KL5,k1unlimited,7,45432,1586,35,35,175,7,7,susquehanna70,NA,NA,Danika Clair,Clair Danika,Sidney,NY,USA,NA,NA
2019,Kayak,KL6,k1unlimited,8,45433,1587,36,36,176,8,8,susquehanna70,NA,NA,Nathan Sloan,Sloan Nathan,Sidney,NY,USA,NA,NA
2024,Canoe,F9,oc2stockmix,10,45445,1588,1477,62,138,10,127,susquehanna70,NA,adamsje01,Jen Adams,Adams Jen,Westport Island,ME,USA,Pickle Lovers,NA
2024,Canoe,F9,oc2stockmix,10,45445,1588,1477,62,138,10,127,susquehanna70,NA,NA,Elly Thomas,Thomas Elly,Wiscasset,ME,USA,Pickle Lovers,NA
2018,Canoe,G9,opentour,17,45496,1589,1478,76,173,17,169,susquehanna70,NA,NA,Henry Race,Race Henry,Wolcott,VT,USA,NA,NA
2018,Canoe,G9,opentour,17,45496,1589,1478,76,173,17,169,susquehanna70,NA,NA,soloman race,race soloman,NA,NA,NA,NA,NA
2016,Unknown,G3,open,17,45575,1590,76,56,180,17,17,susquehanna70,NA,hustedwa01,Wayne Husted,Husted Wayne,Sherburne,NY,USA,NA,NA
2025,Unknown,G7,opentour,13,45634,1591,77,77,144,13,13,susquehanna70,NA,NA,Carman Myers,Myers Carman,Cicero,NY,USA,Team thunder,NA
2025,Unknown,G7,opentour,13,45634,1591,77,77,144,13,13,susquehanna70,NA,NA,Adrian Barber,Barber Adrian,East Greenbush ,NY,USA,Team thunder,NA
2016,Canoe,A10,oc2stockalum,9,45663,1592,1479,53,181,9,162,susquehanna70,NA,NA,Greg Smyder,Smyder Greg,Binghamton,NY,USA,NA,NA
2016,Canoe,A10,oc2stockalum,9,45663,1592,1479,53,181,9,162,susquehanna70,NA,NA,Mattt Pullano,Pullano Mattt,Endwell,NY,USA,NA,NA
2025,Unknown,G11,opentour,14,45669,1593,78,78,145,14,14,susquehanna70,NA,NA,Will Rowland,Rowland Will,Cooperstown,NY,USA,Beaver Street Boys,NA
2025,Unknown,G11,opentour,14,45669,1593,78,78,145,14,14,susquehanna70,NA,NA,Vince Valenza,Valenza Vince,Cooperstown,NY,USA,Beaver Street Boys,NA
2015,Canoe,G8,open,12,45673,1594,1480,57,156,12,151,susquehanna70,NA,NA,Dan Mosely,Mosely Dan,Cooperstown,NY,USA,NA,NA
2015,Canoe,G8,open,12,45673,1594,1480,57,156,12,151,susquehanna70,NA,NA,Luke Mosely,Mosely Luke,East Sandwich,MA,USA,NA,NA
2015,Canoe,A4,oc2stockalum,8,45782,1595,1481,54,157,8,152,susquehanna70,NA,NA,Chrissy Adamo,Adamo Chrissy,Walton,NY,USA,NA,NA
2015,Canoe,A4,oc2stockalum,8,45782,1595,1481,54,157,8,152,susquehanna70,NA,NA,Morgan George,George Morgan,Franklin,NY,USA,NA,NA
2017,Canoe,C12,oc2rec,7,45954,1596,1482,36,172,7,170,susquehanna70,NA,dannja01,James Dann,Dann James,Endwell,NY,USA,NA,NA
2017,Canoe,C12,oc2rec,7,45954,1596,1482,36,172,7,170,susquehanna70,NA,NA,Dinar Galembush,Galembush Dinar,Knox,PA,USA,NA,NA
2019,Canoe,A2,oc2stockalum,4,45968,1597,1483,55,177,4,151,susquehanna70,NA,riosbe01,Benjamin Rios,Rios Benjamin,Brooklyn,NY,USA,NA,NA
2019,Canoe,A2,oc2stockalum,4,45968,1597,1483,55,177,4,151,susquehanna70,NA,NA,Clara Rios,Rios Clara,Brooklyn,NY,USA,NA,NA
2016,Canoe,A6,oc2stockalum,10,45983,1598,1484,56,182,10,163,susquehanna70,NA,NA,Nicholas Howell,Howell Nicholas,Brooklyn,NY,USA,NA,NA
2016,Canoe,A6,oc2stockalum,10,45983,1598,1484,56,182,10,163,susquehanna70,NA,NA,Patrick Howell,Howell Patrick,Brooklyn,NY,USA,NA,NA
2019,Unknown,G17,opentour,19,46315,1599,79,79,178,19,19,susquehanna70,NA,NA,Dinar Galembush,Galembush Dinar,Franklin,PA,USA,NA,NA
2016,Canoe,C4,oc2rec,5,46534,1600,1485,37,183,5,164,susquehanna70,NA,NA,Girolamo Mammolito,Mammolito Girolamo,Phoenix,NY,USA,NA,NA
2016,Canoe,C4,oc2rec,5,46534,1600,1485,37,183,5,164,susquehanna70,NA,NA,Paul Campbell,Campbell Paul,Hamlin,NY,USA,NA,NA
2024,Unknown,G2,opentour,11,46705,1601,80,80,139,11,11,susquehanna70,NA,NA,Dan Ames,Ames Dan,Alexandria Bay,NY,USA,Freya-G,NA
2015,Canoe,G4,open,13,46756,1602,1486,58,158,13,153,susquehanna70,NA,hustedwa01,Wayne Husted,Husted Wayne,Sherburne,NY,USA,NA,NA
2023,Unknown,G15,opentour,14,46825,1603,81,81,142,14,14,susquehanna70,NA,NA,Vincent Vanmaaren,Vanmaaren Vincent,Meridale ,NY,USA,Vincent VanMaaren,NA
2014,Canoe,D2,oc2recmix,4,46967,1604,1487,9,182,4,176,susquehanna70,NA,wolfgoca01,Carolyn Wolf-Gould,Wolf-Gould Carolyn,Oneonta,NY,USA,NA,NA
2015,Canoe,C1,oc2rec,4,47030,1605,1488,38,159,4,154,susquehanna70,NA,NA,Alex Hoskins,Hoskins Alex,Sidney,NY,USA,NA,NA
2015,Canoe,C1,oc2rec,4,47030,1605,1488,38,159,4,154,susquehanna70,NA,NA,E. David,David E.,Hoskins Baltimore,NY,USA,NA,NA
2014,Canoe,A5,oc2stockalum,10,47110,1606,1489,57,183,10,177,susquehanna70,NA,harmanba01,Barbara Harman,Harman Barbara,Cooperstown,NY,USA,NA,NA
2014,Canoe,A5,oc2stockalum,10,47110,1606,1489,57,183,10,177,susquehanna70,NA,edwardda01,David Edwards,Edwards David,Sayville,NY,USA,NA,NA
2023,Unknown,G26,opentour,15,47132,1607,82,82,143,15,15,susquehanna70,NA,NA,Damian Stobierski,Stobierski Damian,Brooklyn,NY,USA,"Shenan once, shenagain!",NA
2023,Unknown,G26,opentour,15,47132,1607,82,82,143,15,15,susquehanna70,NA,zolnielu01,Luke Zolnierowski,Zolnierowski Luke,Boulder,CO,USA,"Shenan once, shenagain!",NA
2024,Canoe,E1,oc2stock,13,47245,1608,1490,142,140,13,128,susquehanna70,NA,wescotte01,Terry Wescott,Wescott Terry,Thorndike,ME,USA,"Yeah,right",NA
2024,Canoe,E1,oc2stock,13,47245,1608,1490,142,140,13,128,susquehanna70,NA,mitchero01,Robert Mitchell,Mitchell Robert,Clinton Corners,NY,USA,"Yeah,right",NA
2016,Unknown,G19,open,18,47592,1609,83,59,184,18,18,susquehanna70,NA,NA,Michael Swavola,Swavola Michael,Wayne,PA,USA,NA,NA
2019,Canoe,A1,oc2stockalum,5,47689,1610,1491,58,179,5,152,susquehanna70,NA,NA,Tyler Briggs,Briggs Tyler,Albany,NY,USA,NA,NA
2019,Canoe,A1,oc2stockalum,5,47689,1610,1491,58,179,5,152,susquehanna70,NA,NA,Jackie Giffune,Giffune Jackie,Albany,NY,USA,NA,NA
2024,Unknown,G14,opentour,12,47740,1611,84,83,141,12,12,susquehanna70,NA,NA,Jesse Fendryk,Fendryk Jesse,Greene,NY,USA,Maggie's Revenge,NA
2024,Unknown,G14,opentour,12,47740,1611,84,83,141,12,12,susquehanna70,NA,NA,Ben Curtis,Curtis Ben,Brooklyn ,NY,USA,Maggie's Revenge,NA
2016,Canoe,C1,oc2rec,6,47770,1612,1492,39,185,6,165,susquehanna70,NA,NA,E. David Hoskins,Hoskins E. David,Baltimore,NY,USA,NA,NA
2016,Canoe,C1,oc2rec,6,47770,1612,1492,39,185,6,165,susquehanna70,NA,NA,Thomas Hoskins,Hoskins Thomas,Sidney,NY,USA,NA,NA
2015,Canoe,G10,open,14,47822,1613,1493,60,160,14,155,susquehanna70,NA,loefflha01,Hank Loeffler,Loeffler Hank,Milford,NY,USA,NA,NA
2015,Canoe,G10,open,14,47822,1613,1493,60,160,14,155,susquehanna70,NA,NA,Johanna Loeffler,Loeffler Johanna,Cooperstown,NY,USA,NA,NA
2023,Unknown,G9,opentour,16,47931,1614,85,84,144,16,16,susquehanna70,NA,NA,Dario Loriato,Loriato Dario,Brookline ,MA,USA,Iron Brigade,NA
2023,Unknown,G9,opentour,16,47931,1614,85,84,144,16,16,susquehanna70,NA,fisherbu01,Buddy Fisher,Fisher Buddy,Bainbridge,NY,USA,Iron Brigade,NA
2023,Canoe,A5,oc2stockalum,3,47978,1615,1494,59,145,3,127,susquehanna70,NA,NA,Corbin Walley,Walley Corbin,Walton,NY,USA,NA,NA
2023,Canoe,A5,oc2stockalum,3,47978,1615,1494,59,145,3,127,susquehanna70,NA,walleybi01,Bill Walley,Walley Bill,Walton,NY,USA,NA,NA
2023,Canoe,F7,oc2stockmix,6,48012,1616,1495,63,146,6,128,susquehanna70,NA,NA,Jf Legault,Legault Jf,Ottawa,ON,CAN,Team Biddy,NA
2023,Canoe,F7,oc2stockmix,6,48012,1616,1495,63,146,6,128,susquehanna70,NA,davenple01,Leslie Davenport,Davenport Leslie,Arnprior,ON,CAN,Team Biddy,NA
2015,Canoe,C3,oc2rec,5,48246,1617,1496,40,161,5,156,susquehanna70,NA,NA,Degroat Dan,Dan Degroat,Midland,VA,USA,NA,NA
2015,Canoe,C3,oc2rec,5,48246,1617,1496,40,161,5,156,susquehanna70,NA,NA,Victor Cruz,Cruz Victor,Midland,VA,USA,NA,NA
2018,Canoe,C3,oc2rec,5,48271,1618,1497,41,174,5,170,susquehanna70,NA,NA,Kevin Wilbur,Wilbur Kevin,NA,NA,NA,NA,NA
2018,Canoe,C3,oc2rec,5,48271,1618,1497,41,174,5,170,susquehanna70,NA,NA,Zack Picnich,Picnich Zack,NA,NA,NA,NA,NA
2017,Canoe,C6,oc2rec,8,48328,1619,1498,42,173,8,171,susquehanna70,NA,NA,Matthew Hoskins,Hoskins Matthew,Sidney,NY,USA,NA,NA
2017,Canoe,C6,oc2rec,8,48328,1619,1498,42,173,8,171,susquehanna70,NA,NA,E. David Hoskins,Hoskins E. David,Baltimore,NY,USA,NA,NA
2014,Canoe,G10,open,21,48398,1620,1499,61,184,21,178,susquehanna70,NA,NA,Shawn Kiernan,Kiernan Shawn,Swvern,MD,USA,NA,NA
2014,Canoe,G22,open,22,48627,1621,1500,62,185,22,179,susquehanna70,NA,NA,Bethany Mallett,Mallett Bethany,Montpelier,VT,USA,NA,NA
2014,Canoe,G22,open,22,48627,1621,1500,62,185,22,179,susquehanna70,NA,NA,Olive Race,Race Olive,Wolutt,VT,USA,NA,NA
2022,Unknown,G4,opentour,7,48759,1622,86,85,133,7,7,susquehanna70,NA,lucknefr01,Francis Luckner,Luckner Francis,Corning,NY,USA,NA,NA
2022,Unknown,G4,opentour,7,48759,1622,86,85,133,7,7,susquehanna70,NA,NA,Carrie Luckner,Luckner Carrie,Great Neck,NY,USA,NA,NA
2024,Canoe,B1,oc4stock,6,48794,1623,1501,78,142,6,129,susquehanna70,NA,NA,Christian Vanpatten,Vanpatten Christian,Cortland ,NY,USA,3 Generations,NA
2024,Canoe,B1,oc4stock,6,48794,1623,1501,78,142,6,129,susquehanna70,NA,gillwoan01,Anne Gill-Wood,Gill-Wood Anne,Whitesboro,NY,USA,3 Generations,NA
2024,Canoe,B1,oc4stock,6,48794,1623,1501,78,142,6,129,susquehanna70,NA,woodro01,Robert Wood,Wood Robert,Whitesboro,NY,USA,3 Generations,NA
2018,Canoe,A12,oc2stockalum,7,48818,1624,1502,60,175,7,171,susquehanna70,NA,NA,Laura Zellner,Zellner Laura,Parrish,FL,USA,NA,NA
2018,Canoe,A12,oc2stockalum,7,48818,1624,1502,60,175,7,171,susquehanna70,NA,NA,David Zellner,Zellner David,Parrish,FL,USA,NA,NA
2014,Kayak,KL3,k1unlimited,7,48851,1625,37,37,186,7,7,susquehanna70,NA,NA,Joshua Smith,Smith Joshua,Terry,MT,USA,NA,NA
2015,Canoe,G7,open,15,48881,1626,1503,63,162,15,157,susquehanna70,NA,raceda01,Dan Race,Race Dan,Wolutt,VT,USA,NA,NA
2015,Canoe,G7,open,15,48881,1626,1503,63,162,15,157,susquehanna70,NA,NA,Henry Race,Race Henry,Wolcott,VT,USA,NA,NA
2017,Canoe,G7,open,9,48899,1627,1504,64,174,9,172,susquehanna70,NA,NA,Josh Smith,Smith Josh,TERRY,MT,USA,NA,NA
2015,Kayak,KL2,k1unlimited,6,48962,1628,38,38,163,6,6,susquehanna70,NA,dannja01,James Dann,Dann James,Clarks Summit,PA,USA,NA,NA
2014,Canoe,G24,open,23,48994,1629,1505,65,187,23,180,susquehanna70,NA,NA,Donald Hayes,Hayes Donald,Binghamton,NY,USA,NA,NA
2014,Canoe,G24,open,23,48994,1629,1505,65,187,23,180,susquehanna70,NA,NA,Jed Rowley,Rowley Jed,Windsor,NY,USA,NA,NA
2015,Canoe,T17,oc2cruiser,13,49071,1630,1506,96,164,13,158,susquehanna70,NA,deando01,Donald Dean,Dean Donald,Binghamton,NY,USA,NA,NA
2015,Canoe,T17,oc2cruiser,13,49071,1630,1506,96,164,13,158,susquehanna70,NA,NA,Jack Sorell,Sorell Jack,Washington,CT,USA,NA,NA
2014,Canoe,A3,oc2stockalum,11,49374,1631,1507,61,188,11,181,susquehanna70,NA,NA,Camille Arter,Arter Camille,Saugerties,NY,USA,NA,NA
2014,Canoe,A3,oc2stockalum,11,49374,1631,1507,61,188,11,181,susquehanna70,NA,NA,Sara Forsythe,Forsythe Sara,Saugerties,NY,USA,NA,NA
2018,Canoe,A8,oc2stockalum,8,49472,1632,1508,62,176,8,172,susquehanna70,NA,riosbe01,Benjamin Rios,Rios Benjamin,Brooklyn,NY,USA,NA,NA
2018,Canoe,A8,oc2stockalum,8,49472,1632,1508,62,176,8,172,susquehanna70,NA,NA,Clara Rios,Rios Clara,Brooklyn,NY,USA,NA,NA
2023,Canoe,J1,oc1,3,49947,1633,1509,45,147,3,129,susquehanna70,NA,whalanje01,Jerry Whaland,Whaland Jerry,Hubbardston,MA,USA,Billy Goat Boats,NA
2017,Canoe,A7,oc2stockalum,6,50398,1634,1510,63,175,6,173,susquehanna70,NA,NA,Catal Breen,Breen Catal,Richmond,VA,USA,NA,NA
2017,Canoe,A7,oc2stockalum,6,50398,1634,1510,63,175,6,173,susquehanna70,NA,cannonwa01,Wayne Cannon,Cannon Wayne,Richmond,VA,USA,NA,NA
2024,Canoe,A4,oc2stockalum,5,50501,1635,1511,64,143,5,130,susquehanna70,NA,NA,Garrett Bavosa,Bavosa Garrett,Eastport,NY,USA,Butternut Berserkers,NA
2024,Canoe,A4,oc2stockalum,5,50501,1635,1511,64,143,5,130,susquehanna70,NA,NA,Jason Kostuk,Kostuk Jason,Burlington Flats,NY,USA,Butternut Berserkers,NA
2017,Canoe,L14,oc1master,12,50570,1636,1512,96,176,12,174,susquehanna70,NA,prattke01,Kelly Pratt,Pratt Kelly,Montrose,PA,USA,NA,NA
2023,Unknown,G11,opentour,17,50576,1637,87,86,148,17,17,susquehanna70,NA,NA,Luke Van Der Veur,Van Der Veur Luke,Warnerville,NY,USA,Floaters,NA
2023,Unknown,G11,opentour,17,50576,1637,87,86,148,17,17,susquehanna70,NA,NA,Donald Guest,Guest Donald,Middleburgh,NY,USA,Floaters,NA
2018,Canoe,C6,oc2rec,6,50576,1638,1513,43,177,6,173,susquehanna70,NA,NA,Dinar Galembush,Galembush Dinar,Knox,PA,USA,NA,NA
2018,Canoe,C6,oc2rec,6,50576,1638,1513,43,177,6,173,susquehanna70,NA,dannja01,James Dann,Dann James,Endwell,NY,USA,NA,NA
2023,Canoe,L14,oc1master,11,50637,1639,1514,97,149,11,130,susquehanna70,NA,coddinbr01,Bruce Coddington,Coddington Bruce,Sidney,NY,USA,NA,NA
2016,Unknown,G16,open,19,51860,1640,88,66,186,19,19,susquehanna70,NA,NA,Joshua Smith,Smith Joshua,Terry,MT,USA,NA,NA
2023,Canoe,D1,oc2recmix,2,51914,1641,1515,10,150,2,131,susquehanna70,NA,NA,Devon Kane,Kane Devon,Bangor,ME,USA,Wicked Wild Weavers,NA
2023,Canoe,D1,oc2recmix,2,51914,1641,1515,10,150,2,131,susquehanna70,NA,NA,Jessica Steele,Steele Jessica,Thorndike,ME,USA,Wicked Wild Weavers,NA
2023,Unknown,G7,opentour,18,51941,1642,89,87,151,18,18,susquehanna70,NA,NA,David Mellor,Mellor David,Schenevus,NY,USA,Mellor,NA
2024,Unknown,G7,opentour,13,52929,1643,90,88,144,13,13,susquehanna70,NA,NA,David Mellor,Mellor David,Schenevus,NY,USA,Paddle Powerhouse,NA
2024,Unknown,G7,opentour,13,52929,1643,90,88,144,13,13,susquehanna70,NA,NA,Mark Borthwick,Borthwick Mark,Fleetwood ,PA,USA,Paddle Powerhouse,NA
2018,Canoe,A1,oc2stockalum,9,52967,1644,1516,65,178,9,174,susquehanna70,NA,NA,Brett Davenport,Davenport Brett,Auburn,NY,USA,NA,NA
2018,Canoe,A1,oc2stockalum,9,52967,1644,1516,65,178,9,174,susquehanna70,NA,NA,Christopher Mee,Mee Christopher,Palm Beach Gardens,FL,USA,NA,NA
2023,Unknown,G13,opentour,19,59460,1645,91,89,152,19,19,susquehanna70,NA,NA,Clifford Ehmke,Ehmke Clifford,Ithaca,NY,USA,Ehmke Brothers,NA
2023,Unknown,G13,opentour,19,59460,1645,91,89,152,19,19,susquehanna70,NA,NA,James Ehmke,Ehmke James,Binghamton,NY,USA,Ehmke Brothers,NA
2016,Canoe,P4,oc2pro,NA,0,1646,1517,429,187,44,166,susquehanna70,Mens Under 50,litcheja01,Jason Litchenberger,Litchenberger Jason,Athol,MA,USA,NA,DNF
2016,Canoe,P4,oc2pro,NA,0,1646,1517,429,187,44,166,susquehanna70,Mens Under 50,kingma01,Matt King,King Matt,Athol,MA,USA,NA,DNF
2016,Canoe,P19,oc2pro,NA,0,1647,1518,430,188,45,167,susquehanna70,Mens Under 50,sheldojo01,Josh Sheldon,Sheldon Josh,Grayling,MI,USA,NA,DNF
2016,Canoe,P19,oc2pro,NA,0,1647,1518,430,188,45,167,susquehanna70,Mens Under 50,halstery01,Ryan Halstead,Halstead Ryan,Grayling,MI,USA,NA,DNF
2016,Canoe,P39,oc2pro,NA,0,1648,1519,431,189,46,168,susquehanna70,Mens 50 & Over,limberal01,Allen Limberg,Limberg Allen,Wausau,WI,USA,NA,DNF
2016,Canoe,P39,oc2pro,NA,0,1648,1519,431,189,46,168,susquehanna70,Mens 50 & Over,mannsjo01,Joe Manns,Manns Joe,Maplewood,MN,USA,NA,DNF
2016,Canoe,P37,oc2pro,NA,0,1649,1520,432,190,47,169,susquehanna70,Mens Under 50,landicco01,Connor Landick,Landick Connor,Marquette,MI,USA,NA,DNS
2016,Canoe,P37,oc2pro,NA,0,1649,1520,432,190,47,169,susquehanna70,Mens Under 50,landicst01,Steve Landick,Landick Steve,Marquette,MI,USA,NA,DNS
2019,Unknown,G16,opentour,NA,0,1650,92,90,180,20,20,susquehanna70,NA,dannja01,Jim Dann,Dann Jim,Endwell,NY,USA,NA,DNF
2019,Canoe,A5,oc2stockalum,NA,0,1651,1521,66,181,6,153,susquehanna70,NA,NA,Morgan George,George Morgan,Sidney Center,NY,USA,NA,DNF
2019,Canoe,A5,oc2stockalum,NA,0,1651,1521,66,181,6,153,susquehanna70,NA,NA,Chrissy Adamo,Adamo Chrissy,Walton,NY,USA,NA,DNF
2019,Canoe,D3,oc2recmix,NA,0,1652,1522,11,182,2,154,susquehanna70,NA,deando01,Donald Dean,Dean Donald,Binghamton,NY,USA,NA,NA
2019,Canoe,D3,oc2recmix,NA,0,1652,1522,11,182,2,154,susquehanna70,NA,NA,Jenny Cordis,Cordis Jenny,Binghamton,NY,USA,NA,NA
2014,Canoe,E8,oc2stock,NA,0,1653,1523,143,189,14,182,susquehanna70,NA,NA,Alan Haight,Haight Alan,Manlius,NY,USA,NA,DNS
2014,Canoe,E8,oc2stock,NA,0,1653,1523,143,189,14,182,susquehanna70,NA,NA,Russ Haight,Haight Russ,Manlius,NY,USA,NA,DNS
2014,Canoe,E15,oc2stock,NA,0,1654,1524,144,190,15,183,susquehanna70,NA,gergke01,Ken Gerg,Gerg Ken,Emporium,PA,USA,NA,DNS
2014,Canoe,E15,oc2stock,NA,0,1654,1524,144,190,15,183,susquehanna70,NA,youngla01,Laverne Young,Young Laverne,Niceville,FL,USA,NA,DNS
2015,Canoe,R1,oc1stock,NA,0,1655,1525,36,165,4,159,susquehanna70,NA,bealejo01,John Beale III,Beale III John,Franklin,VA,USA,NA,DNS
2019,Canoe,E12,oc2stock,NA,0,1656,1526,145,183,21,155,susquehanna70,NA,NA,Gary McClain,McClain Gary,Ballston Spa,NY,USA,NA,DNF
2019,Canoe,E12,oc2stock,NA,0,1656,1526,145,183,21,155,susquehanna70,NA,burtonst01,Stephen Burton,Burton Stephen,Glenville,NY,USA,NA,DNF
2015,Canoe,S1,oc1pro,NA,0,1657,1527,71,166,10,160,susquehanna70,NA,packarmi01,Mike Packard,Packard Mike,Oneonta,NY,USA,NA,DNF
2015,Canoe,S4,oc1pro,NA,0,1658,1528,72,167,11,161,susquehanna70,NA,NA,Joeseph Roman,Roman Joeseph,Royal Oak,MI,USA,NA,DNS
2014,Canoe,G1,open,NA,0,1659,1529,67,191,24,184,susquehanna70,NA,NA,Sean Charette,Charette Sean,Afton,NY,USA,NA,DNS
2014,Canoe,G1,open,NA,0,1659,1529,67,191,24,184,susquehanna70,NA,NA,Vincent Buss,Buss Vincent,Bainbridge,NY,USA,NA,DNS
2014,Canoe,G16,open,NA,0,1660,1530,68,192,25,185,susquehanna70,NA,NA,Scott Thiele,Thiele Scott,Binghamton,NY,USA,NA,DNS
2014,Canoe,G17,open,NA,0,1661,1531,69,193,26,186,susquehanna70,NA,NA,Adrianne Blocklin,Blocklin Adrianne,Baltimore,MD,USA,NA,DNS
2014,Canoe,G17,open,NA,0,1661,1531,69,193,26,186,susquehanna70,NA,NA,Nicholas Blocklin,Blocklin Nicholas,Troy,NY,USA,NA,DNS
2015,Canoe,T5,oc2cruiser,NA,0,1662,1532,97,168,14,162,susquehanna70,NA,gallaner01,Eric Gallandt,Gallandt Eric,Orono,ME,USA,NA,DNF
2015,Canoe,T5,oc2cruiser,NA,0,1662,1532,97,168,14,162,susquehanna70,NA,owenje01,Jeff Owen,Owen Jeff,Orono,ME,USA,NA,DNF
2015,Canoe,T1,oc2cruiser,NA,0,1663,1533,98,169,15,163,susquehanna70,NA,NA,Jeff Kuhn,Kuhn Jeff,Alexandria,VA,USA,NA,DNS
2015,Canoe,T1,oc2cruiser,NA,0,1663,1533,98,169,15,163,susquehanna70,NA,NA,Phillip Rogers,Rogers Phillip,Arlington,VA,USA,NA,DNS
2014,Canoe,J8,oc1,NA,0,1664,1534,46,194,9,187,susquehanna70,NA,burtonst01,Stephen Burton,Burton Stephen,Scotia,NY,USA,NA,DNS
2016,Canoe,C5,oc2rec,NA,0,1665,1535,44,191,7,170,susquehanna70,NA,NA,John Bugyi,Bugyi John,New Lisbon,NY,USA,NA,DNF
2016,Canoe,C5,oc2rec,NA,0,1665,1535,44,191,7,170,susquehanna70,NA,NA,Mike Silicato,Silicato Mike,Garrattsville,NY,USA,NA,DNF
2016,Canoe,C7,oc2rec,NA,0,1666,1536,45,192,8,171,susquehanna70,NA,NA,Andy Race,Race Andy,Syracuse,NY,USA,NA,DNF
2016,Canoe,C7,oc2rec,NA,0,1666,1536,45,192,8,171,susquehanna70,NA,NA,Joshua Race,Race Joshua,Syracuse,NY,USA,NA,DNF
2014,Canoe,L5,oc1master,NA,0,1667,1537,98,195,16,188,susquehanna70,NA,lancasja01,Jay Lancaster,Lancaster Jay,Darlington,WI,USA,NA,DNF
2014,Canoe,L9,oc1master,NA,0,1668,1538,99,196,17,189,susquehanna70,NA,winterma01,Mark Winter,Winter Mark,Bloomingdale,NY,USA,NA,DNF
2014,Canoe,L1,oc1master,NA,0,1669,1539,100,197,18,190,susquehanna70,NA,pylegr01,Greg Pyle,Pyle Greg,Bedford,PA,USA,NA,DNS
2016,Canoe,E4,oc2stock,NA,0,1670,1540,146,193,15,172,susquehanna70,NA,harrisjo01,John Harrison,Harrison John,Oneonta,NY,USA,NA,DNF
2016,Canoe,E4,oc2stock,NA,0,1670,1540,146,193,15,172,susquehanna70,NA,maierjo01,John Maier,Maier John,Otego,NY,USA,NA,DNF
2016,Canoe,E10,oc2stock,NA,0,1671,1541,147,194,16,173,susquehanna70,NA,jesterbr01,Brian Jester,Jester Brian,Vestal,NY,USA,NA,DNS
2016,Canoe,E10,oc2stock,NA,0,1671,1541,147,194,16,173,susquehanna70,NA,eichlest01,Steve Eichler,Eichler Steve,Oneonta,NY,USA,NA,DNS
2016,Canoe,E18,oc2stock,NA,0,1672,1542,148,195,17,174,susquehanna70,NA,coddinbr01,Bruce Coddington,Coddington Bruce,Sidney,NY,USA,NA,DNS
2016,Canoe,E18,oc2stock,NA,0,1672,1542,148,195,17,174,susquehanna70,NA,koptama01,Mark Kopta,Kopta Mark,Clymer,NY,USA,NA,DNS
2019,Canoe,T3,oc2cruiser,NA,0,1673,1543,99,184,12,156,susquehanna70,NA,thielra01,Ray Thiel,Thiel Ray,Voluntown,CT,USA,NA,DNF
2019,Canoe,T3,oc2cruiser,NA,0,1673,1543,99,184,12,156,susquehanna70,NA,kenyonte01,Ted Kenyon,Kenyon Ted,Montville,CT,USA,NA,DNF
2019,Canoe,T16,oc2cruiser,NA,0,1674,1544,100,185,13,157,susquehanna70,NA,koptafr01,Fran Kopta,Kopta Fran,Sherman,NY,USA,NA,DNF
2019,Canoe,T16,oc2cruiser,NA,0,1674,1544,100,185,13,157,susquehanna70,NA,koptama01,Mark Kopta,Kopta Mark,Clymer,NY,USA,NA,DNF
2016,Unknown,G5,open,NA,0,1675,93,70,196,20,20,susquehanna70,NA,NA,Eric Desbonner,Desbonner Eric,Milford,NY,USA,NA,DNF
2014,Canoe,P24,oc2pro,NA,0,1676,1545,433,198,33,191,susquehanna70,Mixed,rossem01,Emma Ross,Ross Emma,Orange,MA,USA,NA,DNF
2014,Canoe,P24,oc2pro,NA,0,1676,1545,433,198,33,191,susquehanna70,Mixed,ellswoth01,Thomas Ellsworth,Ellsworth Thomas,Orange,MA,USA,NA,DNF
2016,Unknown,G13,open,NA,0,1677,94,71,197,21,21,susquehanna70,NA,NA,Molly Hatfield,Hatfield Molly,Wolutt,VT,USA,NA,DNF
2016,Unknown,G13,open,NA,0,1677,94,71,197,21,21,susquehanna70,NA,hatfiest01,Steve Hatfield,Hatfield Steve,Schenevus,NY,USA,NA,DNF
2014,Canoe,P3,oc2pro,NA,0,1678,1546,434,199,34,192,susquehanna70,Mens Under 50,NA,Sawyer Harris,Harris Sawyer,Traverse City,MI,USA,NA,DNF
2014,Canoe,P3,oc2pro,NA,0,1678,1546,434,199,34,192,susquehanna70,Mens Under 50,brabanse01,Sean Brabant,Brabant Sean,Kalamazoo,MI,USA,NA,DNF
2016,Unknown,G20,open,NA,0,1679,95,72,198,22,22,susquehanna70,NA,NA,Janice Whaley,Whaley Janice,Wesley Chapel,FL,USA,NA,DNF
2014,Canoe,P31,oc2pro,NA,0,1680,1547,435,200,35,193,susquehanna70,Mens 50 & Over,lepagest01,Steve Lepage,Lepage Steve,St Georges De Champlain,QC,CAN,NA,DNS
2014,Canoe,P31,oc2pro,NA,0,1680,1547,435,200,35,193,susquehanna70,Mens 50 & Over,NA,Yves Prouix,Prouix Yves,Shawinigan-Sud,QC,CAN,NA,DNS
2016,Unknown,G21,open,NA,0,1681,96,73,199,23,23,susquehanna70,NA,NA,Chris Boushier,Boushier Chris,Hume,VA,USA,NA,DNF
2016,Unknown,G21,open,NA,0,1681,96,73,199,23,23,susquehanna70,NA,dannja01,James Dann,Dann James,Endwell,NY,USA,NA,DNF
2016,Canoe,J5,oc1,NA,0,1682,1548,47,200,4,175,susquehanna70,NA,whalanje01,Jerry Whaland,Whaland Jerry,Hubbardston,MA,USA,NA,DNF
2016,Canoe,J2,oc1,NA,0,1683,1549,48,201,5,176,susquehanna70,NA,burtonst01,Stephen Burton,Burton Stephen,Scotia,NY,USA,NA,DNS
2016,Kayak,KL1,k1unlimited,NA,0,1684,39,39,202,3,3,susquehanna70,NA,NA,Michael Hildebrandt,Hildebrandt Michael,Sayre,PA,USA,NA,DNF
2016,Kayak,KL2,k1unlimited,NA,0,1685,40,40,203,4,4,susquehanna70,NA,NA,Rachel Sason,Sason Rachel,Franklin,NY,USA,NA,DNF
2016,Kayak,KL3,k1unlimited,NA,0,1686,41,41,204,5,5,susquehanna70,NA,NA,Kathryn Dailey,Dailey Kathryn,Oneonta,NY,USA,NA,DNF
2014,Canoe,S5,oc1pro,NA,0,1687,1550,73,201,7,194,susquehanna70,NA,arenzde01,Devin Arenz,Arenz Devin,St Paul,MN,USA,NA,DNS
2016,Canoe,L10,oc1master,NA,0,1688,1551,101,205,14,177,susquehanna70,NA,daldegvi01,Vick Daldegan,Daldegan Vick,Worcester,NY,USA,NA,DNF
2016,Canoe,L12,oc1master,NA,0,1689,1552,102,206,15,178,susquehanna70,NA,hindleni01,Nick Hindley,Hindley Nick,Honesdale,PA,USA,NA,DNS
2016,Canoe,R2,oc1stock,NA,0,1690,1553,37,207,5,179,susquehanna70,NA,lomasnjo01,John Lomasney,Lomasney John,Apalachin,NY,USA,NA,DNS
2016,Canoe,S3,oc1pro,NA,0,1691,1554,74,208,7,180,susquehanna70,NA,youngjo01,John Young,Young John,Portlandville,NY,USA,NA,DNF
2016,Canoe,S6,oc1pro,NA,0,1692,1555,75,209,8,181,susquehanna70,NA,runyonjo01,Jody Runyon,Runyon Jody,Tamaroa,IL,USA,NA,DNF
2016,Canoe,S1,oc1pro,NA,0,1693,1556,76,210,9,182,susquehanna70,NA,blaisfr01,Frederic Blais,Blais Frederic,Shawinigan,QC,CAN,NA,DNS
2019,Canoe,P39,oc2pro,NA,0,1694,1557,436,186,42,158,susquehanna70,NA,NA,Allan Rudquist,Rudquist Allan,Grand Rapids,MN,USA,NA,DNF
2019,Canoe,P39,oc2pro,NA,0,1694,1557,436,186,42,158,susquehanna70,NA,NA,Michael Fries,Fries Michael,Westernville,NY,USA,NA,DNF
2015,Canoe,A1,oc2stockalum,NA,0,1695,1558,67,170,9,164,susquehanna70,NA,NA,Nicholas Howell,Howell Nicholas,Brooklyn,NY,USA,NA,DNS
2015,Canoe,A1,oc2stockalum,NA,0,1695,1558,67,170,9,164,susquehanna70,NA,NA,Patrick Howell,Howell Patrick,Brooklyn,NY,USA,NA,DNS
2016,Canoe,X1,oc2cruisermix,NA,0,1696,1559,126,211,18,183,susquehanna70,NA,perrinja01,Jan Perrin,Perrin Jan,Janesville,WI,USA,NA,DNF
2016,Canoe,X1,oc2cruisermix,NA,0,1696,1559,126,211,18,183,susquehanna70,NA,cramerto01,Tommy Cramer,Cramer Tommy,Rock Rapids,IA,USA,NA,DNF
2015,Canoe,E14,oc2stock,NA,0,1697,1560,149,171,19,165,susquehanna70,NA,NA,Charles Newcomb,Newcomb Charles,Malone,NY,USA,NA,DNF
2015,Canoe,E14,oc2stock,NA,0,1697,1560,149,171,19,165,susquehanna70,NA,selkirch01,Chris Selkirk,Selkirk Chris,Mechanicville,NY,USA,NA,DNF
2016,Canoe,X14,oc2cruisermix,NA,0,1698,1561,127,212,19,184,susquehanna70,NA,mcnameka01,Kathleen McNamee,McNamee Kathleen,Arlington,VA,USA,NA,DNS
2016,Canoe,X14,oc2cruisermix,NA,0,1698,1561,127,212,19,184,susquehanna70,NA,rhodeswi01,William Rhodes,Rhodes William,Columbia,MD,USA,NA,DNS
2015,Canoe,E10,oc2stock,NA,0,1699,1562,150,172,20,166,susquehanna70,NA,keanmi01,Michael Kean,Kean Michael,Rome,NY,USA,NA,DNS
2015,Canoe,E10,oc2stock,NA,0,1699,1562,150,172,20,166,susquehanna70,NA,NA,Michael Pocchairi,Pocchairi Michael,Ava,NY,USA,NA,DNS
2015,Canoe,G6,open,NA,0,1700,1563,74,173,16,167,susquehanna70,NA,NA,Steven Marks,Marks Steven,Bloomsburg,PA,USA,NA,DNS
2015,Canoe,G9,open,NA,0,1701,1564,75,174,17,168,susquehanna70,NA,mcduffly01,Lynne McDuffie,McDuffie Lynne,Robbins,NC,USA,NA,DNS
2015,Canoe,G9,open,NA,0,1701,1564,75,174,17,168,susquehanna70,NA,mcduffwi01,William McDuffie,McDuffie William,Robbins,NC,USA,NA,DNS
2015,Kayak,KL3,k1unlimited,NA,0,1702,42,42,175,7,7,susquehanna70,NA,phillija01,Jim Phillips,Phillips Jim,Bergen,NY,USA,NA,DNS
2015,Kayak,KL5,k1unlimited,NA,0,1703,43,43,176,8,8,susquehanna70,NA,NA,Peter Mahunik,Mahunik Peter,Homer,NY,USA,NA,DNS
